revision_id,product_sk,mrp,selling_price,effective_from,effective_to
500001,1001,98.5,87.95,2022-01-01,2023-10-12
500002,1001,109.26,97.55,2023-10-13,2023-11-08
500003,1001,115.86,103.45,2023-11-09,2024-06-13
500004,1001,128.09,114.37,2024-06-14,9999-12-31
500005,1002,134.34,119.95,2022-01-01,2023-09-18
500006,1002,144.95,129.42,2023-09-19,2024-05-23
500007,1002,167.18,149.27,2024-05-24,2024-07-27
500008,1002,173.67,155.06,2024-07-28,9999-12-31
500009,1003,70.5,62.95,2022-01-01,2024-04-13
500010,1003,72.68,64.89,2024-04-14,2024-09-25
500011,1003,83.61,74.65,2024-09-26,9999-12-31
500012,1004,335.94,299.95,2022-01-01,2023-07-08
500013,1004,332.46,296.84,2023-07-09,2024-01-29
500014,1004,341.19,304.63,2024-01-30,2024-10-22
500015,1004,353.82,315.91,2024-10-23,9999-12-31
500016,1005,810.82,723.95,2022-01-01,2023-07-17
500017,1005,898.55,802.28,2023-07-18,2023-07-18
500018,1005,854.69,763.12,2023-07-19,2024-07-12
500019,1005,928.05,828.62,2024-07-13,9999-12-31
500020,1006,1421.22,1268.95,2022-01-01,2023-07-25
500021,1006,1631.36,1456.57,2023-07-26,2024-04-25
500022,1006,1872.19,1671.6,2024-04-26,2024-05-21
500023,1006,2027.63,1810.38,2024-05-22,9999-12-31
500024,1007,755.94,674.95,2022-01-01,2023-04-07
500025,1007,689.58,615.7,2023-04-08,2023-07-19
500026,1007,725.8,648.04,2023-07-20,2023-11-20
500027,1007,748.26,668.09,2023-11-21,2024-02-15
500028,1007,825.5,737.05,2024-02-16,9999-12-31
500029,1008,74.98,66.95,2022-01-01,2024-06-19
500030,1008,79.2,70.71,2024-06-20,2024-07-16
500031,1008,73.44,65.57,2024-07-17,2024-08-07
500032,1008,77.2,68.93,2024-08-08,9999-12-31
500033,1009,241.86,215.95,2022-01-01,2024-07-20
500034,1009,239.1,213.48,2024-07-21,2024-09-24
500035,1009,247.23,220.74,2024-09-25,2024-10-21
500036,1009,261.4,233.39,2024-10-22,9999-12-31
500037,1010,277.7,247.95,2022-01-01,2023-05-14
500038,1010,281.37,251.22,2023-05-15,9999-12-31
500039,1011,61.54,54.95,2022-01-01,2024-01-26
500040,1011,64.71,57.78,2024-01-27,9999-12-31
500041,1012,184.74,164.95,2022-01-01,2023-04-03
500042,1012,203.19,181.42,2023-04-04,2024-07-11
500043,1012,204.76,182.82,2024-07-12,2024-08-09
500044,1012,194.82,173.95,2024-08-10,9999-12-31
500045,1013,99.62,88.95,2022-01-01,2024-10-02
500046,1013,99.68,89.0,2024-10-03,9999-12-31
500047,1014,104.1,92.95,2022-01-01,2024-10-03
500048,1014,112.64,100.57,2024-10-04,9999-12-31
500049,1015,379.62,338.95,2022-01-01,2023-12-17
500050,1015,387.87,346.31,2023-12-18,2024-03-12
500051,1015,419.24,374.32,2024-03-13,2024-09-02
500052,1015,467.97,417.83,2024-09-03,2024-09-25
500053,1015,487.63,435.38,2024-09-26,9999-12-31
500054,1016,262.02,233.95,2022-01-01,2023-03-26
500055,1016,281.62,251.45,2023-03-27,2023-09-22
500056,1016,296.08,264.36,2023-09-23,2023-10-21
500057,1016,321.91,287.42,2023-10-22,2024-06-17
500058,1016,357.12,318.86,2024-06-18,9999-12-31
500059,1017,102.98,91.95,2022-01-01,2024-07-25
500060,1017,101.21,90.37,2024-07-26,2024-10-21
500061,1017,106.57,95.15,2024-10-22,9999-12-31
500062,1018,110.82,98.95,2022-01-01,2023-11-18
500063,1018,114.68,102.39,2023-11-19,2024-06-15
500064,1018,120.59,107.67,2024-06-16,2024-11-01
500065,1018,126.65,113.08,2024-11-02,9999-12-31
500066,1019,713.38,636.95,2022-01-01,2024-03-27
500067,1019,699.52,624.57,2024-03-28,2024-06-29
500068,1019,747.97,667.83,2024-06-30,9999-12-31
500069,1020,79.46,70.95,2022-01-01,2023-11-17
500070,1020,75.79,67.67,2023-11-18,2024-04-23
500071,1020,71.14,63.52,2024-04-24,2024-09-10
500072,1020,80.96,72.29,2024-09-11,9999-12-31
500073,1021,64.9,57.95,2022-01-01,2024-05-01
500074,1021,69.64,62.18,2024-05-02,2024-08-29
500075,1021,68.81,61.44,2024-08-30,2024-10-20
500076,1021,65.02,58.05,2024-10-21,9999-12-31
500077,1022,294.5,262.95,2022-01-01,2023-10-06
500078,1022,314.5,280.8,2023-10-07,9999-12-31
500079,1023,1499.62,1338.95,2022-01-01,2023-02-01
500080,1023,1619.2,1445.71,2023-02-02,2023-11-16
500081,1023,1750.64,1563.07,2023-11-17,2023-12-01
500082,1023,1765.48,1576.32,2023-12-02,2024-10-10
500083,1023,1712.07,1528.63,2024-10-11,9999-12-31
500084,1024,684.26,610.95,2022-01-01,2023-04-06
500085,1024,692.17,618.01,2023-04-07,2023-07-27
500086,1024,650.87,581.13,2023-07-28,2024-05-09
500087,1024,664.54,593.34,2024-05-10,2024-07-17
500088,1024,666.3,594.91,2024-07-18,9999-12-31
500089,1025,192.58,171.95,2022-01-01,2023-02-26
500090,1025,192.32,171.71,2023-02-27,2024-05-12
500091,1025,220.21,196.62,2024-05-13,2024-09-10
500092,1025,230.13,205.47,2024-09-11,9999-12-31
500093,1026,393.06,350.95,2022-01-01,2023-03-25
500094,1026,436.6,389.82,2023-03-26,2023-07-13
500095,1026,434.58,388.02,2023-07-14,2023-12-13
500096,1026,478.42,427.16,2023-12-14,2024-05-28
500097,1026,537.98,480.34,2024-05-29,9999-12-31
500098,1027,1532.1,1367.95,2022-01-01,2023-02-02
500099,1027,1528.31,1364.56,2023-02-03,2023-03-09
500100,1027,1597.24,1426.11,2023-03-10,2024-08-30
500101,1027,1672.27,1493.1,2024-08-31,2024-10-24
500102,1027,1642.1,1466.16,2024-10-25,9999-12-31
500103,1028,39.14,34.95,2022-01-01,2023-03-27
500104,1028,41.17,36.76,2023-03-28,2023-06-02
500105,1028,42.88,38.29,2023-06-03,2023-08-06
500106,1028,47.5,42.41,2023-08-07,2024-09-24
500107,1028,52.4,46.79,2024-09-25,9999-12-31
500108,1029,143.3,127.95,2022-01-01,2023-06-01
500109,1029,166.72,148.86,2023-06-02,2023-06-26
500110,1029,163.54,146.02,2023-06-27,2023-09-21
500111,1029,175.46,156.66,2023-09-22,2024-10-04
500112,1029,182.25,162.72,2024-10-05,9999-12-31
500113,1030,270.98,241.95,2022-01-01,2024-08-14
500114,1030,304.75,272.1,2024-08-15,9999-12-31
500115,1031,1200.58,1071.95,2022-01-01,2024-02-10
500116,1031,1202.77,1073.9,2024-02-11,9999-12-31
500117,1032,157.86,140.95,2022-01-01,2024-09-06
500118,1032,156.67,139.88,2024-09-07,9999-12-31
500119,1033,86.18,76.95,2022-01-01,2024-02-02
500120,1033,87.42,78.05,2024-02-03,2024-09-07
500121,1033,89.21,79.65,2024-09-08,2024-10-17
500122,1033,88.73,79.22,2024-10-18,9999-12-31
500123,1034,66.02,58.95,2022-01-01,2024-01-22
500124,1034,70.48,62.93,2024-01-23,2024-03-04
500125,1034,75.12,67.07,2024-03-05,9999-12-31
500126,1035,395.3,352.95,2022-01-01,2024-07-02
500127,1035,398.57,355.87,2024-07-03,2024-09-08
500128,1035,403.38,360.16,2024-09-09,9999-12-31
500129,1036,590.18,526.95,2022-01-01,2024-04-04
500130,1036,610.3,544.91,2024-04-05,9999-12-31
500131,1037,1140.1,1017.95,2022-01-01,2023-09-07
500132,1037,1299.22,1160.02,2023-09-08,2024-01-14
500133,1037,1389.27,1240.42,2024-01-15,2024-01-27
500134,1037,1400.35,1250.31,2024-01-28,9999-12-31
500135,1038,1007.94,899.95,2022-01-01,2023-12-26
500136,1038,1060.81,947.15,2023-12-27,2024-02-09
500137,1038,1077.32,961.89,2024-02-10,2024-02-24
500138,1038,1259.1,1124.2,2024-02-25,2024-08-26
500139,1038,1254.77,1120.33,2024-08-27,9999-12-31
500140,1039,207.14,184.95,2022-01-01,2024-02-05
500141,1039,220.64,197.0,2024-02-06,9999-12-31
500142,1040,937.38,836.95,2022-01-01,2023-05-11
500143,1040,1021.59,912.13,2023-05-12,2023-07-07
500144,1040,1074.88,959.71,2023-07-08,2023-08-19
500145,1040,1049.85,937.37,2023-08-20,2024-05-10
500146,1040,1081.43,965.56,2024-05-11,9999-12-31
500147,1041,503.94,449.95,2022-01-01,2024-08-21
500148,1041,543.35,485.13,2024-08-22,9999-12-31
500149,1042,245.22,218.95,2022-01-01,2024-10-27
500150,1042,269.3,240.45,2024-10-28,9999-12-31
500151,1043,58.18,51.95,2022-01-01,2023-02-12
500152,1043,53.61,47.87,2023-02-13,2024-05-18
500153,1043,56.22,50.2,2024-05-19,2024-05-19
500154,1043,60.42,53.95,2024-05-20,9999-12-31
500155,1044,847.78,756.95,2022-01-01,2024-01-22
500156,1044,810.97,724.08,2024-01-23,2024-02-01
500157,1044,864.43,771.81,2024-02-02,9999-12-31
500158,1045,304.58,271.95,2022-01-01,2023-04-21
500159,1045,310.84,277.54,2023-04-22,2024-06-17
500160,1045,324.03,289.31,2024-06-18,2024-08-13
500161,1045,357.91,319.56,2024-08-14,2024-09-12
500162,1045,368.1,328.66,2024-09-13,9999-12-31
500163,1046,50.34,44.95,2022-01-01,2023-05-04
500164,1046,53.82,48.05,2023-05-05,2024-10-07
500165,1046,61.57,54.97,2024-10-08,9999-12-31
500166,1047,46.98,41.95,2022-01-01,2023-04-09
500167,1047,49.88,44.54,2023-04-10,2024-05-18
500168,1047,53.52,47.79,2024-05-19,9999-12-31
500169,1048,195.94,174.95,2022-01-01,2024-01-19
500170,1048,211.42,188.77,2024-01-20,9999-12-31
500171,1049,290.02,258.95,2022-01-01,2023-05-05
500172,1049,294.16,262.64,2023-05-06,2023-07-24
500173,1049,302.47,270.06,2023-07-25,2023-12-18
500174,1049,312.32,278.86,2023-12-19,2024-04-11
500175,1049,335.99,299.99,2024-04-12,9999-12-31
500176,1050,536.42,478.95,2022-01-01,2024-08-14
500177,1050,575.62,513.95,2024-08-15,2024-10-20
500178,1050,591.25,527.9,2024-10-21,9999-12-31
500179,1051,207.14,184.95,2022-01-01,2023-03-11
500180,1051,210.62,188.05,2023-03-12,2023-05-17
500181,1051,204.55,182.63,2023-05-18,9999-12-31
500182,1052,282.18,251.95,2022-01-01,2023-06-23
500183,1052,304.38,271.77,2023-06-24,2023-10-20
500184,1052,282.89,252.58,2023-10-21,2024-01-09
500185,1052,303.4,270.89,2024-01-10,2024-10-26
500186,1052,316.74,282.8,2024-10-27,9999-12-31
500187,1053,502.82,448.95,2022-01-01,2023-11-16
500188,1053,528.06,471.48,2023-11-17,2023-11-27
500189,1053,606.86,541.84,2023-11-28,2024-03-21
500190,1053,602.45,537.9,2024-03-22,9999-12-31
500191,1054,141.06,125.95,2022-01-01,2023-11-19
500192,1054,153.15,136.74,2023-11-20,2023-11-23
500193,1054,162.11,144.74,2023-11-24,2024-01-07
500194,1054,183.06,163.45,2024-01-08,9999-12-31
500195,1055,147.78,131.95,2022-01-01,2023-06-05
500196,1055,151.19,134.99,2023-06-06,2024-01-27
500197,1055,152.97,136.58,2024-01-28,9999-12-31
500198,1056,101.86,90.95,2022-01-01,2023-10-16
500199,1056,110.68,98.82,2023-10-17,2024-01-15
500200,1056,117.4,104.82,2024-01-16,2024-07-02
500201,1056,130.33,116.37,2024-07-03,9999-12-31
500202,1057,339.3,302.95,2022-01-01,2024-01-23
500203,1057,358.8,320.36,2024-01-24,9999-12-31
500204,1058,72.74,64.95,2022-01-01,2024-01-01
500205,1058,77.69,69.37,2024-01-02,2024-02-05
500206,1058,80.34,71.73,2024-02-06,2024-10-30
500207,1058,80.4,71.79,2024-10-31,9999-12-31
500208,1059,372.9,332.95,2022-01-01,2023-08-13
500209,1059,368.11,328.67,2023-08-14,2023-09-29
500210,1059,383.19,342.13,2023-09-30,2024-04-14
500211,1059,435.34,388.7,2024-04-15,2024-05-25
500212,1059,487.42,435.2,2024-05-26,9999-12-31
500213,1060,229.54,204.95,2022-01-01,2024-10-14
500214,1060,239.65,213.97,2024-10-15,9999-12-31
500215,1061,133.22,118.95,2022-01-01,2023-11-18
500216,1061,145.53,129.94,2023-11-19,2024-03-11
500217,1061,141.16,126.04,2024-03-12,2024-05-18
500218,1061,136.15,121.56,2024-05-19,9999-12-31
500219,1062,135.46,120.95,2022-01-01,2023-08-08
500220,1062,136.88,122.21,2023-08-09,2023-10-18
500221,1062,137.57,122.83,2023-10-19,2024-09-04
500222,1062,148.88,132.93,2024-09-05,2024-10-12
500223,1062,168.94,150.84,2024-10-13,9999-12-31
500224,1063,67.14,59.95,2022-01-01,2023-09-23
500225,1063,72.13,64.4,2023-09-24,2024-08-01
500226,1063,74.54,66.55,2024-08-02,9999-12-31
500227,1064,470.34,419.95,2022-01-01,2024-10-02
500228,1064,570.4,509.29,2024-10-03,9999-12-31
500229,1065,200.42,178.95,2022-01-01,2023-05-25
500230,1065,208.58,186.23,2023-05-26,2023-09-12
500231,1065,211.18,188.55,2023-09-13,2023-12-21
500232,1065,219.23,195.74,2023-12-22,2024-06-30
500233,1065,232.19,207.31,2024-07-01,9999-12-31
500234,1066,1063.94,949.95,2022-01-01,2024-02-22
500235,1066,1100.37,982.47,2024-02-23,9999-12-31
500236,1067,266.5,237.95,2022-01-01,2023-02-22
500237,1067,279.44,249.5,2023-02-23,2023-05-26
500238,1067,293.34,261.91,2023-05-27,2023-08-04
500239,1067,315.59,281.78,2023-08-05,2024-07-30
500240,1067,325.44,290.57,2024-07-31,9999-12-31
500241,1068,52.58,46.95,2022-01-01,2024-05-20
500242,1068,55.78,49.8,2024-05-21,2024-08-04
500243,1068,56.12,50.11,2024-08-05,2024-09-17
500244,1068,55.98,49.98,2024-09-18,9999-12-31
500245,1069,365.06,325.95,2022-01-01,2023-11-19
500246,1069,383.63,342.53,2023-11-20,2024-08-13
500247,1069,384.07,342.92,2024-08-14,9999-12-31
500248,1070,918.34,819.95,2022-01-01,2024-06-14
500249,1070,1045.37,933.37,2024-06-15,9999-12-31
500250,1071,70.5,62.95,2022-01-01,2023-11-20
500251,1071,72.26,64.52,2023-11-21,2024-05-08
500252,1071,75.4,67.32,2024-05-09,9999-12-31
500253,1072,263.14,234.95,2022-01-01,2024-08-18
500254,1072,289.09,258.12,2024-08-19,9999-12-31
500255,1073,151.14,134.95,2022-01-01,2023-12-28
500256,1073,160.59,143.38,2023-12-29,2024-04-02
500257,1073,173.05,154.51,2024-04-03,2024-08-11
500258,1073,170.06,151.84,2024-08-12,2024-10-17
500259,1073,160.8,143.57,2024-10-18,9999-12-31
500260,1074,431.14,384.95,2022-01-01,2024-01-01
500261,1074,456.44,407.54,2024-01-02,2024-08-22
500262,1074,495.78,442.66,2024-08-23,9999-12-31
500263,1075,436.74,389.95,2022-01-01,2023-06-30
500264,1075,435.14,388.52,2023-07-01,2023-10-02
500265,1075,409.48,365.61,2023-10-03,9999-12-31
500266,1076,666.34,594.95,2022-01-01,2023-09-04
500267,1076,606.26,541.3,2023-09-05,2024-02-04
500268,1076,612.01,546.44,2024-02-05,2024-02-21
500269,1076,698.12,623.32,2024-02-22,2024-09-10
500270,1076,667.41,595.9,2024-09-11,9999-12-31
500271,1077,534.18,476.95,2022-01-01,2023-05-26
500272,1077,545.08,486.68,2023-05-27,2023-08-30
500273,1077,568.78,507.84,2023-08-31,2023-12-31
500274,1077,528.1,471.52,2024-01-01,9999-12-31
500275,1078,136.58,121.95,2022-01-01,2023-06-03
500276,1078,137.83,123.06,2023-06-04,9999-12-31
500277,1079,338.18,301.95,2022-01-01,2024-07-28
500278,1079,358.88,320.43,2024-07-29,9999-12-31
500279,1080,441.22,393.95,2022-01-01,2023-03-17
500280,1080,477.83,426.63,2023-03-18,2023-04-09
500281,1080,477.4,426.25,2023-04-10,2023-07-11
500282,1080,487.23,435.03,2023-07-12,9999-12-31
500283,1081,178.02,158.95,2022-01-01,2023-07-22
500284,1081,197.79,176.6,2023-07-23,2023-08-18
500285,1081,215.79,192.67,2023-08-19,2024-04-25
500286,1081,198.07,176.85,2024-04-26,2024-11-11
500287,1081,202.61,180.9,2024-11-12,9999-12-31
500288,1082,132.1,117.95,2022-01-01,2024-08-01
500289,1082,151.18,134.98,2024-08-02,9999-12-31
500290,1083,311.3,277.95,2022-01-01,2024-08-18
500291,1083,336.11,300.1,2024-08-19,9999-12-31
500292,1084,152.26,135.95,2022-01-01,2023-10-24
500293,1084,168.34,150.3,2023-10-25,2024-01-31
500294,1084,178.89,159.72,2024-02-01,2024-09-09
500295,1084,184.12,164.39,2024-09-10,2024-11-05
500296,1084,191.15,170.67,2024-11-06,9999-12-31
500297,1085,30.18,26.95,2022-01-01,2023-02-10
500298,1085,30.71,27.42,2023-02-11,2024-03-15
500299,1085,32.91,29.38,2024-03-16,2024-09-13
500300,1085,36.27,32.38,2024-09-14,9999-12-31
500301,1086,432.26,385.95,2022-01-01,2023-10-24
500302,1086,435.29,388.65,2023-10-25,2024-08-04
500303,1086,453.4,404.82,2024-08-05,9999-12-31
500304,1087,160.1,142.95,2022-01-01,2023-05-02
500305,1087,158.01,141.08,2023-05-03,2023-06-07
500306,1087,172.09,153.65,2023-06-08,2023-12-02
500307,1087,173.15,154.6,2023-12-03,2024-11-10
500308,1087,187.49,167.4,2024-11-11,9999-12-31
500309,1088,90.66,80.95,2022-01-01,2023-09-08
500310,1088,86.15,76.92,2023-09-09,2024-01-04
500311,1088,85.27,76.13,2024-01-05,2024-10-12
500312,1088,84.88,75.79,2024-10-13,9999-12-31
500313,1089,231.78,206.95,2022-01-01,2023-12-16
500314,1089,253.69,226.51,2023-12-17,2024-03-07
500315,1089,257.02,229.48,2024-03-08,2024-03-22
500316,1089,235.98,210.7,2024-03-23,9999-12-31
500317,1090,465.86,415.95,2022-01-01,2024-07-24
500318,1090,493.12,440.29,2024-07-25,9999-12-31
500319,1091,248.58,221.95,2022-01-01,2023-01-31
500320,1091,280.21,250.19,2023-02-01,2023-04-06
500321,1091,302.32,269.93,2023-04-07,2023-10-01
500322,1091,312.57,279.08,2023-10-02,2023-10-16
500323,1091,371.34,331.55,2023-10-17,9999-12-31
500324,1092,370.66,330.95,2022-01-01,2024-08-27
500325,1092,406.87,363.28,2024-08-28,2024-09-25
500326,1092,425.02,379.48,2024-09-26,9999-12-31
500327,1093,664.1,592.95,2022-01-01,2023-03-19
500328,1093,646.0,576.79,2023-03-20,2023-08-01
500329,1093,663.62,592.52,2023-08-02,2024-07-19
500330,1093,703.8,628.39,2024-07-20,2024-11-05
500331,1093,693.24,618.96,2024-11-06,9999-12-31
500332,1094,49.22,43.95,2022-01-01,2024-06-05
500333,1094,50.92,45.46,2024-06-06,9999-12-31
500334,1095,52.58,46.95,2022-01-01,2024-01-29
500335,1095,56.59,50.53,2024-01-30,9999-12-31
500336,1096,309.06,275.95,2022-01-01,2023-10-20
500337,1096,309.28,276.14,2023-10-21,2023-10-27
500338,1096,314.82,281.09,2023-10-28,2024-08-24
500339,1096,341.72,305.11,2024-08-25,9999-12-31
500340,1097,255.3,227.95,2022-01-01,2024-09-06
500341,1097,286.91,256.17,2024-09-07,9999-12-31
500342,1098,329.22,293.95,2022-01-01,2023-06-21
500343,1098,341.12,304.57,2023-06-22,2023-09-14
500344,1098,364.31,325.28,2023-09-15,2024-07-30
500345,1098,378.29,337.76,2024-07-31,9999-12-31
500346,1099,856.74,764.95,2022-01-01,2023-11-10
500347,1099,881.91,787.42,2023-11-11,2024-10-24
500348,1099,896.24,800.21,2024-10-25,9999-12-31
500349,1100,94.02,83.95,2022-01-01,2024-01-02
500350,1100,110.94,99.05,2024-01-03,2024-06-09
500351,1100,124.82,111.45,2024-06-10,2024-07-17
500352,1100,120.09,107.22,2024-07-18,9999-12-31
500353,1101,183.62,163.95,2022-01-01,2023-10-28
500354,1101,183.97,164.26,2023-10-29,2024-07-28
500355,1101,191.63,171.1,2024-07-29,9999-12-31
500356,1102,102.98,91.95,2022-01-01,2024-01-19
500357,1102,103.28,92.21,2024-01-20,2024-03-02
500358,1102,108.36,96.75,2024-03-03,2024-05-22
500359,1102,113.38,101.23,2024-05-23,9999-12-31
500360,1103,566.66,505.95,2022-01-01,2024-07-19
500361,1103,599.85,535.58,2024-07-20,2024-10-14
500362,1103,628.9,561.52,2024-10-15,9999-12-31
500363,1104,273.22,243.95,2022-01-01,2023-07-03
500364,1104,315.83,281.99,2023-07-04,2023-12-02
500365,1104,321.81,287.33,2023-12-03,2024-07-27
500366,1104,369.79,330.17,2024-07-28,9999-12-31
500367,1105,276.58,246.95,2022-01-01,2023-05-01
500368,1105,300.5,268.3,2023-05-02,2024-04-19
500369,1105,285.34,254.77,2024-04-20,9999-12-31
500370,1106,744.74,664.95,2022-01-01,2023-10-12
500371,1106,784.97,700.87,2023-10-13,9999-12-31
500372,1107,69.38,61.95,2022-01-01,2023-05-29
500373,1107,76.4,68.21,2023-05-30,2023-06-20
500374,1107,69.29,61.87,2023-06-21,2024-08-23
500375,1107,75.12,67.07,2024-08-24,9999-12-31
500376,1108,83.94,74.95,2022-01-01,2024-01-20
500377,1108,91.68,81.86,2024-01-21,2024-02-10
500378,1108,96.03,85.74,2024-02-11,2024-04-09
500379,1108,102.59,91.6,2024-04-10,9999-12-31
500380,1109,58.18,51.95,2022-01-01,2023-09-08
500381,1109,59.24,52.89,2023-09-09,2023-11-27
500382,1109,58.08,51.86,2023-11-28,2024-01-09
500383,1109,57.41,51.26,2024-01-10,9999-12-31
500384,1110,302.34,269.95,2022-01-01,2024-08-08
500385,1110,310.49,277.22,2024-08-09,9999-12-31
500386,1111,788.42,703.95,2022-01-01,2024-08-20
500387,1111,864.61,771.97,2024-08-21,2024-08-22
500388,1111,919.35,820.85,2024-08-23,9999-12-31
500389,1112,685.38,611.95,2022-01-01,2024-09-28
500390,1112,733.59,654.99,2024-09-29,9999-12-31
500391,1113,221.7,197.95,2022-01-01,2024-02-25
500392,1113,235.2,210.0,2024-02-26,2024-05-14
500393,1113,230.48,205.79,2024-05-15,9999-12-31
500394,1114,42.5,37.95,2022-01-01,2023-06-03
500395,1114,44.3,39.55,2023-06-04,2023-08-26
500396,1114,45.0,40.18,2023-08-27,2024-09-04
500397,1114,48.18,43.02,2024-09-05,2024-11-13
500398,1114,51.74,46.2,2024-11-14,9999-12-31
500399,1115,294.5,262.95,2022-01-01,2024-05-25
500400,1115,311.99,278.56,2024-05-26,9999-12-31
500401,1116,226.18,201.95,2022-01-01,2023-10-27
500402,1116,224.73,200.65,2023-10-28,9999-12-31
500403,1117,822.02,733.95,2022-01-01,2023-02-16
500404,1117,821.76,733.71,2023-02-17,2023-06-18
500405,1117,831.75,742.63,2023-06-19,2024-04-19
500406,1117,868.29,775.26,2024-04-20,2024-05-03
500407,1117,903.76,806.93,2024-05-04,9999-12-31
500408,1118,1110.98,991.95,2022-01-01,2023-09-25
500409,1118,1227.73,1096.19,2023-09-26,2023-12-25
500410,1118,1276.8,1140.0,2023-12-26,2024-04-14
500411,1118,1348.41,1203.94,2024-04-15,2024-10-09
500412,1118,1242.74,1109.59,2024-10-10,9999-12-31
500413,1119,1179.3,1052.95,2022-01-01,2024-01-17
500414,1119,1364.35,1218.17,2024-01-18,9999-12-31
500415,1120,42.5,37.95,2022-01-01,2024-10-20
500416,1120,42.59,38.03,2024-10-21,9999-12-31
500417,1121,270.98,241.95,2022-01-01,2023-12-13
500418,1121,277.85,248.08,2023-12-14,9999-12-31
500419,1122,186.98,166.95,2022-01-01,2024-06-23
500420,1122,196.67,175.6,2024-06-24,2024-07-11
500421,1122,193.58,172.84,2024-07-12,9999-12-31
500422,1123,331.46,295.95,2022-01-01,2023-05-04
500423,1123,325.6,290.71,2023-05-05,2024-03-16
500424,1123,386.48,345.07,2024-03-17,9999-12-31
500425,1124,199.3,177.95,2022-01-01,2023-08-15
500426,1124,209.29,186.87,2023-08-16,2023-09-22
500427,1124,210.31,187.78,2023-09-23,2023-12-24
500428,1124,216.43,193.24,2023-12-25,2024-11-12
500429,1124,233.67,208.63,2024-11-13,9999-12-31
500430,1125,63.78,56.95,2022-01-01,2024-04-16
500431,1125,69.61,62.15,2024-04-17,9999-12-31
500432,1126,156.74,139.95,2022-01-01,2023-11-11
500433,1126,174.7,155.98,2023-11-12,2024-05-03
500434,1126,179.12,159.93,2024-05-04,2024-08-11
500435,1126,179.19,159.99,2024-08-12,9999-12-31
500436,1127,594.66,530.95,2022-01-01,2023-11-12
500437,1127,637.24,568.96,2023-11-13,2023-11-25
500438,1127,697.67,622.92,2023-11-26,2023-12-15
500439,1127,801.42,715.55,2023-12-16,2024-01-22
500440,1127,810.52,723.68,2024-01-23,9999-12-31
500441,1128,1094.18,976.95,2022-01-01,2024-09-10
500442,1128,1151.8,1028.39,2024-09-11,9999-12-31
500443,1129,119.78,106.95,2022-01-01,2023-08-06
500444,1129,136.76,122.11,2023-08-07,2023-12-14
500445,1129,144.61,129.12,2023-12-15,2024-01-19
500446,1129,147.24,131.46,2024-01-20,9999-12-31
500447,1130,71.62,63.95,2022-01-01,2023-04-24
500448,1130,77.04,68.79,2023-04-25,9999-12-31
500449,1131,78.34,69.95,2022-01-01,2023-07-30
500450,1131,81.21,72.51,2023-07-31,2023-09-10
500451,1131,79.18,70.7,2023-09-11,2024-03-14
500452,1131,79.63,71.1,2024-03-15,2024-09-10
500453,1131,75.49,67.4,2024-09-11,9999-12-31
500454,1132,488.26,435.95,2022-01-01,2024-06-01
500455,1132,494.4,441.43,2024-06-02,9999-12-31
500456,1133,46.98,41.95,2022-01-01,2023-08-25
500457,1133,46.48,41.5,2023-08-26,2023-12-09
500458,1133,51.68,46.14,2023-12-10,2024-02-08
500459,1133,55.15,49.24,2024-02-09,2024-09-30
500460,1133,56.41,50.37,2024-10-01,9999-12-31
500461,1134,288.9,257.95,2022-01-01,2024-08-04
500462,1134,309.29,276.15,2024-08-05,9999-12-31
500463,1135,194.82,173.95,2022-01-01,2023-06-29
500464,1135,187.5,167.41,2023-06-30,2023-07-05
500465,1135,199.17,177.83,2023-07-06,2024-01-07
500466,1135,191.96,171.39,2024-01-08,2024-04-15
500467,1135,223.46,199.52,2024-04-16,9999-12-31
500468,1136,82.82,73.95,2022-01-01,2024-02-14
500469,1136,84.91,75.81,2024-02-15,2024-10-15
500470,1136,91.09,81.33,2024-10-16,9999-12-31
500471,1137,465.86,415.95,2022-01-01,2024-03-12
500472,1137,472.62,421.98,2024-03-13,9999-12-31
500473,1138,274.34,244.95,2022-01-01,2024-02-28
500474,1138,314.69,280.97,2024-02-29,2024-09-19
500475,1138,359.15,320.67,2024-09-20,9999-12-31
500476,1139,939.62,838.95,2022-01-01,2023-06-11
500477,1139,1025.71,915.81,2023-06-12,2023-07-27
500478,1139,1144.44,1021.82,2023-07-28,2023-12-29
500479,1139,1178.32,1052.07,2023-12-30,2024-07-05
500480,1139,1085.54,969.23,2024-07-06,9999-12-31
500481,1140,42.5,37.95,2022-01-01,2023-11-26
500482,1140,43.89,39.19,2023-11-27,2024-07-15
500483,1140,46.31,41.35,2024-07-16,9999-12-31
500484,1141,229.54,204.95,2022-01-01,2023-03-11
500485,1141,261.03,233.06,2023-03-12,2024-02-18
500486,1141,283.15,252.81,2024-02-19,2024-05-22
500487,1141,323.24,288.61,2024-05-23,2024-09-06
500488,1141,366.41,327.15,2024-09-07,9999-12-31
500489,1142,144.42,128.95,2022-01-01,2023-02-09
500490,1142,153.65,137.19,2023-02-10,2023-02-16
500491,1142,163.53,146.01,2023-02-17,2023-08-05
500492,1142,165.64,147.89,2023-08-06,2024-03-09
500493,1142,194.28,173.46,2024-03-10,9999-12-31
500494,1143,165.7,147.95,2022-01-01,2023-06-05
500495,1143,159.82,142.7,2023-06-06,2023-11-29
500496,1143,171.84,153.43,2023-11-30,2024-06-19
500497,1143,180.95,161.56,2024-06-20,2024-09-11
500498,1143,191.59,171.06,2024-09-12,9999-12-31
500499,1144,689.86,615.95,2022-01-01,2023-06-25
500500,1144,784.1,700.09,2023-06-26,2024-02-10
500501,1144,794.01,708.94,2024-02-11,2024-06-02
500502,1144,862.11,769.74,2024-06-03,2024-06-15
500503,1144,882.69,788.12,2024-06-16,9999-12-31
500504,1145,79.46,70.95,2022-01-01,2023-11-07
500505,1145,78.0,69.64,2023-11-08,2023-12-18
500506,1145,79.96,71.39,2023-12-19,9999-12-31
500507,1146,132.1,117.95,2022-01-01,2023-11-24
500508,1146,143.08,127.75,2023-11-25,2023-12-04
500509,1146,150.27,134.17,2023-12-05,2024-03-09
500510,1146,152.88,136.5,2024-03-10,2024-08-02
500511,1146,158.85,141.83,2024-08-03,9999-12-31
500512,1147,217.22,193.95,2022-01-01,2024-08-12
500513,1147,210.03,187.53,2024-08-13,2024-08-14
500514,1147,239.25,213.62,2024-08-15,9999-12-31
500515,1148,96.26,85.95,2022-01-01,2024-08-26
500516,1148,107.26,95.77,2024-08-27,2024-09-05
500517,1148,106.11,94.74,2024-09-06,9999-12-31
500518,1149,571.14,509.95,2022-01-01,2023-06-01
500519,1149,576.35,514.6,2023-06-02,2023-09-10
500520,1149,596.48,532.57,2023-09-11,2024-03-08
500521,1149,602.52,537.96,2024-03-09,2024-06-28
500522,1149,687.49,613.83,2024-06-29,9999-12-31
500523,1150,208.26,185.95,2022-01-01,2023-09-01
500524,1150,211.21,188.58,2023-09-02,2024-04-29
500525,1150,233.35,208.35,2024-04-30,2024-08-19
500526,1150,246.29,219.9,2024-08-20,9999-12-31
500527,1151,207.14,184.95,2022-01-01,2024-01-04
500528,1151,222.87,198.99,2024-01-05,2024-10-24
500529,1151,237.64,212.18,2024-10-25,9999-12-31
500530,1152,50.34,44.95,2022-01-01,2023-03-27
500531,1152,53.23,47.53,2023-03-28,2023-12-27
500532,1152,53.73,47.97,2023-12-28,2024-09-18
500533,1152,58.67,52.38,2024-09-19,9999-12-31
500534,1153,38.02,33.95,2022-01-01,2024-01-13
500535,1153,39.83,35.56,2024-01-14,2024-05-15
500536,1153,37.9,33.84,2024-05-16,9999-12-31
500537,1154,608.1,542.95,2022-01-01,2023-02-10
500538,1154,679.72,606.89,2023-02-11,9999-12-31
500539,1155,330.34,294.95,2022-01-01,2023-07-14
500540,1155,349.5,312.05,2023-07-15,2024-06-13
500541,1155,385.11,343.85,2024-06-14,2024-09-22
500542,1155,391.61,349.65,2024-09-23,9999-12-31
500543,1156,25.7,22.95,2022-01-01,2024-05-20
500544,1156,26.95,24.06,2024-05-21,9999-12-31
500545,1157,225.06,200.95,2022-01-01,2023-10-04
500546,1157,230.03,205.38,2023-10-05,9999-12-31
500547,1158,67.14,59.95,2022-01-01,2023-03-29
500548,1158,73.09,65.26,2023-03-30,2023-04-15
500549,1158,73.52,65.64,2023-04-16,2023-07-02
500550,1158,83.16,74.25,2023-07-03,9999-12-31
500551,1159,465.86,415.95,2022-01-01,2024-02-29
500552,1159,474.98,424.09,2024-03-01,2024-04-06
500553,1159,538.45,480.76,2024-04-07,2024-06-01
500554,1159,607.98,542.84,2024-06-02,2024-10-15
500555,1159,608.71,543.49,2024-10-16,9999-12-31
500556,1160,203.78,181.95,2022-01-01,2023-11-29
500557,1160,219.32,195.82,2023-11-30,2024-06-10
500558,1160,227.63,203.24,2024-06-11,2024-10-13
500559,1160,233.12,208.14,2024-10-14,9999-12-31
500560,1161,79.46,70.95,2022-01-01,2024-05-24
500561,1161,78.56,70.14,2024-05-25,2024-07-02
500562,1161,77.71,69.38,2024-07-03,9999-12-31
500563,1162,51.46,45.95,2022-01-01,2024-11-13
500564,1162,58.17,51.94,2024-11-14,9999-12-31
500565,1163,1122.18,1001.95,2022-01-01,2024-05-15
500566,1163,1200.37,1071.76,2024-05-16,9999-12-31
500567,1164,107.46,95.95,2022-01-01,2024-03-05
500568,1164,110.38,98.55,2024-03-06,2024-06-23
500569,1164,114.28,102.04,2024-06-24,9999-12-31
500570,1165,562.18,501.95,2022-01-01,2023-12-11
500571,1165,535.85,478.44,2023-12-12,2024-10-01
500572,1165,548.86,490.05,2024-10-02,9999-12-31
500573,1166,94.02,83.95,2022-01-01,2023-06-27
500574,1166,102.82,91.8,2023-06-28,2024-09-28
500575,1166,106.48,95.07,2024-09-29,9999-12-31
500576,1167,287.78,256.95,2022-01-01,2023-11-22
500577,1167,321.5,287.05,2023-11-23,2023-12-30
500578,1167,341.81,305.19,2023-12-31,2024-01-23
500579,1167,361.51,322.78,2024-01-24,2024-06-05
500580,1167,450.08,401.86,2024-06-06,9999-12-31
500581,1168,55.94,49.95,2022-01-01,2023-08-26
500582,1168,56.11,50.1,2023-08-27,2024-05-23
500583,1168,55.18,49.27,2024-05-24,2024-06-27
500584,1168,58.6,52.32,2024-06-28,2024-08-23
500585,1168,64.32,57.43,2024-08-24,9999-12-31
500586,1169,161.22,143.95,2022-01-01,2024-03-09
500587,1169,159.33,142.26,2024-03-10,2024-03-10
500588,1169,168.29,150.26,2024-03-11,2024-07-28
500589,1169,172.41,153.94,2024-07-29,2024-09-23
500590,1169,186.32,166.36,2024-09-24,9999-12-31
500591,1170,61.54,54.95,2022-01-01,2024-03-16
500592,1170,62.22,55.55,2024-03-17,2024-05-16
500593,1170,62.55,55.85,2024-05-17,2024-07-23
500594,1170,71.78,64.09,2024-07-24,9999-12-31
500595,1171,98.5,87.95,2022-01-01,2023-11-07
500596,1171,94.75,84.6,2023-11-08,2024-08-09
500597,1171,99.96,89.25,2024-08-10,9999-12-31
500598,1172,46.98,41.95,2022-01-01,2024-03-18
500599,1172,50.4,45.0,2024-03-19,2024-10-04
500600,1172,54.23,48.42,2024-10-05,9999-12-31
500601,1173,617.06,550.95,2022-01-01,2023-11-11
500602,1173,583.73,521.19,2023-11-12,2024-06-30
500603,1173,645.77,576.58,2024-07-01,2024-09-12
500604,1173,665.12,593.86,2024-09-13,9999-12-31
500605,1174,258.66,230.95,2022-01-01,2023-12-28
500606,1174,260.78,232.84,2023-12-29,9999-12-31
500607,1175,67.14,59.95,2022-01-01,2024-04-05
500608,1175,68.76,61.39,2024-04-06,9999-12-31
500609,1176,463.62,413.95,2022-01-01,2023-07-03
500610,1176,460.67,411.31,2023-07-04,2023-09-02
500611,1176,506.67,452.38,2023-09-03,9999-12-31
500612,1177,279.94,249.95,2022-01-01,2023-03-18
500613,1177,280.83,250.74,2023-03-19,2024-02-27
500614,1177,291.39,260.17,2024-02-28,2024-05-15
500615,1177,312.33,278.87,2024-05-16,9999-12-31
500616,1178,89.54,79.95,2022-01-01,2023-03-10
500617,1178,89.87,80.24,2023-03-11,2024-05-11
500618,1178,89.82,80.2,2024-05-12,2024-05-23
500619,1178,93.5,83.48,2024-05-24,2024-11-13
500620,1178,103.43,92.35,2024-11-14,9999-12-31
500621,1179,514.02,458.95,2022-01-01,2024-02-08
500622,1179,520.93,465.12,2024-02-09,2024-03-02
500623,1179,525.59,469.28,2024-03-03,2024-04-04
500624,1179,580.62,518.41,2024-04-05,2024-04-30
500625,1179,557.2,497.5,2024-05-01,9999-12-31
500626,1180,232.9,207.95,2022-01-01,2023-09-03
500627,1180,233.34,208.34,2023-09-04,2024-06-28
500628,1180,224.11,200.1,2024-06-29,2024-11-08
500629,1180,242.39,216.42,2024-11-09,9999-12-31
500630,1181,629.38,561.95,2022-01-01,2024-04-05
500631,1181,676.98,604.45,2024-04-06,2024-08-21
500632,1181,695.35,620.85,2024-08-22,2024-10-12
500633,1181,766.7,684.55,2024-10-13,9999-12-31
500634,1182,94.02,83.95,2022-01-01,2023-08-20
500635,1182,97.69,87.22,2023-08-21,2024-07-19
500636,1182,108.3,96.7,2024-07-20,9999-12-31
500637,1183,234.02,208.95,2022-01-01,2023-11-28
500638,1183,243.9,217.77,2023-11-29,2024-02-01
500639,1183,251.81,224.83,2024-02-02,2024-05-21
500640,1183,266.1,237.59,2024-05-22,2024-09-17
500641,1183,272.05,242.9,2024-09-18,9999-12-31
500642,1184,293.38,261.95,2022-01-01,2023-11-18
500643,1184,295.1,263.48,2023-11-19,9999-12-31
500644,1185,367.3,327.95,2022-01-01,2023-04-22
500645,1185,392.96,350.86,2023-04-23,2023-10-23
500646,1185,408.15,364.42,2023-10-24,2024-01-17
500647,1185,422.54,377.27,2024-01-18,2024-04-13
500648,1185,426.44,380.75,2024-04-14,9999-12-31
500649,1186,213.86,190.95,2022-01-01,2024-02-10
500650,1186,223.63,199.67,2024-02-11,2024-06-17
500651,1186,242.73,216.72,2024-06-18,2024-09-03
500652,1186,251.85,224.87,2024-09-04,9999-12-31
500653,1187,116.42,103.95,2022-01-01,2023-07-31
500654,1187,134.2,119.82,2023-08-01,2024-04-07
500655,1187,123.72,110.46,2024-04-08,2024-08-05
500656,1187,127.93,114.22,2024-08-06,9999-12-31
500657,1188,552.1,492.95,2022-01-01,2023-03-11
500658,1188,539.55,481.74,2023-03-12,9999-12-31
500659,1189,24.58,21.95,2022-01-01,2023-08-17
500660,1189,25.87,23.1,2023-08-18,2023-11-06
500661,1189,27.73,24.76,2023-11-07,9999-12-31
500662,1190,240.74,214.95,2022-01-01,2023-08-16
500663,1190,261.21,233.22,2023-08-17,9999-12-31
500664,1191,415.46,370.95,2022-01-01,2023-11-06
500665,1191,449.1,400.98,2023-11-07,9999-12-31
500666,1192,249.7,222.95,2022-01-01,2024-10-16
500667,1192,258.28,230.61,2024-10-17,9999-12-31
500668,1193,69.38,61.95,2022-01-01,2023-08-22
500669,1193,68.58,61.23,2023-08-23,2023-11-25
500670,1193,77.94,69.59,2023-11-26,2024-07-17
500671,1193,86.84,77.54,2024-07-18,2024-09-20
500672,1193,90.43,80.74,2024-09-21,9999-12-31
500673,1194,1181.54,1054.95,2022-01-01,2024-06-29
500674,1194,1213.04,1083.07,2024-06-30,2024-09-22
500675,1194,1267.84,1132.0,2024-09-23,2024-11-07
500676,1194,1415.74,1264.05,2024-11-08,9999-12-31
500677,1195,446.82,398.95,2022-01-01,2023-07-08
500678,1195,491.03,438.42,2023-07-09,2024-11-13
500679,1195,529.1,472.41,2024-11-14,9999-12-31
500680,1196,477.06,425.95,2022-01-01,2023-03-31
500681,1196,522.6,466.61,2023-04-01,2024-06-03
500682,1196,544.05,485.76,2024-06-04,2024-11-10
500683,1196,573.96,512.46,2024-11-11,9999-12-31
500684,1197,45.86,40.95,2022-01-01,2023-03-15
500685,1197,48.16,43.0,2023-03-16,2023-11-19
500686,1197,52.75,47.1,2023-11-20,2024-01-09
500687,1197,55.28,49.36,2024-01-10,2024-10-06
500688,1197,62.7,55.98,2024-10-07,9999-12-31
500689,1198,49.22,43.95,2022-01-01,2024-04-13
500690,1198,48.15,42.99,2024-04-14,9999-12-31
500691,1199,372.9,332.95,2022-01-01,2023-08-01
500692,1199,412.73,368.51,2023-08-02,2023-10-24
500693,1199,413.08,368.82,2023-10-25,2024-02-14
500694,1199,482.04,430.39,2024-02-15,9999-12-31
500695,1200,36.9,32.95,2022-01-01,2024-09-21
500696,1200,41.04,36.64,2024-09-22,9999-12-31
500697,1201,213.86,190.95,2022-01-01,2023-04-10
500698,1201,231.52,206.71,2023-04-11,2023-06-01
500699,1201,240.28,214.54,2023-06-02,2024-04-09
500700,1201,238.65,213.08,2024-04-10,2024-10-08
500701,1201,255.93,228.51,2024-10-09,9999-12-31
500702,1202,888.1,792.95,2022-01-01,2023-08-02
500703,1202,901.87,805.24,2023-08-03,2024-02-21
500704,1202,893.96,798.18,2024-02-22,2024-07-14
500705,1202,1048.61,936.26,2024-07-15,2024-09-14
500706,1202,1073.77,958.72,2024-09-15,9999-12-31
500707,1203,201.54,179.95,2022-01-01,2024-06-16
500708,1203,219.21,195.72,2024-06-17,2024-10-18
500709,1203,227.28,202.93,2024-10-19,9999-12-31
500710,1204,105.22,93.95,2022-01-01,2023-12-17
500711,1204,115.28,102.93,2023-12-18,2024-02-11
500712,1204,117.67,105.06,2024-02-12,2024-03-18
500713,1204,125.46,112.02,2024-03-19,2024-10-16
500714,1204,133.95,119.6,2024-10-17,9999-12-31
500715,1205,417.7,372.95,2022-01-01,2023-07-26
500716,1205,411.98,367.84,2023-07-27,2023-12-02
500717,1205,441.37,394.08,2023-12-03,2024-10-05
500718,1205,483.53,431.72,2024-10-06,9999-12-31
500719,1206,265.38,236.95,2022-01-01,2023-06-27
500720,1206,265.97,237.47,2023-06-28,2023-08-27
500721,1206,262.84,234.68,2023-08-28,2024-10-29
500722,1206,283.65,253.26,2024-10-30,9999-12-31
500723,1207,935.14,834.95,2022-01-01,2024-08-13
500724,1207,967.32,863.68,2024-08-14,2024-10-16
500725,1207,939.52,838.86,2024-10-17,9999-12-31
500726,1208,146.66,130.95,2022-01-01,2024-08-22
500727,1208,150.82,134.66,2024-08-23,2024-09-21
500728,1208,166.44,148.61,2024-09-22,9999-12-31
500729,1209,1442.5,1287.95,2022-01-01,2023-10-18
500730,1209,1466.33,1309.22,2023-10-19,2024-08-26
500731,1209,1528.88,1365.07,2024-08-27,9999-12-31
500732,1210,544.26,485.95,2022-01-01,2023-03-01
500733,1210,558.35,498.53,2023-03-02,2024-03-12
500734,1210,616.65,550.58,2024-03-13,2024-08-06
500735,1210,642.76,573.89,2024-08-07,9999-12-31
500736,1211,163.46,145.95,2022-01-01,2024-02-01
500737,1211,174.51,155.81,2024-02-02,2024-06-05
500738,1211,193.04,172.36,2024-06-06,2024-07-07
500739,1211,213.72,190.82,2024-07-08,2024-08-31
500740,1211,220.57,196.94,2024-09-01,9999-12-31
500741,1212,48.1,42.95,2022-01-01,2024-07-25
500742,1212,54.56,48.71,2024-07-26,2024-08-04
500743,1212,57.2,51.07,2024-08-05,2024-09-26
500744,1212,61.63,55.03,2024-09-27,9999-12-31
500745,1213,553.22,493.95,2022-01-01,2024-10-20
500746,1213,622.26,555.59,2024-10-21,9999-12-31
500747,1214,96.26,85.95,2022-01-01,2023-09-04
500748,1214,102.84,91.82,2023-09-05,2023-09-09
500749,1214,115.79,103.38,2023-09-10,2023-10-17
500750,1214,123.74,110.48,2023-10-18,2024-05-27
500751,1214,127.05,113.44,2024-05-28,9999-12-31
500752,1215,370.66,330.95,2022-01-01,2023-04-16
500753,1215,390.97,349.08,2023-04-17,2023-08-28
500754,1215,395.16,352.82,2023-08-29,2024-03-19
500755,1215,370.19,330.53,2024-03-20,9999-12-31
500756,1216,614.82,548.95,2022-01-01,2023-09-11
500757,1216,635.04,567.0,2023-09-12,2024-01-01
500758,1216,694.25,619.87,2024-01-02,2024-06-12
500759,1216,712.26,635.95,2024-06-13,9999-12-31
500760,1217,60.42,53.95,2022-01-01,2024-06-10
500761,1217,65.61,58.58,2024-06-11,2024-09-27
500762,1217,67.4,60.18,2024-09-28,9999-12-31
500763,1218,154.5,137.95,2022-01-01,2023-03-21
500764,1218,165.96,148.18,2023-03-22,2024-02-15
500765,1218,188.2,168.04,2024-02-16,2024-11-11
500766,1218,209.97,187.47,2024-11-12,9999-12-31
500767,1219,481.54,429.95,2022-01-01,2023-09-29
500768,1219,519.77,464.08,2023-09-30,2023-11-23
500769,1219,603.49,538.83,2023-11-24,2023-12-01
500770,1219,629.88,562.39,2023-12-02,2024-03-04
500771,1219,645.68,576.5,2024-03-05,9999-12-31
500772,1220,1041.54,929.95,2022-01-01,2023-11-27
500773,1220,1093.52,976.36,2023-11-28,2023-12-03
500774,1220,1142.81,1020.37,2023-12-04,2024-08-31
500775,1220,1092.67,975.6,2024-09-01,9999-12-31
500776,1221,192.58,171.95,2022-01-01,2023-04-26
500777,1221,188.71,168.49,2023-04-27,2023-12-14
500778,1221,199.48,178.11,2023-12-15,2024-01-02
500779,1221,220.04,196.46,2024-01-03,2024-02-13
500780,1221,199.47,178.1,2024-02-14,9999-12-31
500781,1222,64.9,57.95,2022-01-01,2024-06-06
500782,1222,69.45,62.01,2024-06-07,2024-07-28
500783,1222,73.95,66.03,2024-07-29,9999-12-31
500784,1223,49.22,43.95,2022-01-01,2023-07-13
500785,1223,49.63,44.31,2023-07-14,2024-05-02
500786,1223,48.71,43.49,2024-05-03,2024-09-07
500787,1223,51.82,46.27,2024-09-08,2024-10-29
500788,1223,58.89,52.58,2024-10-30,9999-12-31
500789,1224,178.02,158.95,2022-01-01,2023-10-09
500790,1224,179.75,160.49,2023-10-10,2024-01-05
500791,1224,172.8,154.29,2024-01-06,2024-03-29
500792,1224,174.53,155.83,2024-03-30,2024-09-06
500793,1224,193.45,172.72,2024-09-07,9999-12-31
500794,1225,295.62,263.95,2022-01-01,2024-03-04
500795,1225,323.41,288.76,2024-03-05,2024-09-25
500796,1225,335.25,299.33,2024-09-26,2024-11-12
500797,1225,333.79,298.03,2024-11-13,9999-12-31
500798,1226,40.26,35.95,2022-01-01,2023-12-30
500799,1226,41.63,37.17,2023-12-31,2024-05-17
500800,1226,44.54,39.77,2024-05-18,2024-11-04
500801,1226,49.48,44.18,2024-11-05,9999-12-31
500802,1227,12.26,10.95,2022-01-01,2023-12-02
500803,1227,12.13,10.83,2023-12-03,2024-03-12
500804,1227,12.89,11.51,2024-03-13,2024-07-15
500805,1227,11.7,10.45,2024-07-16,9999-12-31
500806,1228,314.66,280.95,2022-01-01,2024-05-25
500807,1228,331.05,295.58,2024-05-26,9999-12-31
500808,1229,434.5,387.95,2022-01-01,2024-04-07
500809,1229,477.33,426.19,2024-04-08,2024-05-17
500810,1229,467.89,417.76,2024-05-18,9999-12-31
500811,1230,968.74,864.95,2022-01-01,2023-08-15
500812,1230,994.41,887.87,2023-08-16,2024-03-17
500813,1230,1020.73,911.37,2024-03-18,2024-10-18
500814,1230,1077.83,962.35,2024-10-19,2024-11-07
500815,1230,1081.6,965.71,2024-11-08,9999-12-31
500816,1231,105.22,93.95,2022-01-01,2023-08-15
500817,1231,114.37,102.12,2023-08-16,2023-09-15
500818,1231,123.01,109.83,2023-09-16,2024-04-09
500819,1231,131.39,117.31,2024-04-10,2024-07-28
500820,1231,140.34,125.3,2024-07-29,9999-12-31
500821,1232,245.22,218.95,2022-01-01,2023-12-16
500822,1232,290.94,259.77,2023-12-17,2024-10-02
500823,1232,305.03,272.35,2024-10-03,9999-12-31
500824,1233,1054.98,941.95,2022-01-01,2024-05-20
500825,1233,1052.62,939.84,2024-05-21,2024-06-04
500826,1233,1165.57,1040.69,2024-06-05,9999-12-31
500827,1234,26.82,23.95,2022-01-01,2023-10-04
500828,1234,28.06,25.05,2023-10-05,9999-12-31
500829,1235,418.82,373.95,2022-01-01,2024-07-28
500830,1235,450.84,402.54,2024-07-29,9999-12-31
500831,1236,313.54,279.95,2022-01-01,2023-09-02
500832,1236,319.4,285.18,2023-09-03,2023-11-13
500833,1236,348.66,311.3,2023-11-14,2023-12-08
500834,1236,374.33,334.22,2023-12-09,9999-12-31
500835,1237,294.5,262.95,2022-01-01,2024-10-02
500836,1237,319.48,285.25,2024-10-03,2024-10-30
500837,1237,363.94,324.95,2024-10-31,9999-12-31
500838,1238,203.78,181.95,2022-01-01,2023-05-28
500839,1238,213.32,190.46,2023-05-29,2023-12-12
500840,1238,216.32,193.14,2023-12-13,9999-12-31
500841,1239,54.82,48.95,2022-01-01,2024-03-01
500842,1239,51.3,45.8,2024-03-02,2024-05-08
500843,1239,55.51,49.56,2024-05-09,2024-07-27
500844,1239,59.67,53.28,2024-07-28,2024-11-04
500845,1239,63.27,56.49,2024-11-05,9999-12-31
500846,1240,418.82,373.95,2022-01-01,2024-09-25
500847,1240,434.22,387.7,2024-09-26,9999-12-31
500848,1241,122.02,108.95,2022-01-01,2023-08-28
500849,1241,128.34,114.59,2023-08-29,2023-10-01
500850,1241,139.75,124.78,2023-10-02,2023-12-08
500851,1241,148.36,132.46,2023-12-09,2024-03-21
500852,1241,155.78,139.09,2024-03-22,9999-12-31
500853,1242,1174.82,1048.95,2022-01-01,2024-07-13
500854,1242,1170.19,1044.81,2024-07-14,9999-12-31
500855,1243,86.18,76.95,2022-01-01,2023-07-12
500856,1243,84.27,75.24,2023-07-13,2023-11-22
500857,1243,95.48,85.25,2023-11-23,2024-05-19
500858,1243,106.93,95.47,2024-05-20,2024-07-26
500859,1243,114.62,102.34,2024-07-27,9999-12-31
500860,1244,542.02,483.95,2022-01-01,2024-02-16
500861,1244,550.36,491.39,2024-02-17,9999-12-31
500862,1245,307.94,274.95,2022-01-01,2023-11-09
500863,1245,344.27,307.38,2023-11-10,2024-07-19
500864,1245,361.49,322.76,2024-07-20,2024-09-29
500865,1245,387.37,345.87,2024-09-30,9999-12-31
500866,1246,49.22,43.95,2022-01-01,2024-07-02
500867,1246,49.57,44.26,2024-07-03,9999-12-31
500868,1247,1323.78,1181.95,2022-01-01,2023-07-15
500869,1247,1392.62,1243.41,2023-07-16,2023-08-16
500870,1247,1491.68,1331.86,2023-08-17,2024-11-02
500871,1247,1635.39,1460.17,2024-11-03,9999-12-31
500872,1248,1401.06,1250.95,2022-01-01,2024-07-21
500873,1248,1557.65,1390.76,2024-07-22,9999-12-31
500874,1249,767.14,684.95,2022-01-01,2024-02-28
500875,1249,896.96,800.86,2024-02-29,2024-06-03
500876,1249,957.6,855.0,2024-06-04,9999-12-31
500877,1250,259.78,231.95,2022-01-01,2023-06-29
500878,1250,275.24,245.75,2023-06-30,9999-12-31
500879,1251,499.46,445.95,2022-01-01,2023-05-14
500880,1251,515.32,460.11,2023-05-15,2024-09-25
500881,1251,534.67,477.38,2024-09-26,9999-12-31
500882,1252,593.54,529.95,2022-01-01,2024-08-26
500883,1252,591.76,528.36,2024-08-27,9999-12-31
500884,1253,212.74,189.95,2022-01-01,2024-03-26
500885,1253,231.84,207.0,2024-03-27,2024-10-05
500886,1253,247.15,220.67,2024-10-06,9999-12-31
500887,1254,1121.06,1000.95,2022-01-01,2023-12-31
500888,1254,1255.98,1121.41,2024-01-01,2024-04-29
500889,1254,1292.85,1154.33,2024-04-30,2024-08-15
500890,1254,1250.1,1116.16,2024-08-16,2024-10-10
500891,1254,1308.9,1168.66,2024-10-11,9999-12-31
500892,1255,221.7,197.95,2022-01-01,2024-04-27
500893,1255,221.86,198.09,2024-04-28,2024-09-25
500894,1255,234.93,209.76,2024-09-26,9999-12-31
500895,1256,387.46,345.95,2022-01-01,2023-04-17
500896,1256,376.34,336.02,2023-04-18,2024-07-11
500897,1256,438.46,391.48,2024-07-12,9999-12-31
500898,1257,1062.82,948.95,2022-01-01,2024-02-22
500899,1257,1109.55,990.67,2024-02-23,9999-12-31
500900,1258,46.98,41.95,2022-01-01,2024-05-23
500901,1258,45.71,40.81,2024-05-24,2024-09-06
500902,1258,49.45,44.15,2024-09-07,9999-12-31
500903,1259,772.74,689.95,2022-01-01,2023-10-08
500904,1259,848.51,757.6,2023-10-09,2024-04-30
500905,1259,857.73,765.83,2024-05-01,2024-07-06
500906,1259,889.26,793.98,2024-07-07,9999-12-31
500907,1260,277.7,247.95,2022-01-01,2024-01-16
500908,1260,265.51,237.06,2024-01-17,2024-04-08
500909,1260,292.2,260.89,2024-04-09,2024-08-27
500910,1260,306.48,273.64,2024-08-28,9999-12-31
500911,1261,175.78,156.95,2022-01-01,2023-07-01
500912,1261,188.33,168.15,2023-07-02,2024-04-22
500913,1261,191.49,170.97,2024-04-23,2024-07-05
500914,1261,190.8,170.36,2024-07-06,2024-07-19
500915,1261,205.72,183.68,2024-07-20,9999-12-31
500916,1262,151.14,134.95,2022-01-01,2023-08-26
500917,1262,156.48,139.71,2023-08-27,2023-11-12
500918,1262,155.97,139.26,2023-11-13,2024-10-14
500919,1262,174.43,155.74,2024-10-15,9999-12-31
500920,1263,425.54,379.95,2022-01-01,2023-05-24
500921,1263,460.22,410.91,2023-05-25,2023-07-21
500922,1263,457.41,408.4,2023-07-22,2024-09-10
500923,1263,450.97,402.65,2024-09-11,9999-12-31
500924,1264,223.94,199.95,2022-01-01,2023-06-16
500925,1264,215.79,192.67,2023-06-17,2023-09-04
500926,1264,235.79,210.53,2023-09-05,2024-09-24
500927,1264,255.32,227.96,2024-09-25,9999-12-31
500928,1265,1571.3,1402.95,2022-01-01,2023-02-20
500929,1265,1590.93,1420.47,2023-02-21,2023-03-20
500930,1265,1667.27,1488.63,2023-03-21,2023-09-07
500931,1265,1960.32,1750.29,2023-09-08,9999-12-31
500932,1266,72.74,64.95,2022-01-01,2024-03-05
500933,1266,72.71,64.92,2024-03-06,2024-04-08
500934,1266,76.6,68.39,2024-04-09,2024-08-09
500935,1266,74.1,66.16,2024-08-10,9999-12-31
500936,1267,114.18,101.95,2022-01-01,2024-08-07
500937,1267,125.68,112.21,2024-08-08,9999-12-31
500938,1268,22.34,19.95,2022-01-01,2024-10-24
500939,1268,24.06,21.48,2024-10-25,9999-12-31
500940,1269,73.86,65.95,2022-01-01,2023-10-01
500941,1269,79.88,71.32,2023-10-02,2024-08-16
500942,1269,80.62,71.98,2024-08-17,2024-09-08
500943,1269,76.34,68.16,2024-09-09,9999-12-31
500944,1270,362.82,323.95,2022-01-01,2023-05-04
500945,1270,395.34,352.98,2023-05-05,9999-12-31
500946,1271,739.14,659.95,2022-01-01,2023-10-05
500947,1271,742.22,662.7,2023-10-06,2024-06-22
500948,1271,748.7,668.48,2024-06-23,9999-12-31
500949,1272,337.06,300.95,2022-01-01,2023-09-24
500950,1272,384.12,342.96,2023-09-25,2023-10-26
500951,1272,391.69,349.72,2023-10-27,2024-01-24
500952,1272,386.72,345.29,2024-01-25,2024-09-20
500953,1272,365.51,326.35,2024-09-21,9999-12-31
500954,1273,706.66,630.95,2022-01-01,2023-08-17
500955,1273,669.63,597.88,2023-08-18,2023-09-01
500956,1273,704.36,628.89,2023-09-02,2024-01-07
500957,1273,710.35,634.24,2024-01-08,2024-11-04
500958,1273,680.86,607.91,2024-11-05,9999-12-31
500959,1274,1451.46,1295.95,2022-01-01,2023-09-02
500960,1274,1630.36,1455.68,2023-09-03,2023-09-13
500961,1274,1603.62,1431.8,2023-09-14,9999-12-31
500962,1275,543.14,484.95,2022-01-01,2024-10-17
500963,1275,590.8,527.5,2024-10-18,9999-12-31
500964,1276,184.74,164.95,2022-01-01,2024-02-20
500965,1276,203.18,181.41,2024-02-21,2024-09-07
500966,1276,208.92,186.54,2024-09-08,9999-12-31
500967,1277,1088.58,971.95,2022-01-01,2023-10-28
500968,1277,1201.75,1072.99,2023-10-29,2023-11-13
500969,1277,1308.26,1168.09,2023-11-14,2024-02-09
500970,1277,1442.75,1288.17,2024-02-10,2024-04-23
500971,1277,1505.99,1344.63,2024-04-24,9999-12-31
500972,1278,189.22,168.95,2022-01-01,2023-08-11
500973,1278,207.75,185.49,2023-08-12,2024-04-16
500974,1278,224.83,200.74,2024-04-17,2024-08-15
500975,1278,225.61,201.44,2024-08-16,9999-12-31
500976,1279,852.26,760.95,2022-01-01,2023-06-25
500977,1279,960.41,857.51,2023-06-26,9999-12-31
500978,1280,399.78,356.95,2022-01-01,2024-08-09
500979,1280,422.89,377.58,2024-08-10,2024-08-14
500980,1280,408.18,364.45,2024-08-15,9999-12-31
500981,1281,654.02,583.95,2022-01-01,2023-08-14
500982,1281,637.57,569.26,2023-08-15,2023-09-10
500983,1281,706.53,630.83,2023-09-11,2023-11-14
500984,1281,761.13,679.58,2023-11-15,2024-08-03
500985,1281,859.98,767.84,2024-08-04,9999-12-31
500986,1282,11.14,9.95,2022-01-01,2024-07-15
500987,1282,11.29,10.08,2024-07-16,2024-07-18
500988,1282,12.0,10.71,2024-07-19,2024-07-30
500989,1282,13.96,12.46,2024-07-31,9999-12-31
500990,1283,360.58,321.95,2022-01-01,2024-01-31
500991,1283,338.24,302.0,2024-02-01,9999-12-31
500992,1284,410.98,366.95,2022-01-01,2024-10-01
500993,1284,448.25,400.22,2024-10-02,2024-11-03
500994,1284,480.38,428.91,2024-11-04,9999-12-31
500995,1285,343.78,306.95,2022-01-01,2023-06-21
500996,1285,365.29,326.15,2023-06-22,2023-06-25
500997,1285,394.89,352.58,2023-06-26,2024-01-24
500998,1285,417.87,373.1,2024-01-25,2024-02-12
500999,1285,457.54,408.52,2024-02-13,9999-12-31
501000,1286,85.06,75.95,2022-01-01,2023-07-12
501001,1286,87.51,78.13,2023-07-13,2023-08-17
501002,1286,88.66,79.16,2023-08-18,2024-04-03
501003,1286,92.94,82.98,2024-04-04,9999-12-31
501004,1287,1595.94,1424.95,2022-01-01,2024-06-04
501005,1287,1667.98,1489.27,2024-06-05,2024-06-16
501006,1287,1740.12,1553.68,2024-06-17,9999-12-31
501007,1288,254.18,226.95,2022-01-01,2023-06-19
501008,1288,265.37,236.94,2023-06-20,2023-07-14
501009,1288,274.18,244.8,2023-07-15,2024-01-27
501010,1288,293.26,261.84,2024-01-28,9999-12-31
501011,1289,97.38,86.95,2022-01-01,2023-11-13
501012,1289,93.61,83.58,2023-11-14,2023-11-18
501013,1289,101.05,90.22,2023-11-19,9999-12-31
501014,1290,410.98,366.95,2022-01-01,2023-11-18
501015,1290,476.75,425.67,2023-11-19,9999-12-31
501016,1291,553.22,493.95,2022-01-01,2024-11-07
501017,1291,527.69,471.15,2024-11-08,9999-12-31
501018,1292,539.78,481.95,2022-01-01,2023-07-12
501019,1292,553.9,494.55,2023-07-13,2023-08-02
501020,1292,621.95,555.31,2023-08-03,2024-01-07
501021,1292,605.84,540.93,2024-01-08,2024-05-12
501022,1292,653.02,583.05,2024-05-13,9999-12-31
501023,1293,22.34,19.95,2022-01-01,2023-04-12
501024,1293,23.87,21.31,2023-04-13,2024-09-01
501025,1293,24.76,22.11,2024-09-02,2024-09-09
501026,1293,24.52,21.89,2024-09-10,9999-12-31
501027,1294,123.14,109.95,2022-01-01,2023-12-08
501028,1294,149.4,133.39,2023-12-09,2024-07-04
501029,1294,153.44,137.0,2024-07-05,2024-09-14
501030,1294,160.15,142.99,2024-09-15,9999-12-31
501031,1295,171.3,152.95,2022-01-01,2023-07-09
501032,1295,174.37,155.69,2023-07-10,2024-04-07
501033,1295,185.73,165.83,2024-04-08,9999-12-31
501034,1296,148.9,132.95,2022-01-01,2023-06-27
501035,1296,162.15,144.78,2023-06-28,2024-01-17
501036,1296,169.56,151.39,2024-01-18,2024-04-27
501037,1296,184.86,165.05,2024-04-28,2024-05-15
501038,1296,203.28,181.5,2024-05-16,9999-12-31
501039,1297,474.82,423.95,2022-01-01,2023-09-18
501040,1297,488.48,436.14,2023-09-19,2023-12-23
501041,1297,465.81,415.9,2023-12-24,9999-12-31
501042,1298,188.1,167.95,2022-01-01,2023-03-18
501043,1298,182.31,162.78,2023-03-19,2023-03-30
501044,1298,189.6,169.29,2023-03-31,2023-05-09
501045,1298,194.19,173.38,2023-05-10,2023-08-15
501046,1298,183.85,164.15,2023-08-16,9999-12-31
501047,1299,91.78,81.95,2022-01-01,2023-05-01
501048,1299,95.41,85.19,2023-05-02,2023-06-12
501049,1299,89.79,80.17,2023-06-13,2023-10-12
501050,1299,98.11,87.6,2023-10-13,2024-06-19
501051,1299,98.53,87.97,2024-06-20,9999-12-31
501052,1300,1131.14,1009.95,2022-01-01,2023-11-19
501053,1300,1182.65,1055.94,2023-11-20,2023-12-23
501054,1300,1195.87,1067.74,2023-12-24,2024-03-02
501055,1300,1234.16,1101.93,2024-03-03,2024-04-30
501056,1300,1100.65,982.72,2024-05-01,9999-12-31
501057,1301,415.46,370.95,2022-01-01,2023-09-15
501058,1301,421.83,376.63,2023-09-16,2023-12-31
501059,1301,387.18,345.7,2024-01-01,2024-08-16
501060,1301,407.49,363.83,2024-08-17,2024-09-19
501061,1301,449.0,400.89,2024-09-20,9999-12-31
501062,1302,378.5,337.95,2022-01-01,2023-07-21
501063,1302,363.6,324.64,2023-07-22,2023-09-28
501064,1302,414.34,369.95,2023-09-29,2023-12-17
501065,1302,436.49,389.72,2023-12-18,9999-12-31
501066,1303,144.42,128.95,2022-01-01,2024-10-02
501067,1303,150.91,134.74,2024-10-03,9999-12-31
501068,1304,137.7,122.95,2022-01-01,2023-10-11
501069,1304,138.7,123.84,2023-10-12,2023-10-22
501070,1304,141.38,126.23,2023-10-23,2024-07-06
501071,1304,144.78,129.27,2024-07-07,2024-09-19
501072,1304,155.5,138.84,2024-09-20,9999-12-31
501073,1305,257.54,229.95,2022-01-01,2023-06-26
501074,1305,283.09,252.76,2023-06-27,2024-10-02
501075,1305,270.93,241.9,2024-10-03,9999-12-31
501076,1306,1384.26,1235.95,2022-01-01,2023-11-17
501077,1306,1379.39,1231.6,2023-11-18,2024-04-12
501078,1306,1634.33,1459.22,2024-04-13,2024-05-29
501079,1306,1704.43,1521.81,2024-05-30,2024-11-06
501080,1306,1915.27,1710.06,2024-11-07,9999-12-31
501081,1307,99.62,88.95,2022-01-01,2023-06-21
501082,1307,101.6,90.71,2023-06-22,2024-03-03
501083,1307,105.16,93.89,2024-03-04,9999-12-31
501084,1308,909.38,811.95,2022-01-01,2023-03-18
501085,1308,949.11,847.42,2023-03-19,2023-06-24
501086,1308,1047.6,935.36,2023-06-25,2024-06-03
501087,1308,1157.24,1033.25,2024-06-04,2024-07-09
501088,1308,1251.32,1117.25,2024-07-10,9999-12-31
501089,1309,232.9,207.95,2022-01-01,2023-02-09
501090,1309,248.21,221.62,2023-02-10,9999-12-31
501091,1310,51.46,45.95,2022-01-01,2024-03-29
501092,1310,56.11,50.1,2024-03-30,2024-05-20
501093,1310,58.84,52.54,2024-05-21,9999-12-31
501094,1311,173.54,154.95,2022-01-01,2023-04-21
501095,1311,191.6,171.07,2023-04-22,2024-02-07
501096,1311,216.43,193.24,2024-02-08,2024-03-12
501097,1311,214.55,191.56,2024-03-13,9999-12-31
501098,1312,1517.54,1354.95,2022-01-01,2023-11-10
501099,1312,1469.76,1312.29,2023-11-11,2023-11-23
501100,1312,1561.37,1394.08,2023-11-24,2024-06-13
501101,1312,1776.35,1586.03,2024-06-14,2024-10-31
501102,1312,1808.97,1615.15,2024-11-01,9999-12-31
501103,1313,377.38,336.95,2022-01-01,2024-03-01
501104,1313,367.3,327.95,2024-03-02,9999-12-31
501105,1314,356.1,317.95,2022-01-01,2023-01-25
501106,1314,348.42,311.09,2023-01-26,2023-01-30
501107,1314,361.11,322.42,2023-01-31,2023-08-22
501108,1314,383.29,342.22,2023-08-23,2023-10-25
501109,1314,384.31,343.13,2023-10-26,9999-12-31
501110,1315,202.66,180.95,2022-01-01,2023-09-25
501111,1315,207.04,184.86,2023-09-26,2024-07-13
501112,1315,218.06,194.7,2024-07-14,9999-12-31
501113,1316,346.02,308.95,2022-01-01,2023-05-09
501114,1316,329.18,293.91,2023-05-10,2023-06-14
501115,1316,356.93,318.69,2023-06-15,2023-12-08
501116,1316,390.76,348.89,2023-12-09,2024-03-10
501117,1316,383.44,342.36,2024-03-11,9999-12-31
501118,1317,74.98,66.95,2022-01-01,2023-03-18
501119,1317,73.26,65.41,2023-03-19,2024-08-05
501120,1317,76.68,68.46,2024-08-06,9999-12-31
501121,1318,814.18,726.95,2022-01-01,2024-01-05
501122,1318,813.19,726.06,2024-01-06,2024-09-27
501123,1318,858.17,766.22,2024-09-28,2024-09-30
501124,1318,874.56,780.86,2024-10-01,9999-12-31
501125,1319,309.06,275.95,2022-01-01,2023-10-08
501126,1319,351.34,313.7,2023-10-09,2024-05-10
501127,1319,380.81,340.01,2024-05-11,2024-10-15
501128,1319,375.64,335.39,2024-10-16,2024-11-06
501129,1319,375.51,335.28,2024-11-07,9999-12-31
501130,1320,843.3,752.95,2022-01-01,2023-03-23
501131,1320,928.97,829.44,2023-03-24,2023-07-19
501132,1320,1006.8,898.93,2023-07-20,2023-11-28
501133,1320,1045.54,933.52,2023-11-29,2024-04-28
501134,1320,1039.93,928.51,2024-04-29,9999-12-31
501135,1321,150.02,133.95,2022-01-01,2024-09-25
501136,1321,163.08,145.61,2024-09-26,9999-12-31
501137,1322,25.7,22.95,2022-01-01,2023-07-21
501138,1322,26.01,23.22,2023-07-22,2023-09-22
501139,1322,24.42,21.8,2023-09-23,2024-07-06
501140,1322,25.08,22.39,2024-07-07,9999-12-31
501141,1323,137.7,122.95,2022-01-01,2023-02-22
501142,1323,144.55,129.06,2023-02-23,2023-05-09
501143,1323,167.79,149.81,2023-05-10,2024-01-21
501144,1323,186.95,166.92,2024-01-22,2024-02-05
501145,1323,187.89,167.76,2024-02-06,9999-12-31
501146,1324,128.74,114.95,2022-01-01,2023-07-08
501147,1324,136.26,121.66,2023-07-09,2023-07-24
501148,1324,142.88,127.57,2023-07-25,2023-09-24
501149,1324,130.8,116.79,2023-09-25,9999-12-31
501150,1325,418.82,373.95,2022-01-01,2024-06-24
501151,1325,436.06,389.34,2024-06-25,9999-12-31
501152,1326,629.38,561.95,2022-01-01,2024-04-22
501153,1326,684.91,611.53,2024-04-23,2024-09-05
501154,1326,722.19,644.81,2024-09-06,9999-12-31
501155,1327,267.62,238.95,2022-01-01,2024-10-11
501156,1327,277.11,247.42,2024-10-12,2024-10-31
501157,1327,315.74,281.91,2024-11-01,9999-12-31
501158,1328,613.7,547.95,2022-01-01,2024-07-07
501159,1328,658.21,587.69,2024-07-08,9999-12-31
501160,1329,46.98,41.95,2022-01-01,2023-12-12
501161,1329,48.43,43.24,2023-12-13,2024-09-19
501162,1329,54.75,48.88,2024-09-20,9999-12-31
501163,1330,130.98,116.95,2022-01-01,2024-10-16
501164,1330,125.13,111.72,2024-10-17,9999-12-31
501165,1331,319.14,284.95,2022-01-01,2024-09-11
501166,1331,345.73,308.69,2024-09-12,9999-12-31
501167,1332,29.06,25.95,2022-01-01,2023-07-04
501168,1332,30.34,27.09,2023-07-05,2024-04-18
501169,1332,34.71,30.99,2024-04-19,2024-06-05
501170,1332,38.75,34.6,2024-06-06,2024-07-20
501171,1332,39.37,35.15,2024-07-21,9999-12-31
501172,1333,230.66,205.95,2022-01-01,2023-03-28
501173,1333,222.49,198.65,2023-03-29,2023-09-07
501174,1333,217.94,194.59,2023-09-08,9999-12-31
501175,1334,100.74,89.95,2022-01-01,2024-01-14
501176,1334,105.82,94.48,2024-01-15,2024-01-27
501177,1334,105.56,94.25,2024-01-28,2024-06-21
501178,1334,105.55,94.24,2024-06-22,9999-12-31
501179,1335,102.98,91.95,2022-01-01,2023-07-30
501180,1335,109.97,98.19,2023-07-31,2023-10-27
501181,1335,111.83,99.85,2023-10-28,2024-07-10
501182,1335,119.86,107.02,2024-07-11,9999-12-31
501183,1336,89.54,79.95,2022-01-01,2024-07-08
501184,1336,95.98,85.7,2024-07-09,2024-08-20
501185,1336,100.21,89.47,2024-08-21,9999-12-31
501186,1337,158.98,141.95,2022-01-01,2024-03-16
501187,1337,156.61,139.83,2024-03-17,9999-12-31
501188,1338,106.34,94.95,2022-01-01,2023-12-06
501189,1338,117.12,104.57,2023-12-07,9999-12-31
501190,1339,64.9,57.95,2022-01-01,2023-11-14
501191,1339,65.36,58.36,2023-11-15,2024-08-13
501192,1339,66.94,59.77,2024-08-14,9999-12-31
501193,1340,525.22,468.95,2022-01-01,2023-11-18
501194,1340,546.16,487.64,2023-11-19,2024-09-07
501195,1340,546.94,488.34,2024-09-08,2024-09-13
501196,1340,543.89,485.62,2024-09-14,2024-09-22
501197,1340,570.46,509.34,2024-09-23,9999-12-31
501198,1341,11.14,9.95,2022-01-01,2024-05-14
501199,1341,11.89,10.62,2024-05-15,9999-12-31
501200,1342,77.22,68.95,2022-01-01,2023-10-19
501201,1342,81.83,73.06,2023-10-20,2024-02-18
501202,1342,82.45,73.62,2024-02-19,2024-03-18
501203,1342,83.26,74.34,2024-03-19,2024-08-31
501204,1342,95.1,84.91,2024-09-01,9999-12-31
501205,1343,305.7,272.95,2022-01-01,2023-07-21
501206,1343,314.94,281.2,2023-07-22,2023-07-23
501207,1343,355.56,317.46,2023-07-24,2023-08-31
501208,1343,362.58,323.73,2023-09-01,2023-11-28
501209,1343,397.91,355.28,2023-11-29,9999-12-31
501210,1344,394.18,351.95,2022-01-01,2023-03-02
501211,1344,380.97,340.15,2023-03-03,2024-01-13
501212,1344,379.34,338.7,2024-01-14,2024-03-19
501213,1344,415.97,371.4,2024-03-20,2024-09-03
501214,1344,414.76,370.32,2024-09-04,9999-12-31
501215,1345,370.66,330.95,2022-01-01,2023-03-30
501216,1345,390.7,348.84,2023-03-31,2023-12-31
501217,1345,427.04,381.29,2024-01-01,2024-03-27
501218,1345,429.76,383.71,2024-03-28,2024-06-16
501219,1345,431.42,385.2,2024-06-17,9999-12-31
501220,1346,1203.94,1074.95,2022-01-01,2024-03-07
501221,1346,1256.47,1121.85,2024-03-08,2024-05-31
501222,1346,1258.03,1123.24,2024-06-01,2024-06-28
501223,1346,1353.09,1208.12,2024-06-29,2024-07-11
501224,1346,1395.31,1245.81,2024-07-12,9999-12-31
501225,1347,337.06,300.95,2022-01-01,2023-03-07
501226,1347,339.07,302.74,2023-03-08,2023-12-04
501227,1347,373.95,333.88,2023-12-05,9999-12-31
501228,1348,841.06,750.95,2022-01-01,2023-10-26
501229,1348,918.11,819.74,2023-10-27,2024-10-08
501230,1348,1003.36,895.86,2024-10-09,9999-12-31
501231,1349,242.98,216.95,2022-01-01,2024-01-29
501232,1349,254.4,227.14,2024-01-30,2024-02-08
501233,1349,294.06,262.55,2024-02-09,2024-03-02
501234,1349,296.35,264.6,2024-03-03,2024-04-17
501235,1349,272.19,243.03,2024-04-18,9999-12-31
501236,1350,32.42,28.95,2022-01-01,2024-05-19
501237,1350,33.38,29.8,2024-05-20,2024-07-06
501238,1350,35.31,31.53,2024-07-07,9999-12-31
501239,1351,173.54,154.95,2022-01-01,2023-02-25
501240,1351,168.45,150.4,2023-02-26,2023-03-30
501241,1351,189.35,169.06,2023-03-31,2024-04-04
501242,1351,197.72,176.54,2024-04-05,9999-12-31
501243,1352,649.54,579.95,2022-01-01,2023-05-22
501244,1352,614.78,548.91,2023-05-23,2024-08-14
501245,1352,652.08,582.21,2024-08-15,9999-12-31
501246,1353,1302.5,1162.95,2022-01-01,2023-06-12
501247,1353,1480.51,1321.88,2023-06-13,2024-05-18
501248,1353,1579.36,1410.14,2024-05-19,9999-12-31
501249,1354,154.5,137.95,2022-01-01,2024-08-05
501250,1354,169.92,151.71,2024-08-06,9999-12-31
501251,1355,212.74,189.95,2022-01-01,2023-11-28
501252,1355,208.91,186.53,2023-11-29,2024-01-20
501253,1355,222.51,198.67,2024-01-21,9999-12-31
501254,1356,204.9,182.95,2022-01-01,2023-11-25
501255,1356,226.33,202.08,2023-11-26,2024-08-13
501256,1356,246.43,220.03,2024-08-14,2024-11-03
501257,1356,233.11,208.13,2024-11-04,9999-12-31
501258,1357,13.38,11.95,2022-01-01,2024-09-17
501259,1357,16.28,14.54,2024-09-18,9999-12-31
501260,1358,443.46,395.95,2022-01-01,2023-08-25
501261,1358,410.8,366.79,2023-08-26,2024-11-07
501262,1358,457.68,408.64,2024-11-08,9999-12-31
501263,1359,32.42,28.95,2022-01-01,2024-01-29
501264,1359,35.41,31.62,2024-01-30,2024-02-16
501265,1359,39.83,35.56,2024-02-17,2024-07-16
501266,1359,41.59,37.13,2024-07-17,9999-12-31
501267,1360,1359.62,1213.95,2022-01-01,2023-11-14
501268,1360,1425.39,1272.67,2023-11-15,9999-12-31
501269,1361,669.7,597.95,2022-01-01,2024-03-23
501270,1361,632.77,564.97,2024-03-24,2024-04-30
501271,1361,710.72,634.57,2024-05-01,2024-06-14
501272,1361,819.68,731.86,2024-06-15,9999-12-31
501273,1362,192.58,171.95,2022-01-01,2023-05-31
501274,1362,171.01,152.69,2023-06-01,2024-02-15
501275,1362,166.16,148.36,2024-02-16,2024-03-15
501276,1362,165.8,148.04,2024-03-16,2024-09-23
501277,1362,179.8,160.54,2024-09-24,9999-12-31
501278,1363,100.74,89.95,2022-01-01,2023-03-23
501279,1363,109.89,98.12,2023-03-24,9999-12-31
501280,1364,78.34,69.95,2022-01-01,2024-08-02
501281,1364,83.63,74.67,2024-08-03,9999-12-31
501282,1365,124.26,110.95,2022-01-01,2023-06-02
501283,1365,127.7,114.02,2023-06-03,2024-05-17
501284,1365,128.05,114.33,2024-05-18,2024-06-17
501285,1365,133.29,119.01,2024-06-18,9999-12-31
501286,1366,78.34,69.95,2022-01-01,2023-03-16
501287,1366,82.1,73.3,2023-03-17,2023-09-03
501288,1366,87.52,78.14,2023-09-04,2023-09-11
501289,1366,96.53,86.19,2023-09-12,9999-12-31
501290,1367,419.94,374.95,2022-01-01,2023-04-20
501291,1367,434.09,387.58,2023-04-21,2023-09-12
501292,1367,465.85,415.94,2023-09-13,2024-08-30
501293,1367,455.06,406.3,2024-08-31,2024-09-01
501294,1367,464.09,414.37,2024-09-02,9999-12-31
501295,1368,134.34,119.95,2022-01-01,2023-03-12
501296,1368,133.8,119.46,2023-03-13,2024-04-08
501297,1368,130.33,116.37,2024-04-09,9999-12-31
501298,1369,204.9,182.95,2022-01-01,2023-05-26
501299,1369,205.51,183.49,2023-05-27,2023-07-05
501300,1369,213.98,191.05,2023-07-06,2024-01-20
501301,1369,212.08,189.36,2024-01-21,2024-11-07
501302,1369,207.83,185.56,2024-11-08,9999-12-31
501303,1370,377.38,336.95,2022-01-01,2023-06-18
501304,1370,429.13,383.15,2023-06-19,2023-08-20
501305,1370,495.75,442.63,2023-08-21,2024-01-11
501306,1370,514.26,459.16,2024-01-12,2024-02-28
501307,1370,578.32,516.36,2024-02-29,9999-12-31
501308,1371,95.14,84.95,2022-01-01,2024-04-17
501309,1371,104.08,92.93,2024-04-18,9999-12-31
501310,1372,148.9,132.95,2022-01-01,2024-07-03
501311,1372,149.15,133.17,2024-07-04,9999-12-31
501312,1373,194.82,173.95,2022-01-01,2023-04-07
501313,1373,197.74,176.55,2023-04-08,2024-05-31
501314,1373,205.49,183.47,2024-06-01,9999-12-31
501315,1374,96.26,85.95,2022-01-01,2023-09-08
501316,1374,91.22,81.45,2023-09-09,2024-04-20
501317,1374,96.61,86.26,2024-04-21,2024-06-16
501318,1374,88.78,79.27,2024-06-17,2024-09-14
501319,1374,92.19,82.31,2024-09-15,9999-12-31
501320,1375,113.06,100.95,2022-01-01,2023-07-17
501321,1375,117.68,105.07,2023-07-18,2023-10-25
501322,1375,124.15,110.85,2023-10-26,2024-08-21
501323,1375,120.44,107.54,2024-08-22,9999-12-31
501324,1376,385.22,343.95,2022-01-01,2023-06-08
501325,1376,375.47,335.24,2023-06-09,2023-12-28
501326,1376,386.2,344.82,2023-12-29,2024-05-27
501327,1376,397.66,355.05,2024-05-28,2024-08-27
501328,1376,466.94,416.91,2024-08-28,9999-12-31
501329,1377,130.98,116.95,2022-01-01,2023-11-20
501330,1377,128.54,114.77,2023-11-21,2024-11-01
501331,1377,126.73,113.15,2024-11-02,9999-12-31
501332,1378,217.22,193.95,2022-01-01,2023-05-16
501333,1378,242.49,216.51,2023-05-17,2023-05-25
501334,1378,272.56,243.36,2023-05-26,2023-08-05
501335,1378,270.3,241.34,2023-08-06,2024-08-04
501336,1378,303.08,270.61,2024-08-05,9999-12-31
501337,1379,490.5,437.95,2022-01-01,2023-08-28
501338,1379,502.2,448.39,2023-08-29,2023-09-21
501339,1379,487.2,435.0,2023-09-22,2024-04-28
501340,1379,444.68,397.04,2024-04-29,2024-10-14
501341,1379,436.58,389.8,2024-10-15,9999-12-31
501342,1380,185.86,165.95,2022-01-01,2023-07-23
501343,1380,184.83,165.03,2023-07-24,2023-10-15
501344,1380,198.15,176.92,2023-10-16,2024-08-22
501345,1380,198.23,176.99,2024-08-23,2024-09-06
501346,1380,217.65,194.33,2024-09-07,9999-12-31
501347,1381,287.78,256.95,2022-01-01,2024-07-13
501348,1381,292.85,261.47,2024-07-14,9999-12-31
501349,1382,259.78,231.95,2022-01-01,2024-04-25
501350,1382,282.24,252.0,2024-04-26,9999-12-31
501351,1383,505.06,450.95,2022-01-01,2024-04-18
501352,1383,556.0,496.43,2024-04-19,2024-10-26
501353,1383,577.79,515.88,2024-10-27,9999-12-31
501354,1384,104.1,92.95,2022-01-01,2023-12-05
501355,1384,106.68,95.25,2023-12-06,2024-06-12
501356,1384,105.32,94.04,2024-06-13,2024-09-13
501357,1384,106.4,95.0,2024-09-14,9999-12-31
501358,1385,214.98,191.95,2022-01-01,2023-08-10
501359,1385,235.91,210.63,2023-08-11,2024-04-25
501360,1385,246.09,219.72,2024-04-26,9999-12-31
501361,1386,1405.54,1254.95,2022-01-01,2024-05-23
501362,1386,1410.32,1259.21,2024-05-24,2024-10-24
501363,1386,1430.51,1277.24,2024-10-25,9999-12-31
501364,1387,454.66,405.95,2022-01-01,2024-03-06
501365,1387,469.81,419.47,2024-03-07,2024-07-07
501366,1387,493.04,440.21,2024-07-08,2024-10-11
501367,1387,476.21,425.19,2024-10-12,9999-12-31
501368,1388,90.66,80.95,2022-01-01,2023-08-01
501369,1388,90.06,80.41,2023-08-02,2024-09-02
501370,1388,97.22,86.8,2024-09-03,9999-12-31
501371,1389,322.5,287.95,2022-01-01,2024-04-26
501372,1389,343.46,306.66,2024-04-27,2024-07-04
501373,1389,373.46,333.45,2024-07-05,2024-09-17
501374,1389,371.38,331.59,2024-09-18,2024-11-04
501375,1389,398.82,356.09,2024-11-05,9999-12-31
501376,1390,363.94,324.95,2022-01-01,2023-05-16
501377,1390,397.25,354.69,2023-05-17,2024-05-10
501378,1390,419.88,374.89,2024-05-11,2024-06-20
501379,1390,437.96,391.04,2024-06-21,9999-12-31
501380,1391,598.02,533.95,2022-01-01,2023-03-15
501381,1391,600.12,535.82,2023-03-16,2024-02-08
501382,1391,579.48,517.39,2024-02-09,2024-07-09
501383,1391,598.17,534.08,2024-07-10,9999-12-31
501384,1392,539.78,481.95,2022-01-01,2024-03-28
501385,1392,595.72,531.89,2024-03-29,2024-05-01
501386,1392,593.33,529.76,2024-05-02,2024-06-08
501387,1392,641.47,572.74,2024-06-09,9999-12-31
501388,1393,97.38,86.95,2022-01-01,2024-07-29
501389,1393,110.6,98.75,2024-07-30,9999-12-31
501390,1394,77.22,68.95,2022-01-01,2024-07-25
501391,1394,80.77,72.12,2024-07-26,2024-09-10
501392,1394,84.19,75.17,2024-09-11,9999-12-31
501393,1395,152.26,135.95,2022-01-01,2023-08-25
501394,1395,167.66,149.7,2023-08-26,2023-10-17
501395,1395,178.99,159.81,2023-10-18,2024-06-24
501396,1395,191.77,171.22,2024-06-25,2024-06-30
501397,1395,191.34,170.84,2024-07-01,9999-12-31
501398,1396,153.38,136.95,2022-01-01,2023-08-01
501399,1396,158.8,141.79,2023-08-02,2023-10-18
501400,1396,171.3,152.95,2023-10-19,2023-12-08
501401,1396,170.97,152.65,2023-12-09,2024-07-15
501402,1396,177.78,158.73,2024-07-16,9999-12-31
501403,1397,161.22,143.95,2022-01-01,2023-06-10
501404,1397,170.21,151.97,2023-06-11,9999-12-31
501405,1398,26.82,23.95,2022-01-01,2024-03-26
501406,1398,28.69,25.62,2024-03-27,9999-12-31
501407,1399,867.94,774.95,2022-01-01,2023-09-06
501408,1399,975.6,871.07,2023-09-07,2024-08-28
501409,1399,1030.69,920.26,2024-08-29,9999-12-31
501410,1400,444.58,396.95,2022-01-01,2024-02-04
501411,1400,466.19,416.24,2024-02-05,9999-12-31
501412,1401,111.94,99.95,2022-01-01,2024-05-24
501413,1401,121.93,108.87,2024-05-25,9999-12-31
501414,1402,194.82,173.95,2022-01-01,2023-07-25
501415,1402,223.05,199.15,2023-07-26,2024-07-30
501416,1402,223.75,199.78,2024-07-31,9999-12-31
501417,1403,587.94,524.95,2022-01-01,2024-04-29
501418,1403,608.72,543.5,2024-04-30,2024-09-13
501419,1403,609.18,543.91,2024-09-14,9999-12-31
501420,1404,1519.78,1356.95,2022-01-01,2024-11-04
501421,1404,1472.16,1314.43,2024-11-05,9999-12-31
501422,1405,650.66,580.95,2022-01-01,2023-07-05
501423,1405,721.95,644.6,2023-07-06,2024-01-30
501424,1405,762.4,680.71,2024-01-31,9999-12-31
501425,1406,104.1,92.95,2022-01-01,2023-08-06
501426,1406,113.33,101.19,2023-08-07,9999-12-31
501427,1407,86.18,76.95,2022-01-01,2023-06-27
501428,1407,89.7,80.09,2023-06-28,9999-12-31
501429,1408,758.18,676.95,2022-01-01,2023-09-24
501430,1408,718.11,641.17,2023-09-25,2024-07-30
501431,1408,728.59,650.53,2024-07-31,2024-08-08
501432,1408,775.08,692.04,2024-08-09,2024-10-19
501433,1408,764.28,682.39,2024-10-20,9999-12-31
501434,1409,128.74,114.95,2022-01-01,2024-04-04
501435,1409,130.87,116.85,2024-04-05,9999-12-31
501436,1410,475.94,424.95,2022-01-01,2023-11-14
501437,1410,527.84,471.29,2023-11-15,9999-12-31
501438,1411,132.1,117.95,2022-01-01,2023-11-28
501439,1411,126.83,113.24,2023-11-29,2023-12-29
501440,1411,138.81,123.94,2023-12-30,2024-02-27
501441,1411,159.47,142.38,2024-02-28,2024-05-24
501442,1411,159.16,142.11,2024-05-25,9999-12-31
501443,1412,613.7,547.95,2022-01-01,2024-05-16
501444,1412,644.59,575.53,2024-05-17,9999-12-31
501445,1413,156.74,139.95,2022-01-01,2024-03-07
501446,1413,156.93,140.12,2024-03-08,2024-03-30
501447,1413,154.38,137.84,2024-03-31,2024-05-08
501448,1413,153.34,136.91,2024-05-09,2024-06-28
501449,1413,155.93,139.22,2024-06-29,9999-12-31
501450,1414,247.46,220.95,2022-01-01,2024-07-19
501451,1414,239.84,214.14,2024-07-20,2024-08-10
501452,1414,254.82,227.52,2024-08-11,9999-12-31
501453,1415,53.7,47.95,2022-01-01,2023-10-12
501454,1415,57.64,51.46,2023-10-13,9999-12-31
501455,1416,54.82,48.95,2022-01-01,2024-11-01
501456,1416,54.63,48.78,2024-11-02,9999-12-31
501457,1417,343.78,306.95,2022-01-01,2024-01-15
501458,1417,355.12,317.07,2024-01-16,2024-02-02
501459,1417,389.56,347.82,2024-02-03,2024-06-30
501460,1417,420.41,375.37,2024-07-01,9999-12-31
501461,1418,110.82,98.95,2022-01-01,2023-02-22
501462,1418,120.52,107.61,2023-02-23,2023-07-24
501463,1418,122.11,109.03,2023-07-25,2024-01-19
501464,1418,134.52,120.11,2024-01-20,2024-05-01
501465,1418,134.57,120.15,2024-05-02,9999-12-31
501466,1419,856.74,764.95,2022-01-01,2023-08-11
501467,1419,826.1,737.59,2023-08-12,2024-07-29
501468,1419,863.32,770.82,2024-07-30,9999-12-31
501469,1420,642.82,573.95,2022-01-01,2023-11-03
501470,1420,687.71,614.03,2023-11-04,2024-08-28
501471,1420,684.17,610.87,2024-08-29,9999-12-31
501472,1421,53.7,47.95,2022-01-01,2024-05-10
501473,1421,48.63,43.42,2024-05-11,9999-12-31
501474,1422,54.82,48.95,2022-01-01,2023-09-04
501475,1422,61.2,54.64,2023-09-05,2023-10-13
501476,1422,66.32,59.21,2023-10-14,9999-12-31
501477,1423,120.9,107.95,2022-01-01,2023-07-27
501478,1423,128.37,114.62,2023-07-28,2023-10-24
501479,1423,133.88,119.54,2023-10-25,2024-04-17
501480,1423,137.0,122.32,2024-04-18,2024-07-30
501481,1423,145.58,129.98,2024-07-31,9999-12-31
501482,1424,397.54,354.95,2022-01-01,2024-02-28
501483,1424,409.65,365.76,2024-02-29,2024-08-11
501484,1424,447.32,399.39,2024-08-12,2024-09-14
501485,1424,465.52,415.64,2024-09-15,9999-12-31
501486,1425,227.3,202.95,2022-01-01,2023-11-12
501487,1425,238.44,212.89,2023-11-13,2024-05-24
501488,1425,258.87,231.13,2024-05-25,2024-05-30
501489,1425,280.11,250.1,2024-05-31,2024-09-13
501490,1425,254.67,227.38,2024-09-14,9999-12-31
501491,1426,210.5,187.95,2022-01-01,2023-10-04
501492,1426,213.43,190.56,2023-10-05,2023-10-23
501493,1426,228.23,203.78,2023-10-24,2023-10-26
501494,1426,253.48,226.32,2023-10-27,2024-10-16
501495,1426,263.11,234.92,2024-10-17,9999-12-31
501496,1427,286.66,255.95,2022-01-01,2023-06-20
501497,1427,294.64,263.07,2023-06-21,2024-06-26
501498,1427,286.96,256.21,2024-06-27,2024-09-25
501499,1427,286.66,255.95,2024-09-26,9999-12-31
501500,1428,340.42,303.95,2022-01-01,2023-12-03
501501,1428,329.24,293.96,2023-12-04,2024-05-17
501502,1428,350.99,313.38,2024-05-18,2024-06-24
501503,1428,335.68,299.71,2024-06-25,2024-11-03
501504,1428,356.37,318.19,2024-11-04,9999-12-31
501505,1429,154.5,137.95,2022-01-01,2024-03-09
501506,1429,163.23,145.74,2024-03-10,2024-09-09
501507,1429,174.33,155.65,2024-09-10,2024-10-22
501508,1429,177.68,158.64,2024-10-23,9999-12-31
501509,1430,77.22,68.95,2022-01-01,2023-12-19
501510,1430,81.57,72.83,2023-12-20,2024-01-26
501511,1430,84.32,75.29,2024-01-27,2024-02-24
501512,1430,88.04,78.61,2024-02-25,2024-05-25
501513,1430,91.94,82.09,2024-05-26,9999-12-31
501514,1431,316.9,282.95,2022-01-01,2023-09-27
501515,1431,298.61,266.62,2023-09-28,2024-03-10
501516,1431,287.58,256.77,2024-03-11,2024-09-12
501517,1431,269.64,240.75,2024-09-13,9999-12-31
501518,1432,53.7,47.95,2022-01-01,2024-10-06
501519,1432,56.99,50.88,2024-10-07,2024-10-15
501520,1432,63.65,56.83,2024-10-16,2024-11-03
501521,1432,67.68,60.43,2024-11-04,9999-12-31
501522,1433,12.26,10.95,2022-01-01,2023-08-06
501523,1433,12.63,11.28,2023-08-07,9999-12-31
501524,1434,1105.38,986.95,2022-01-01,2023-01-23
501525,1434,1161.76,1037.29,2023-01-24,2023-10-23
501526,1434,1205.8,1076.61,2023-10-24,2024-02-22
501527,1434,1345.49,1201.33,2024-02-23,2024-10-19
501528,1434,1493.79,1333.74,2024-10-20,9999-12-31
501529,1435,447.94,399.95,2022-01-01,2023-06-07
501530,1435,451.19,402.85,2023-06-08,2024-07-14
501531,1435,511.83,456.99,2024-07-15,2024-08-29
501532,1435,459.86,410.59,2024-08-30,9999-12-31
501533,1436,587.94,524.95,2022-01-01,2023-12-19
501534,1436,608.87,543.63,2023-12-20,2024-06-10
501535,1436,637.82,569.48,2024-06-11,9999-12-31
501536,1437,117.54,104.95,2022-01-01,2024-06-15
501537,1437,126.9,113.3,2024-06-16,2024-09-07
501538,1437,152.69,136.33,2024-09-08,2024-10-20
501539,1437,163.48,145.96,2024-10-21,9999-12-31
501540,1438,195.94,174.95,2022-01-01,2023-08-30
501541,1438,198.45,177.19,2023-08-31,2024-05-09
501542,1438,200.55,179.06,2024-05-10,2024-08-09
501543,1438,194.47,173.63,2024-08-10,9999-12-31
501544,1439,145.54,129.95,2022-01-01,2023-03-08
501545,1439,149.21,133.22,2023-03-09,2023-06-22
501546,1439,153.73,137.26,2023-06-23,2024-04-18
501547,1439,169.42,151.27,2024-04-19,2024-09-29
501548,1439,171.84,153.43,2024-09-30,9999-12-31
501549,1440,52.58,46.95,2022-01-01,2023-10-29
501550,1440,59.19,52.85,2023-10-30,9999-12-31
501551,1441,463.62,413.95,2022-01-01,2023-06-03
501552,1441,488.97,436.58,2023-06-04,2023-07-07
501553,1441,502.71,448.85,2023-07-08,2024-02-04
501554,1441,538.12,480.46,2024-02-05,9999-12-31
501555,1442,902.66,805.95,2022-01-01,2024-09-28
501556,1442,943.01,841.97,2024-09-29,9999-12-31
501557,1443,311.3,277.95,2022-01-01,2024-07-26
501558,1443,353.33,315.47,2024-07-27,9999-12-31
501559,1444,29.06,25.95,2022-01-01,2023-06-14
501560,1444,30.56,27.29,2023-06-15,2023-10-19
501561,1444,33.0,29.46,2023-10-20,2024-07-14
501562,1444,35.2,31.43,2024-07-15,2024-10-09
501563,1444,38.21,34.12,2024-10-10,9999-12-31
501564,1445,35.78,31.95,2022-01-01,2023-06-15
501565,1445,39.49,35.26,2023-06-16,2023-06-17
501566,1445,41.16,36.75,2023-06-18,2024-01-24
501567,1445,45.26,40.41,2024-01-25,9999-12-31
501568,1446,45.86,40.95,2022-01-01,2024-04-18
501569,1446,48.14,42.98,2024-04-19,2024-08-01
501570,1446,53.64,47.89,2024-08-02,9999-12-31
501571,1447,536.42,478.95,2022-01-01,2024-05-20
501572,1447,547.94,489.23,2024-05-21,2024-09-21
501573,1447,586.79,523.92,2024-09-22,9999-12-31
501574,1448,63.78,56.95,2022-01-01,2023-07-13
501575,1448,70.34,62.8,2023-07-14,2023-12-06
501576,1448,76.96,68.71,2023-12-07,2023-12-25
501577,1448,88.54,79.05,2023-12-26,2024-10-08
501578,1448,94.63,84.49,2024-10-09,9999-12-31
501579,1449,216.1,192.95,2022-01-01,2023-07-14
501580,1449,224.41,200.37,2023-07-15,2023-09-12
501581,1449,244.26,218.09,2023-09-13,9999-12-31
501582,1450,146.66,130.95,2022-01-01,2023-04-25
501583,1450,149.72,133.68,2023-04-26,2023-12-14
501584,1450,162.7,145.27,2023-12-15,9999-12-31
501585,1451,270.98,241.95,2022-01-01,2023-03-31
501586,1451,272.42,243.23,2023-04-01,2024-06-20
501587,1451,302.62,270.2,2024-06-21,9999-12-31
501588,1452,1339.46,1195.95,2022-01-01,2024-01-08
501589,1452,1285.3,1147.59,2024-01-09,2024-01-20
501590,1452,1272.38,1136.05,2024-01-21,2024-02-29
501591,1452,1336.47,1193.28,2024-03-01,9999-12-31
501592,1453,842.18,751.95,2022-01-01,2023-06-20
501593,1453,869.44,776.29,2023-06-21,2023-12-04
501594,1453,964.15,860.85,2023-12-05,2023-12-25
501595,1453,1034.42,923.59,2023-12-26,2024-09-20
501596,1453,1097.84,980.21,2024-09-21,9999-12-31
501597,1454,63.78,56.95,2022-01-01,2024-05-25
501598,1454,65.69,58.65,2024-05-26,2024-07-14
501599,1454,67.83,60.56,2024-07-15,2024-08-10
501600,1454,69.9,62.41,2024-08-11,2024-08-16
501601,1454,76.63,68.42,2024-08-17,9999-12-31
501602,1455,24.58,21.95,2022-01-01,2023-05-17
501603,1455,23.68,21.14,2023-05-18,2023-06-11
501604,1455,24.07,21.49,2023-06-12,2024-04-19
501605,1455,23.76,21.21,2024-04-20,2024-11-13
501606,1455,24.52,21.89,2024-11-14,9999-12-31
501607,1456,31.3,27.95,2022-01-01,2023-04-09
501608,1456,32.12,28.68,2023-04-10,2023-04-21
501609,1456,32.2,28.75,2023-04-22,2023-11-24
501610,1456,33.12,29.57,2023-11-25,2024-05-23
501611,1456,33.78,30.16,2024-05-24,9999-12-31
501612,1457,328.1,292.95,2022-01-01,2024-08-22
501613,1457,370.33,330.65,2024-08-23,2024-10-22
501614,1457,380.13,339.4,2024-10-23,9999-12-31
501615,1458,294.5,262.95,2022-01-01,2024-04-09
501616,1458,293.52,262.07,2024-04-10,2024-07-24
501617,1458,330.69,295.26,2024-07-25,9999-12-31
501618,1459,365.06,325.95,2022-01-01,2023-11-09
501619,1459,411.34,367.27,2023-11-10,2024-01-16
501620,1459,467.16,417.11,2024-01-17,2024-01-25
501621,1459,526.94,470.48,2024-01-26,2024-02-04
501622,1459,504.06,450.05,2024-02-05,9999-12-31
501623,1460,313.54,279.95,2022-01-01,2024-02-14
501624,1460,317.39,283.38,2024-02-15,9999-12-31
501625,1461,356.1,317.95,2022-01-01,2024-06-28
501626,1461,400.81,357.87,2024-06-29,2024-08-01
501627,1461,446.24,398.43,2024-08-02,2024-11-06
501628,1461,478.7,427.41,2024-11-07,9999-12-31
501629,1462,246.34,219.95,2022-01-01,2024-04-29
501630,1462,263.83,235.56,2024-04-30,2024-09-28
501631,1462,270.82,241.8,2024-09-29,9999-12-31
501632,1463,118.66,105.95,2022-01-01,2023-11-10
501633,1463,136.15,121.56,2023-11-11,2024-05-05
501634,1463,143.8,128.39,2024-05-06,9999-12-31
501635,1464,203.78,181.95,2022-01-01,2023-05-03
501636,1464,219.08,195.61,2023-05-04,2024-06-17
501637,1464,216.56,193.36,2024-06-18,2024-10-08
501638,1464,244.57,218.37,2024-10-09,2024-11-10
501639,1464,259.43,231.63,2024-11-11,9999-12-31
501640,1465,547.62,488.95,2022-01-01,2023-10-30
501641,1465,583.79,521.24,2023-10-31,9999-12-31
501642,1466,270.98,241.95,2022-01-01,2023-04-10
501643,1466,276.48,246.86,2023-04-11,2023-06-25
501644,1466,320.08,285.79,2023-06-26,2024-01-07
501645,1466,334.06,298.27,2024-01-08,9999-12-31
501646,1467,67.14,59.95,2022-01-01,2023-07-20
501647,1467,64.4,57.5,2023-07-21,2024-01-05
501648,1467,61.33,54.76,2024-01-06,9999-12-31
501649,1468,361.7,322.95,2022-01-01,2023-08-04
501650,1468,381.71,340.81,2023-08-05,2024-05-08
501651,1468,383.79,342.67,2024-05-09,2024-07-03
501652,1468,423.16,377.82,2024-07-04,2024-10-21
501653,1468,399.68,356.86,2024-10-22,9999-12-31
501654,1469,169.06,150.95,2022-01-01,2023-08-10
501655,1469,167.98,149.98,2023-08-11,2023-09-10
501656,1469,182.92,163.32,2023-09-11,2024-11-01
501657,1469,193.12,172.43,2024-11-02,9999-12-31
501658,1470,162.34,144.95,2022-01-01,2023-10-27
501659,1470,162.5,145.09,2023-10-28,2024-04-15
501660,1470,165.68,147.93,2024-04-16,2024-07-02
501661,1470,186.64,166.64,2024-07-03,9999-12-31
501662,1471,76.1,67.95,2022-01-01,2024-04-14
501663,1471,78.0,69.64,2024-04-15,9999-12-31
501664,1472,247.46,220.95,2022-01-01,2024-11-01
501665,1472,266.62,238.05,2024-11-02,9999-12-31
501666,1473,63.78,56.95,2022-01-01,2023-01-09
501667,1473,65.27,58.28,2023-01-10,2023-04-18
501668,1473,66.72,59.57,2023-04-19,2024-11-11
501669,1473,67.14,59.95,2024-11-12,9999-12-31
501670,1474,1580.26,1410.95,2022-01-01,2023-04-26
501671,1474,1767.66,1578.27,2023-04-27,2023-05-07
501672,1474,1819.09,1624.19,2023-05-08,2023-06-18
501673,1474,1959.87,1749.88,2023-06-19,2024-05-06
501674,1474,1986.9,1774.02,2024-05-07,9999-12-31
501675,1475,349.38,311.95,2022-01-01,2023-10-04
501676,1475,370.54,330.84,2023-10-05,2024-03-23
501677,1475,381.34,340.48,2024-03-24,2024-03-24
501678,1475,399.24,356.46,2024-03-25,9999-12-31
501679,1476,254.18,226.95,2022-01-01,2023-09-08
501680,1476,259.44,231.64,2023-09-09,2024-01-10
501681,1476,264.62,236.27,2024-01-11,2024-10-31
501682,1476,255.75,228.35,2024-11-01,9999-12-31
501683,1477,89.54,79.95,2022-01-01,2024-05-19
501684,1477,94.64,84.5,2024-05-20,2024-09-04
501685,1477,105.31,94.03,2024-09-05,9999-12-31
501686,1478,529.7,472.95,2022-01-01,2023-10-01
501687,1478,522.86,466.84,2023-10-02,2024-09-21
501688,1478,602.0,537.5,2024-09-22,9999-12-31
501689,1479,435.62,388.95,2022-01-01,2024-02-16
501690,1479,489.79,437.31,2024-02-17,2024-03-08
501691,1479,511.36,456.57,2024-03-09,2024-04-02
501692,1479,552.36,493.18,2024-04-03,2024-05-01
501693,1479,543.87,485.6,2024-05-02,9999-12-31
501694,1480,806.34,719.95,2022-01-01,2023-09-06
501695,1480,876.14,782.27,2023-09-07,2024-03-08
501696,1480,945.57,844.26,2024-03-09,2024-05-25
501697,1480,1001.84,894.5,2024-05-26,9999-12-31
501698,1481,111.94,99.95,2022-01-01,2023-05-02
501699,1481,112.27,100.24,2023-05-03,2023-11-30
501700,1481,118.63,105.92,2023-12-01,2024-05-13
501701,1481,128.74,114.95,2024-05-14,2024-10-25
501702,1481,133.17,118.9,2024-10-26,9999-12-31
501703,1482,49.22,43.95,2022-01-01,2024-07-14
501704,1482,52.93,47.26,2024-07-15,2024-09-20
501705,1482,54.88,49.0,2024-09-21,9999-12-31
501706,1483,39.14,34.95,2022-01-01,2024-09-26
501707,1483,40.29,35.97,2024-09-27,2024-11-07
501708,1483,42.58,38.02,2024-11-08,9999-12-31
501709,1484,218.34,194.95,2022-01-01,2023-11-30
501710,1484,216.93,193.69,2023-12-01,2023-12-26
501711,1484,210.1,187.59,2023-12-27,2024-04-10
501712,1484,209.37,186.94,2024-04-11,2024-05-18
501713,1484,220.04,196.46,2024-05-19,9999-12-31
501714,1485,282.18,251.95,2022-01-01,2024-08-19
501715,1485,268.43,239.67,2024-08-20,9999-12-31
501716,1486,393.06,350.95,2022-01-01,2023-07-31
501717,1486,415.54,371.02,2023-08-01,9999-12-31
501718,1487,1210.66,1080.95,2022-01-01,2023-09-08
501719,1487,1275.51,1138.85,2023-09-09,2023-10-06
501720,1487,1293.02,1154.48,2023-10-07,2024-04-14
501721,1487,1398.3,1248.48,2024-04-15,9999-12-31
501722,1488,1308.1,1167.95,2022-01-01,2023-03-05
501723,1488,1376.08,1228.64,2023-03-06,2023-07-11
501724,1488,1452.0,1296.43,2023-07-12,2024-05-11
501725,1488,1514.31,1352.06,2024-05-12,9999-12-31
501726,1489,77.22,68.95,2022-01-01,2024-03-02
501727,1489,82.06,73.27,2024-03-03,9999-12-31
501728,1490,239.62,213.95,2022-01-01,2023-06-16
501729,1490,261.34,233.34,2023-06-17,2023-12-21
501730,1490,264.17,235.87,2023-12-22,2024-02-08
501731,1490,315.41,281.62,2024-02-09,2024-03-14
501732,1490,331.05,295.58,2024-03-15,9999-12-31
501733,1491,486.02,433.95,2022-01-01,2023-04-05
501734,1491,471.89,421.33,2023-04-06,2024-02-06
501735,1491,487.01,434.83,2024-02-07,2024-04-30
501736,1491,496.43,443.24,2024-05-01,9999-12-31
501737,1492,181.38,161.95,2022-01-01,2023-05-10
501738,1492,172.93,154.4,2023-05-11,2023-05-22
501739,1492,175.76,156.93,2023-05-23,2024-01-02
501740,1492,201.35,179.78,2024-01-03,2024-01-17
501741,1492,210.52,187.96,2024-01-18,9999-12-31
501742,1493,315.78,281.95,2022-01-01,2023-07-08
501743,1493,348.32,311.0,2023-07-09,2023-09-29
501744,1493,384.25,343.08,2023-09-30,2023-12-24
501745,1493,417.97,373.19,2023-12-25,2024-03-06
501746,1493,426.81,381.08,2024-03-07,9999-12-31
501747,1494,1127.78,1006.95,2022-01-01,2024-03-01
501748,1494,1163.76,1039.07,2024-03-02,2024-05-13
501749,1494,1157.74,1033.7,2024-05-14,9999-12-31
501750,1495,117.54,104.95,2022-01-01,2024-11-01
501751,1495,122.6,109.46,2024-11-02,9999-12-31
501752,1496,30.18,26.95,2022-01-01,2024-02-18
501753,1496,30.58,27.3,2024-02-19,2024-08-13
501754,1496,35.9,32.05,2024-08-14,9999-12-31
501755,1497,453.54,404.95,2022-01-01,2023-07-30
501756,1497,475.72,424.75,2023-07-31,2024-08-12
501757,1497,480.1,428.66,2024-08-13,9999-12-31
501758,1498,137.7,122.95,2022-01-01,2023-05-26
501759,1498,122.74,109.59,2023-05-27,9999-12-31
501760,1499,323.62,288.95,2022-01-01,2023-12-22
501761,1499,388.58,346.95,2023-12-23,2024-03-08
501762,1499,386.49,345.08,2024-03-09,2024-04-17
501763,1499,395.45,353.08,2024-04-18,2024-06-20
501764,1499,404.48,361.14,2024-06-21,9999-12-31
501765,1500,71.62,63.95,2022-01-01,2023-05-02
501766,1500,79.2,70.71,2023-05-03,9999-12-31
501767,1501,359.46,320.95,2022-01-01,2023-09-04
501768,1501,383.7,342.59,2023-09-05,2024-02-19
501769,1501,407.95,364.24,2024-02-20,2024-04-11
501770,1501,405.29,361.87,2024-04-12,2024-10-18
501771,1501,410.54,366.55,2024-10-19,9999-12-31
501772,1502,200.42,178.95,2022-01-01,2023-06-21
501773,1502,201.91,180.28,2023-06-22,2024-01-29
501774,1502,205.98,183.91,2024-01-30,2024-07-14
501775,1502,220.48,196.86,2024-07-15,9999-12-31
501776,1503,176.9,157.95,2022-01-01,2023-11-17
501777,1503,185.62,165.73,2023-11-18,2024-01-27
501778,1503,179.52,160.29,2024-01-28,2024-10-29
501779,1503,198.79,177.49,2024-10-30,9999-12-31
501780,1504,222.82,198.95,2022-01-01,2023-07-22
501781,1504,233.0,208.04,2023-07-23,2023-10-26
501782,1504,245.74,219.41,2023-10-27,2024-04-04
501783,1504,274.56,245.14,2024-04-05,2024-06-15
501784,1504,282.81,252.51,2024-06-16,9999-12-31
501785,1505,438.98,391.95,2022-01-01,2023-05-09
501786,1505,472.81,422.15,2023-05-10,2023-07-22
501787,1505,479.01,427.69,2023-07-23,9999-12-31
501788,1506,276.58,246.95,2022-01-01,2024-02-26
501789,1506,297.88,265.96,2024-02-27,9999-12-31
501790,1507,400.9,357.95,2022-01-01,2023-07-10
501791,1507,446.76,398.89,2023-07-11,9999-12-31
501792,1508,122.02,108.95,2022-01-01,2023-12-31
501793,1508,135.31,120.81,2024-01-01,2024-08-06
501794,1508,140.22,125.2,2024-08-07,9999-12-31
501795,1509,385.22,343.95,2022-01-01,2023-04-26
501796,1509,414.64,370.21,2023-04-27,9999-12-31
501797,1510,24.58,21.95,2022-01-01,2024-06-12
501798,1510,25.8,23.04,2024-06-13,2024-08-11
501799,1510,25.79,23.03,2024-08-12,2024-10-12
501800,1510,29.97,26.76,2024-10-13,9999-12-31
501801,1511,57.06,50.95,2022-01-01,2023-03-21
501802,1511,56.99,50.88,2023-03-22,2023-07-27
501803,1511,58.11,51.88,2023-07-28,2024-01-26
501804,1511,61.01,54.47,2024-01-27,9999-12-31
501805,1512,119.78,106.95,2022-01-01,2023-03-16
501806,1512,121.91,108.85,2023-03-17,2024-02-25
501807,1512,111.42,99.48,2024-02-26,2024-06-20
501808,1512,112.03,100.03,2024-06-21,2024-07-20
501809,1512,112.49,100.44,2024-07-21,9999-12-31
501810,1513,375.14,334.95,2022-01-01,2023-07-26
501811,1513,377.6,337.14,2023-07-27,2023-08-09
501812,1513,397.48,354.89,2023-08-10,2023-11-10
501813,1513,450.26,402.02,2023-11-11,9999-12-31
501814,1514,113.06,100.95,2022-01-01,2023-08-09
501815,1514,115.02,102.7,2023-08-10,9999-12-31
501816,1515,95.14,84.95,2022-01-01,2023-11-13
501817,1515,104.56,93.36,2023-11-14,2024-02-01
501818,1515,109.86,98.09,2024-02-02,2024-06-11
501819,1515,112.72,100.64,2024-06-12,2024-07-21
501820,1515,120.78,107.84,2024-07-22,9999-12-31
501821,1516,193.7,172.95,2022-01-01,2023-09-17
501822,1516,199.42,178.05,2023-09-18,2024-06-03
501823,1516,203.49,181.69,2024-06-04,2024-11-06
501824,1516,208.25,185.94,2024-11-07,9999-12-31
501825,1517,696.58,621.95,2022-01-01,2024-08-24
501826,1517,682.14,609.05,2024-08-25,2024-09-12
501827,1517,701.01,625.9,2024-09-13,2024-10-19
501828,1517,742.54,662.98,2024-10-20,9999-12-31
501829,1518,478.18,426.95,2022-01-01,2023-02-09
501830,1518,513.02,458.05,2023-02-10,2023-09-05
501831,1518,524.36,468.18,2023-09-06,2024-06-30
501832,1518,530.91,474.03,2024-07-01,9999-12-31
501833,1519,64.9,57.95,2022-01-01,2024-08-19
501834,1519,67.85,60.58,2024-08-20,9999-12-31
501835,1520,354.98,316.95,2022-01-01,2023-06-08
501836,1520,378.71,338.13,2023-06-09,9999-12-31
501837,1521,237.38,211.95,2022-01-01,2023-04-05
501838,1521,270.12,241.18,2023-04-06,2024-09-12
501839,1521,285.56,254.96,2024-09-13,2024-10-18
501840,1521,319.48,285.25,2024-10-19,9999-12-31
501841,1522,42.5,37.95,2022-01-01,2024-05-18
501842,1522,47.23,42.17,2024-05-19,2024-09-28
501843,1522,47.13,42.08,2024-09-29,9999-12-31
501844,1523,472.58,421.95,2022-01-01,2023-11-16
501845,1523,455.38,406.59,2023-11-17,2023-12-14
501846,1523,475.42,424.48,2023-12-15,2024-02-08
501847,1523,515.6,460.36,2024-02-09,2024-05-30
501848,1523,539.57,481.76,2024-05-31,9999-12-31
501849,1524,126.5,112.95,2022-01-01,2023-06-25
501850,1524,132.27,118.1,2023-06-26,2024-06-18
501851,1524,140.91,125.81,2024-06-19,9999-12-31
501852,1525,1295.78,1156.95,2022-01-01,2023-06-10
501853,1525,1455.48,1299.54,2023-06-11,2023-09-01
501854,1525,1586.37,1416.4,2023-09-02,2024-03-26
501855,1525,1713.8,1530.18,2024-03-27,9999-12-31
501856,1526,234.02,208.95,2022-01-01,2023-12-13
501857,1526,231.0,206.25,2023-12-14,2024-03-10
501858,1526,242.46,216.48,2024-03-11,2024-03-13
501859,1526,235.49,210.26,2024-03-14,9999-12-31
501860,1527,372.9,332.95,2022-01-01,2023-12-11
501861,1527,417.39,372.67,2023-12-12,9999-12-31
501862,1528,102.98,91.95,2022-01-01,2023-02-19
501863,1528,104.5,93.3,2023-02-20,2023-11-07
501864,1528,108.71,97.06,2023-11-08,2024-04-07
501865,1528,115.04,102.71,2024-04-08,9999-12-31
501866,1529,1249.86,1115.95,2022-01-01,2023-04-02
501867,1529,1242.76,1109.61,2023-04-03,2023-04-16
501868,1529,1311.89,1171.33,2023-04-17,9999-12-31
501869,1530,184.74,164.95,2022-01-01,2024-08-04
501870,1530,193.22,172.52,2024-08-05,2024-08-06
501871,1530,189.52,169.21,2024-08-07,2024-08-18
501872,1530,192.86,172.2,2024-08-19,2024-10-23
501873,1530,210.71,188.13,2024-10-24,9999-12-31
501874,1531,564.42,503.95,2022-01-01,2023-05-07
501875,1531,539.68,481.86,2023-05-08,9999-12-31
501876,1532,935.14,834.95,2022-01-01,2023-05-29
501877,1532,980.37,875.33,2023-05-30,2023-11-11
501878,1532,1072.42,957.52,2023-11-12,9999-12-31
501879,1533,130.98,116.95,2022-01-01,2024-03-20
501880,1533,130.91,116.88,2024-03-21,9999-12-31
501881,1534,97.38,86.95,2022-01-01,2023-06-07
501882,1534,106.11,94.74,2023-06-08,9999-12-31
501883,1535,1102.02,983.95,2022-01-01,2023-07-08
501884,1535,1103.39,985.17,2023-07-09,2023-12-11
501885,1535,1252.05,1117.9,2023-12-12,9999-12-31
501886,1536,15.62,13.95,2022-01-01,2023-06-22
501887,1536,15.49,13.83,2023-06-23,2024-04-13
501888,1536,17.75,15.85,2024-04-14,2024-06-27
501889,1536,18.87,16.85,2024-06-28,2024-10-28
501890,1536,20.06,17.91,2024-10-29,9999-12-31
501891,1537,161.22,143.95,2022-01-01,2024-01-09
501892,1537,165.74,147.98,2024-01-10,2024-09-02
501893,1537,178.53,159.4,2024-09-03,9999-12-31
501894,1538,106.34,94.95,2022-01-01,2024-05-21
501895,1538,108.35,96.74,2024-05-22,2024-06-14
501896,1538,116.66,104.16,2024-06-15,2024-10-14
501897,1538,116.11,103.67,2024-10-15,9999-12-31
501898,1539,214.98,191.95,2022-01-01,2024-07-05
501899,1539,232.43,207.53,2024-07-06,2024-08-09
501900,1539,238.84,213.25,2024-08-10,2024-11-05
501901,1539,237.94,212.45,2024-11-06,9999-12-31
501902,1540,46.98,41.95,2022-01-01,2023-12-23
501903,1540,50.2,44.82,2023-12-24,9999-12-31
501904,1541,442.34,394.95,2022-01-01,2023-07-23
501905,1541,483.07,431.31,2023-07-24,2023-12-12
501906,1541,550.93,491.9,2023-12-13,2024-09-03
501907,1541,629.64,562.18,2024-09-04,2024-10-02
501908,1541,679.52,606.71,2024-10-03,9999-12-31
501909,1542,32.42,28.95,2022-01-01,2023-07-08
501910,1542,29.62,26.45,2023-07-09,2024-08-21
501911,1542,28.07,25.06,2024-08-22,9999-12-31
501912,1543,730.18,651.95,2022-01-01,2023-09-18
501913,1543,817.44,729.86,2023-09-19,2024-10-12
501914,1543,879.8,785.54,2024-10-13,9999-12-31
501915,1544,342.66,305.95,2022-01-01,2024-09-13
501916,1544,357.47,319.17,2024-09-14,9999-12-31
501917,1545,898.18,801.95,2022-01-01,2024-07-14
501918,1545,871.04,777.71,2024-07-15,2024-08-17
501919,1545,872.37,778.9,2024-08-18,9999-12-31
501920,1546,193.7,172.95,2022-01-01,2023-03-24
501921,1546,191.49,170.97,2023-03-25,2023-07-05
501922,1546,210.97,188.37,2023-07-06,2023-12-14
501923,1546,218.4,195.0,2023-12-15,2024-02-15
501924,1546,234.79,209.63,2024-02-16,9999-12-31
501925,1547,519.62,463.95,2022-01-01,2023-07-21
501926,1547,565.5,504.91,2023-07-22,2024-01-07
501927,1547,574.44,512.89,2024-01-08,2024-04-23
501928,1547,613.16,547.46,2024-04-24,2024-05-24
501929,1547,666.36,594.96,2024-05-25,9999-12-31
501930,1548,1114.34,994.95,2022-01-01,2023-09-13
501931,1548,1273.23,1136.81,2023-09-14,9999-12-31
501932,1549,220.58,196.95,2022-01-01,2023-07-19
501933,1549,233.51,208.49,2023-07-20,2023-10-10
501934,1549,227.1,202.77,2023-10-11,2024-05-07
501935,1549,239.62,213.95,2024-05-08,2024-11-13
501936,1549,253.99,226.78,2024-11-14,9999-12-31
501937,1550,638.34,569.95,2022-01-01,2023-10-10
501938,1550,686.72,613.14,2023-10-11,2024-01-04
501939,1550,735.41,656.62,2024-01-05,2024-01-21
501940,1550,712.45,636.12,2024-01-22,2024-08-30
501941,1550,739.37,660.15,2024-08-31,9999-12-31
501942,1551,310.18,276.95,2022-01-01,2024-04-28
501943,1551,360.76,322.11,2024-04-29,9999-12-31
501944,1552,59.3,52.95,2022-01-01,2024-09-06
501945,1552,64.5,57.59,2024-09-07,9999-12-31
501946,1553,518.5,462.95,2022-01-01,2023-06-04
501947,1553,492.2,439.46,2023-06-05,2023-07-08
501948,1553,475.27,424.35,2023-07-09,2024-04-06
501949,1553,507.05,452.72,2024-04-07,2024-09-19
501950,1553,605.29,540.44,2024-09-20,9999-12-31
501951,1554,200.42,178.95,2022-01-01,2023-06-03
501952,1554,208.79,186.42,2023-06-04,2024-03-16
501953,1554,222.51,198.67,2024-03-17,2024-04-25
501954,1554,220.05,196.47,2024-04-26,2024-11-10
501955,1554,247.02,220.55,2024-11-11,9999-12-31
501956,1555,302.34,269.95,2022-01-01,2024-10-22
501957,1555,306.39,273.56,2024-10-23,9999-12-31
501958,1556,338.18,301.95,2022-01-01,2024-04-21
501959,1556,338.79,302.49,2024-04-22,2024-10-28
501960,1556,349.71,312.24,2024-10-29,9999-12-31
501961,1557,225.06,200.95,2022-01-01,2024-06-16
501962,1557,230.41,205.72,2024-06-17,2024-09-10
501963,1557,227.7,203.3,2024-09-11,9999-12-31
501964,1558,1138.98,1016.95,2022-01-01,2023-09-07
501965,1558,1166.98,1041.95,2023-09-08,2023-12-11
501966,1558,1194.19,1066.24,2023-12-12,2024-03-23
501967,1558,1210.82,1081.09,2024-03-24,9999-12-31
501968,1559,116.42,103.95,2022-01-01,2023-02-21
501969,1559,117.17,104.62,2023-02-22,9999-12-31
501970,1560,538.66,480.95,2022-01-01,2023-10-20
501971,1560,576.96,515.14,2023-10-21,2023-11-11
501972,1560,598.16,534.07,2023-11-12,2024-05-09
501973,1560,584.63,521.99,2024-05-10,2024-06-06
501974,1560,590.35,527.1,2024-06-07,9999-12-31
501975,1561,51.46,45.95,2022-01-01,2024-03-30
501976,1561,54.43,48.6,2024-03-31,2024-04-28
501977,1561,57.12,51.0,2024-04-29,9999-12-31
501978,1562,210.5,187.95,2022-01-01,2023-09-27
501979,1562,223.45,199.51,2023-09-28,2024-03-12
501980,1562,220.51,196.88,2024-03-13,2024-03-16
501981,1562,230.84,206.11,2024-03-17,9999-12-31
501982,1563,268.74,239.95,2022-01-01,2023-10-20
501983,1563,269.74,240.84,2023-10-21,2023-11-12
501984,1563,280.46,250.41,2023-11-13,2024-04-01
501985,1563,291.63,260.38,2024-04-02,2024-08-04
501986,1563,318.96,284.79,2024-08-05,9999-12-31
501987,1564,380.74,339.95,2022-01-01,2024-03-09
501988,1564,368.14,328.7,2024-03-10,2024-08-28
501989,1564,379.28,338.64,2024-08-29,9999-12-31
501990,1565,1271.14,1134.95,2022-01-01,2023-04-25
501991,1565,1226.8,1095.36,2023-04-26,2024-03-28
501992,1565,1354.7,1209.55,2024-03-29,2024-05-14
501993,1565,1459.16,1302.82,2024-05-15,2024-05-28
501994,1565,1437.56,1283.54,2024-05-29,9999-12-31
501995,1566,34.66,30.95,2022-01-01,2024-09-26
501996,1566,36.36,32.46,2024-09-27,9999-12-31
501997,1567,135.46,120.95,2022-01-01,2023-05-24
501998,1567,133.83,119.49,2023-05-25,2023-07-08
501999,1567,145.14,129.59,2023-07-09,2024-05-28
502000,1567,150.25,134.15,2024-05-29,2024-06-01
502001,1567,150.32,134.21,2024-06-02,9999-12-31
502002,1568,106.34,94.95,2022-01-01,2023-08-05
502003,1568,115.58,103.2,2023-08-06,2024-05-29
502004,1568,126.16,112.64,2024-05-30,2024-08-26
502005,1568,121.5,108.48,2024-08-27,9999-12-31
502006,1569,324.74,289.95,2022-01-01,2023-07-15
502007,1569,324.05,289.33,2023-07-16,2023-09-04
502008,1569,340.79,304.28,2023-09-05,2023-09-28
502009,1569,346.55,309.42,2023-09-29,2023-10-24
502010,1569,388.73,347.08,2023-10-25,9999-12-31
502011,1570,487.14,434.95,2022-01-01,2024-03-13
502012,1570,554.46,495.05,2024-03-14,9999-12-31
502013,1571,151.14,134.95,2022-01-01,2024-05-19
502014,1571,166.2,148.39,2024-05-20,9999-12-31
502015,1572,110.82,98.95,2022-01-01,2023-05-06
502016,1572,112.58,100.52,2023-05-07,2024-03-18
502017,1572,132.82,118.59,2024-03-19,2024-08-30
502018,1572,135.08,120.61,2024-08-31,9999-12-31
502019,1573,106.34,94.95,2022-01-01,2023-05-17
502020,1573,114.64,102.36,2023-05-18,2023-12-10
502021,1573,120.25,107.37,2023-12-11,2024-06-27
502022,1573,129.94,116.02,2024-06-28,9999-12-31
502023,1574,647.3,577.95,2022-01-01,2023-05-10
502024,1574,701.96,626.75,2023-05-11,2023-06-16
502025,1574,719.94,642.8,2023-06-17,2023-12-22
502026,1574,734.71,655.99,2023-12-23,2024-04-17
502027,1574,736.65,657.72,2024-04-18,9999-12-31
502028,1575,516.26,460.95,2022-01-01,2023-09-13
502029,1575,549.33,490.47,2023-09-14,2023-11-19
502030,1575,622.53,555.83,2023-11-20,2023-12-16
502031,1575,619.98,553.55,2023-12-17,2024-05-29
502032,1575,706.14,630.48,2024-05-30,9999-12-31
502033,1576,164.58,146.95,2022-01-01,2023-04-25
502034,1576,171.33,152.97,2023-04-26,9999-12-31
502035,1577,637.22,568.95,2022-01-01,2024-07-03
502036,1577,676.33,603.87,2024-07-04,9999-12-31
502037,1578,388.58,346.95,2022-01-01,2024-10-03
502038,1578,408.83,365.03,2024-10-04,9999-12-31
502039,1579,174.66,155.95,2022-01-01,2024-02-19
502040,1579,182.52,162.96,2024-02-20,2024-04-29
502041,1579,188.54,168.34,2024-04-30,2024-07-13
502042,1579,216.8,193.57,2024-07-14,9999-12-31
502043,1580,353.86,315.95,2022-01-01,2023-09-25
502044,1580,398.7,355.98,2023-09-26,2023-10-04
502045,1580,386.1,344.73,2023-10-05,2024-02-20
502046,1580,393.72,351.54,2024-02-21,9999-12-31
502047,1581,321.38,286.95,2022-01-01,2023-01-29
502048,1581,336.66,300.59,2023-01-30,2024-02-04
502049,1581,360.52,321.89,2024-02-05,2024-03-04
502050,1581,356.24,318.07,2024-03-05,2024-07-22
502051,1581,365.29,326.15,2024-07-23,9999-12-31
502052,1582,708.9,632.95,2022-01-01,2023-07-03
502053,1582,728.22,650.2,2023-07-04,2024-04-09
502054,1582,810.4,723.57,2024-04-10,2024-05-11
502055,1582,793.34,708.34,2024-05-12,2024-11-09
502056,1582,810.99,724.1,2024-11-10,9999-12-31
502057,1583,88.42,78.95,2022-01-01,2023-02-14
502058,1583,88.29,78.83,2023-02-15,2023-06-16
502059,1583,80.86,72.2,2023-06-17,2024-06-15
502060,1583,78.22,69.84,2024-06-16,2024-06-29
502061,1583,84.62,75.55,2024-06-30,9999-12-31
502062,1584,731.3,652.95,2022-01-01,2023-10-02
502063,1584,673.67,601.49,2023-10-03,2024-02-16
502064,1584,657.03,586.63,2024-02-17,2024-10-16
502065,1584,731.14,652.8,2024-10-17,9999-12-31
502066,1585,354.98,316.95,2022-01-01,2024-04-11
502067,1585,375.23,335.03,2024-04-12,2024-07-04
502068,1585,356.46,318.27,2024-07-05,2024-09-03
502069,1585,401.61,358.58,2024-09-04,9999-12-31
502070,1586,330.34,294.95,2022-01-01,2024-02-07
502071,1586,328.54,293.34,2024-02-08,2024-03-20
502072,1586,357.47,319.17,2024-03-21,2024-11-02
502073,1586,370.52,330.82,2024-11-03,9999-12-31
502074,1587,473.7,422.95,2022-01-01,2023-04-18
502075,1587,532.25,475.22,2023-04-19,2024-09-07
502076,1587,537.02,479.48,2024-09-08,9999-12-31
502077,1588,462.5,412.95,2022-01-01,2023-11-30
502078,1588,476.57,425.51,2023-12-01,2024-09-11
502079,1588,487.48,435.25,2024-09-12,9999-12-31
502080,1589,146.66,130.95,2022-01-01,2024-07-30
502081,1589,147.08,131.32,2024-07-31,9999-12-31
502082,1590,381.86,340.95,2022-01-01,2024-05-26
502083,1590,417.37,372.65,2024-05-27,2024-06-21
502084,1590,428.49,382.58,2024-06-22,2024-09-23
502085,1590,484.65,432.72,2024-09-24,9999-12-31
502086,1591,277.7,247.95,2022-01-01,2024-02-09
502087,1591,278.11,248.31,2024-02-10,9999-12-31
502088,1592,210.5,187.95,2022-01-01,2023-05-15
502089,1592,217.29,194.01,2023-05-16,2023-10-14
502090,1592,227.27,202.92,2023-10-15,2024-08-08
502091,1592,252.09,225.08,2024-08-09,2024-10-30
502092,1592,278.97,249.08,2024-10-31,9999-12-31
502093,1593,96.26,85.95,2022-01-01,2024-07-11
502094,1593,98.64,88.07,2024-07-12,9999-12-31
502095,1594,137.7,122.95,2022-01-01,2023-09-07
502096,1594,153.73,137.26,2023-09-08,2024-04-04
502097,1594,155.62,138.95,2024-04-05,2024-06-25
502098,1594,162.05,144.69,2024-06-26,9999-12-31
502099,1595,249.7,222.95,2022-01-01,2023-08-21
502100,1595,272.55,243.35,2023-08-22,2024-02-07
502101,1595,289.67,258.63,2024-02-08,2024-03-12
502102,1595,289.93,258.87,2024-03-13,2024-10-27
502103,1595,287.82,256.98,2024-10-28,9999-12-31
502104,1596,516.26,460.95,2022-01-01,2023-08-16
502105,1596,548.04,489.32,2023-08-17,2023-08-18
502106,1596,573.74,512.27,2023-08-19,9999-12-31
502107,1597,790.66,705.95,2022-01-01,2023-07-07
502108,1597,890.19,794.81,2023-07-08,2023-10-04
502109,1597,899.64,803.25,2023-10-05,2024-03-25
502110,1597,947.59,846.06,2024-03-26,2024-06-18
502111,1597,911.83,814.13,2024-06-19,9999-12-31
502112,1598,313.54,279.95,2022-01-01,2024-10-03
502113,1598,321.01,286.62,2024-10-04,2024-11-01
502114,1598,334.38,298.55,2024-11-02,9999-12-31
502115,1599,82.82,73.95,2022-01-01,2023-02-01
502116,1599,91.93,82.08,2023-02-02,2023-06-22
502117,1599,93.93,83.87,2023-06-23,2023-11-15
502118,1599,97.38,86.95,2023-11-16,9999-12-31
502119,1600,133.22,118.95,2022-01-01,2023-08-21
502120,1600,133.32,119.04,2023-08-22,9999-12-31
502121,1601,148.9,132.95,2022-01-01,2024-05-20
502122,1601,165.84,148.07,2024-05-21,2024-05-24
502123,1601,172.19,153.74,2024-05-25,2024-10-24
502124,1601,186.03,166.1,2024-10-25,9999-12-31
502125,1602,450.18,401.95,2022-01-01,2024-07-03
502126,1602,473.02,422.34,2024-07-04,2024-08-06
502127,1602,448.1,400.09,2024-08-07,2024-10-29
502128,1602,477.2,426.07,2024-10-30,9999-12-31
502129,1603,258.66,230.95,2022-01-01,2024-05-24
502130,1603,279.71,249.74,2024-05-25,9999-12-31
502131,1604,328.1,292.95,2022-01-01,2023-07-13
502132,1604,315.64,281.82,2023-07-14,2023-11-05
502133,1604,339.37,303.01,2023-11-06,9999-12-31
502134,1605,1198.34,1069.95,2022-01-01,2023-02-03
502135,1605,1277.93,1141.01,2023-02-04,2023-06-18
502136,1605,1379.94,1232.09,2023-06-19,2024-09-12
502137,1605,1424.52,1271.89,2024-09-13,9999-12-31
502138,1606,307.94,274.95,2022-01-01,2023-09-03
502139,1606,307.53,274.58,2023-09-04,2024-04-28
502140,1606,324.16,289.43,2024-04-29,9999-12-31
502141,1607,309.06,275.95,2022-01-01,2024-07-21
502142,1607,345.26,308.27,2024-07-22,9999-12-31
502143,1608,79.46,70.95,2022-01-01,2023-04-17
502144,1608,82.01,73.22,2023-04-18,2023-08-24
502145,1608,89.24,79.68,2023-08-25,9999-12-31
502146,1609,46.98,41.95,2022-01-01,2023-06-12
502147,1609,46.94,41.91,2023-06-13,2024-08-18
502148,1609,48.1,42.95,2024-08-19,9999-12-31
502149,1610,433.38,386.95,2022-01-01,2024-06-19
502150,1610,458.04,408.96,2024-06-20,2024-08-13
502151,1610,445.69,397.94,2024-08-14,2024-08-21
502152,1610,461.97,412.47,2024-08-22,2024-09-23
502153,1610,482.84,431.11,2024-09-24,9999-12-31
502154,1611,1031.46,920.95,2022-01-01,2023-10-01
502155,1611,1160.91,1036.53,2023-10-02,2024-09-03
502156,1611,1292.08,1153.64,2024-09-04,9999-12-31
502157,1612,153.38,136.95,2022-01-01,2024-03-29
502158,1612,153.2,136.79,2024-03-30,2024-11-14
502159,1612,143.8,128.39,2024-11-15,9999-12-31
502160,1613,652.9,582.95,2022-01-01,2024-04-04
502161,1613,716.2,639.46,2024-04-05,2024-10-09
502162,1613,765.74,683.7,2024-10-10,9999-12-31
502163,1614,111.94,99.95,2022-01-01,2023-02-21
502164,1614,114.5,102.23,2023-02-22,2023-04-01
502165,1614,101.7,90.8,2023-04-02,2023-10-16
502166,1614,114.41,102.15,2023-10-17,2023-10-19
502167,1614,129.62,115.73,2023-10-20,9999-12-31
502168,1615,1350.66,1205.95,2022-01-01,2024-06-23
502169,1615,1406.69,1255.97,2024-06-24,9999-12-31
502170,1616,61.54,54.95,2022-01-01,2023-06-18
502171,1616,60.33,53.87,2023-06-19,2024-07-03
502172,1616,59.63,53.24,2024-07-04,9999-12-31
502173,1617,402.02,358.95,2022-01-01,2024-01-07
502174,1617,455.22,406.45,2024-01-08,2024-09-18
502175,1617,498.76,445.32,2024-09-19,2024-10-11
502176,1617,548.39,489.63,2024-10-12,9999-12-31
502177,1618,144.42,128.95,2022-01-01,2024-06-29
502178,1618,166.72,148.86,2024-06-30,2024-07-14
502179,1618,178.91,159.74,2024-07-15,2024-11-12
502180,1618,165.11,147.42,2024-11-13,9999-12-31
502181,1619,71.62,63.95,2022-01-01,2023-09-20
502182,1619,74.11,66.17,2023-09-21,2024-08-31
502183,1619,74.73,66.72,2024-09-01,2024-10-29
502184,1619,71.93,64.22,2024-10-30,9999-12-31
502185,1620,264.26,235.95,2022-01-01,2023-06-28
502186,1620,272.66,243.45,2023-06-29,2023-08-23
502187,1620,288.79,257.85,2023-08-24,2023-11-09
502188,1620,289.21,258.22,2023-11-10,2024-05-26
502189,1620,329.66,294.34,2024-05-27,9999-12-31
502190,1621,371.78,331.95,2022-01-01,2023-04-30
502191,1621,387.86,346.3,2023-05-01,2023-11-06
502192,1621,411.6,367.5,2023-11-07,2024-03-07
502193,1621,456.44,407.54,2024-03-08,2024-06-12
502194,1621,437.29,390.44,2024-06-13,9999-12-31
502195,1622,1268.9,1132.95,2022-01-01,2023-05-19
502196,1622,1165.07,1040.24,2023-05-20,2024-01-21
502197,1622,1263.68,1128.29,2024-01-22,9999-12-31
502198,1623,1282.34,1144.95,2022-01-01,2023-09-18
502199,1623,1384.99,1236.6,2023-09-19,2023-10-08
502200,1623,1438.81,1284.65,2023-10-09,2023-11-01
502201,1623,1331.87,1189.17,2023-11-02,2024-07-14
502202,1623,1392.8,1243.57,2024-07-15,9999-12-31
502203,1624,1513.06,1350.95,2022-01-01,2024-08-05
502204,1624,1556.5,1389.73,2024-08-06,2024-09-13
502205,1624,1633.35,1458.35,2024-09-14,2024-10-17
502206,1624,1680.48,1500.43,2024-10-18,2024-10-30
502207,1624,1701.48,1519.18,2024-10-31,9999-12-31
502208,1625,114.18,101.95,2022-01-01,2023-10-15
502209,1625,113.36,101.21,2023-10-16,2024-01-04
502210,1625,118.03,105.38,2024-01-05,9999-12-31
502211,1626,91.78,81.95,2022-01-01,2023-06-08
502212,1626,96.73,86.37,2023-06-09,2023-08-15
502213,1626,104.18,93.02,2023-08-16,2024-01-19
502214,1626,111.06,99.16,2024-01-20,2024-04-26
502215,1626,106.77,95.33,2024-04-27,9999-12-31
502216,1627,66.02,58.95,2022-01-01,2024-06-07
502217,1627,69.69,62.22,2024-06-08,9999-12-31
502218,1628,189.22,168.95,2022-01-01,2023-05-06
502219,1628,191.95,171.38,2023-05-07,2023-05-09
502220,1628,177.5,158.48,2023-05-10,2023-05-26
502221,1628,178.98,159.8,2023-05-27,2023-10-07
502222,1628,190.38,169.98,2023-10-08,9999-12-31
502223,1629,221.7,197.95,2022-01-01,2023-06-19
502224,1629,234.02,208.95,2023-06-20,2024-05-28
502225,1629,232.41,207.51,2024-05-29,9999-12-31
502226,1630,983.3,877.95,2022-01-01,2024-02-28
502227,1630,951.81,849.83,2024-02-29,2024-05-04
502228,1630,997.1,890.27,2024-05-05,9999-12-31
502229,1631,469.22,418.95,2022-01-01,2024-03-21
502230,1631,522.88,466.86,2024-03-22,2024-04-19
502231,1631,558.56,498.71,2024-04-20,2024-10-09
502232,1631,605.09,540.26,2024-10-10,2024-10-31
502233,1631,606.04,541.11,2024-11-01,9999-12-31
502234,1632,361.7,322.95,2022-01-01,2024-10-24
502235,1632,372.57,332.65,2024-10-25,9999-12-31
502236,1633,483.78,431.95,2022-01-01,2023-08-17
502237,1633,517.62,462.16,2023-08-18,2024-10-26
502238,1633,567.44,506.64,2024-10-27,9999-12-31
502239,1634,456.9,407.95,2022-01-01,2024-06-06
502240,1634,487.2,435.0,2024-06-07,2024-06-10
502241,1634,487.32,435.11,2024-06-11,2024-09-08
502242,1634,523.86,467.73,2024-09-09,2024-11-08
502243,1634,534.34,477.09,2024-11-09,9999-12-31
502244,1635,108.58,96.95,2022-01-01,2023-05-12
502245,1635,114.23,101.99,2023-05-13,2023-08-16
502246,1635,122.24,109.14,2023-08-17,2024-08-11
502247,1635,138.86,123.98,2024-08-12,9999-12-31
502248,1636,59.3,52.95,2022-01-01,2024-05-24
502249,1636,63.65,56.83,2024-05-25,2024-10-27
502250,1636,69.36,61.93,2024-10-28,2024-11-06
502251,1636,74.42,66.45,2024-11-07,9999-12-31
502252,1637,48.1,42.95,2022-01-01,2023-05-23
502253,1637,47.6,42.5,2023-05-24,2023-10-19
502254,1637,53.58,47.84,2023-10-20,2024-09-06
502255,1637,55.59,49.63,2024-09-07,9999-12-31
502256,1638,89.54,79.95,2022-01-01,2024-02-10
502257,1638,96.75,86.38,2024-02-11,9999-12-31
502258,1639,1582.5,1412.95,2022-01-01,2023-09-05
502259,1639,1549.22,1383.23,2023-09-06,2024-05-14
502260,1639,1669.44,1490.57,2024-05-15,2024-06-09
502261,1639,1734.04,1548.25,2024-06-10,2024-09-19
502262,1639,1826.84,1631.11,2024-09-20,9999-12-31
502263,1640,21.22,18.95,2022-01-01,2023-07-05
502264,1640,19.54,17.45,2023-07-06,2023-11-13
502265,1640,18.98,16.95,2023-11-14,2024-05-25
502266,1640,19.28,17.21,2024-05-26,2024-08-25
502267,1640,20.46,18.27,2024-08-26,9999-12-31
502268,1641,587.94,524.95,2022-01-01,2023-04-01
502269,1641,624.02,557.16,2023-04-02,2024-01-25
502270,1641,631.81,564.12,2024-01-26,2024-01-26
502271,1641,651.94,582.09,2024-01-27,2024-04-22
502272,1641,720.2,643.04,2024-04-23,9999-12-31
502273,1642,374.02,333.95,2022-01-01,2023-12-26
502274,1642,402.99,359.81,2023-12-27,2024-05-31
502275,1642,435.57,388.9,2024-06-01,9999-12-31
502276,1643,214.98,191.95,2022-01-01,2023-03-05
502277,1643,221.48,197.75,2023-03-06,2023-06-22
502278,1643,229.86,205.23,2023-06-23,2023-12-14
502279,1643,237.85,212.37,2023-12-15,2024-07-29
502280,1643,256.66,229.16,2024-07-30,9999-12-31
502281,1644,475.94,424.95,2022-01-01,2023-11-05
502282,1644,509.4,454.82,2023-11-06,2023-12-23
502283,1644,503.63,449.67,2023-12-24,2024-09-07
502284,1644,463.15,413.53,2024-09-08,9999-12-31
502285,1645,96.26,85.95,2022-01-01,2023-04-14
502286,1645,105.87,94.53,2023-04-15,9999-12-31
502287,1646,1478.34,1319.95,2022-01-01,2023-03-03
502288,1646,1468.57,1311.22,2023-03-04,2023-11-13
502289,1646,1430.9,1277.59,2023-11-14,2023-11-28
502290,1646,1651.89,1474.9,2023-11-29,9999-12-31
502291,1647,351.62,313.95,2022-01-01,2023-10-05
502292,1647,372.9,332.95,2023-10-06,2024-03-09
502293,1647,387.11,345.63,2024-03-10,2024-04-04
502294,1647,381.32,340.46,2024-04-05,2024-08-04
502295,1647,406.62,363.05,2024-08-05,9999-12-31
502296,1648,262.02,233.95,2022-01-01,2023-04-17
502297,1648,269.28,240.43,2023-04-18,2023-04-29
502298,1648,287.25,256.47,2023-04-30,2024-05-23
502299,1648,304.28,271.68,2024-05-24,2024-10-20
502300,1648,351.15,313.53,2024-10-21,9999-12-31
502301,1649,162.34,144.95,2022-01-01,2024-06-30
502302,1649,166.97,149.08,2024-07-01,9999-12-31
502303,1650,95.14,84.95,2022-01-01,2023-06-06
502304,1650,99.49,88.83,2023-06-07,2023-12-06
502305,1650,105.16,93.89,2023-12-07,2024-07-11
502306,1650,117.0,104.46,2024-07-12,9999-12-31
502307,1651,471.46,420.95,2022-01-01,2023-11-18
502308,1651,489.45,437.01,2023-11-19,9999-12-31
502309,1652,342.66,305.95,2022-01-01,2023-05-26
502310,1652,406.16,362.64,2023-05-27,2023-08-08
502311,1652,443.68,396.14,2023-08-09,2024-04-22
502312,1652,481.11,429.56,2024-04-23,2024-07-30
502313,1652,492.89,440.08,2024-07-31,9999-12-31
502314,1653,119.78,106.95,2022-01-01,2023-06-30
502315,1653,129.86,115.95,2023-07-01,2023-12-05
502316,1653,135.78,121.23,2023-12-06,2024-01-17
502317,1653,158.16,141.21,2024-01-18,9999-12-31
502318,1654,200.42,178.95,2022-01-01,2023-11-05
502319,1654,200.63,179.13,2023-11-06,2024-07-18
502320,1654,204.02,182.16,2024-07-19,9999-12-31
502321,1655,69.38,61.95,2022-01-01,2023-09-12
502322,1655,75.58,67.48,2023-09-13,9999-12-31
502323,1656,242.98,216.95,2022-01-01,2023-07-30
502324,1656,261.51,233.49,2023-07-31,2023-12-24
502325,1656,282.52,252.25,2023-12-25,9999-12-31
502326,1657,755.94,674.95,2022-01-01,2023-03-24
502327,1657,766.05,683.97,2023-03-25,2023-06-29
502328,1657,814.54,727.27,2023-06-30,2023-07-09
502329,1657,910.46,812.91,2023-07-10,2024-01-08
502330,1657,971.42,867.34,2024-01-09,9999-12-31
502331,1658,52.58,46.95,2022-01-01,2024-01-03
502332,1658,54.31,48.49,2024-01-04,2024-06-28
502333,1658,57.8,51.61,2024-06-29,2024-07-25
502334,1658,63.22,56.45,2024-07-26,9999-12-31
502335,1659,92.9,82.95,2022-01-01,2023-08-12
502336,1659,99.55,88.88,2023-08-13,2023-09-01
502337,1659,95.14,84.95,2023-09-02,2024-02-17
502338,1659,101.45,90.58,2024-02-18,2024-10-06
502339,1659,110.26,98.45,2024-10-07,9999-12-31
502340,1660,89.54,79.95,2022-01-01,2023-04-19
502341,1660,98.96,88.36,2023-04-20,2023-09-21
502342,1660,113.85,101.65,2023-09-22,2024-04-10
502343,1660,119.94,107.09,2024-04-11,9999-12-31
502344,1661,247.46,220.95,2022-01-01,2024-03-24
502345,1661,286.53,255.83,2024-03-25,2024-04-15
502346,1661,297.29,265.44,2024-04-16,2024-07-30
502347,1661,318.07,283.99,2024-07-31,2024-10-24
502348,1661,332.42,296.8,2024-10-25,9999-12-31
502349,1662,228.42,203.95,2022-01-01,2023-10-25
502350,1662,220.14,196.55,2023-10-26,9999-12-31
502351,1663,322.5,287.95,2022-01-01,2023-04-14
502352,1663,320.14,285.84,2023-04-15,2023-09-29
502353,1663,329.83,294.49,2023-09-30,2024-08-24
502354,1663,383.17,342.12,2024-08-25,2024-10-19
502355,1663,396.47,353.99,2024-10-20,9999-12-31
502356,1664,1259.94,1124.95,2022-01-01,2023-09-10
502357,1664,1155.62,1031.8,2023-09-11,2023-11-26
502358,1664,1193.95,1066.03,2023-11-27,2024-02-10
502359,1664,1243.89,1110.62,2024-02-11,2024-04-24
502360,1664,1178.93,1052.62,2024-04-25,9999-12-31
502361,1665,518.5,462.95,2022-01-01,2024-01-17
502362,1665,537.82,480.2,2024-01-18,2024-01-22
502363,1665,605.37,540.51,2024-01-23,9999-12-31
502364,1666,78.34,69.95,2022-01-01,2023-07-04
502365,1666,83.37,74.44,2023-07-05,2023-09-21
502366,1666,81.82,73.05,2023-09-22,2024-10-30
502367,1666,81.87,73.1,2024-10-31,2024-10-31
502368,1666,85.01,75.9,2024-11-01,9999-12-31
502369,1667,206.02,183.95,2022-01-01,2023-07-02
502370,1667,229.29,204.72,2023-07-03,2023-11-24
502371,1667,243.84,217.71,2023-11-25,9999-12-31
502372,1668,119.78,106.95,2022-01-01,2024-05-31
502373,1668,121.82,108.77,2024-06-01,9999-12-31
502374,1669,94.02,83.95,2022-01-01,2023-05-27
502375,1669,90.6,80.89,2023-05-28,2023-10-26
502376,1669,91.41,81.62,2023-10-27,2024-09-11
502377,1669,98.02,87.52,2024-09-12,9999-12-31
502378,1670,185.86,165.95,2022-01-01,2023-10-27
502379,1670,199.46,178.09,2023-10-28,9999-12-31
502380,1671,64.9,57.95,2022-01-01,2023-05-14
502381,1671,69.92,62.43,2023-05-15,2024-01-17
502382,1671,74.59,66.6,2024-01-18,2024-05-30
502383,1671,83.83,74.85,2024-05-31,2024-07-13
502384,1671,90.2,80.54,2024-07-14,9999-12-31
502385,1672,1410.02,1258.95,2022-01-01,2023-08-27
502386,1672,1487.57,1328.19,2023-08-28,2024-01-23
502387,1672,1533.01,1368.76,2024-01-24,2024-02-06
502388,1672,1556.44,1389.68,2024-02-07,2024-06-09
502389,1672,1596.92,1425.82,2024-06-10,9999-12-31
502390,1673,25.7,22.95,2022-01-01,2024-04-09
502391,1673,24.6,21.96,2024-04-10,2024-11-07
502392,1673,25.89,23.12,2024-11-08,9999-12-31
502393,1674,143.3,127.95,2022-01-01,2023-12-30
502394,1674,153.27,136.85,2023-12-31,2024-03-17
502395,1674,170.42,152.16,2024-03-18,2024-07-22
502396,1674,176.12,157.25,2024-07-23,2024-08-13
502397,1674,182.19,162.67,2024-08-14,9999-12-31
502398,1675,380.74,339.95,2022-01-01,2023-11-22
502399,1675,408.28,364.54,2023-11-23,9999-12-31
502400,1676,180.26,160.95,2022-01-01,2023-06-12
502401,1676,183.52,163.86,2023-06-13,2024-11-05
502402,1676,195.83,174.85,2024-11-06,9999-12-31
502403,1677,703.3,627.95,2022-01-01,2024-07-14
502404,1677,759.27,677.92,2024-07-15,2024-08-11
502405,1677,747.56,667.46,2024-08-12,2024-09-24
502406,1677,749.95,669.6,2024-09-25,9999-12-31
502407,1678,182.5,162.95,2022-01-01,2023-12-11
502408,1678,192.88,172.21,2023-12-12,9999-12-31
502409,1679,296.74,264.95,2022-01-01,2023-04-02
502410,1679,300.07,267.92,2023-04-03,2023-05-23
502411,1679,339.44,303.07,2023-05-24,2023-09-18
502412,1679,377.34,336.91,2023-09-19,2024-03-16
502413,1679,384.08,342.93,2024-03-17,9999-12-31
502414,1680,375.14,334.95,2022-01-01,2024-08-16
502415,1680,418.32,373.5,2024-08-17,9999-12-31
502416,1681,436.74,389.95,2022-01-01,2023-07-18
502417,1681,454.68,405.96,2023-07-19,2024-05-06
502418,1681,449.52,401.36,2024-05-07,9999-12-31
502419,1682,311.3,277.95,2022-01-01,2024-02-03
502420,1682,352.88,315.07,2024-02-04,2024-03-24
502421,1682,372.37,332.47,2024-03-25,2024-08-29
502422,1682,395.4,353.04,2024-08-30,2024-09-12
502423,1682,383.68,342.57,2024-09-13,9999-12-31
502424,1683,89.54,79.95,2022-01-01,2023-11-29
502425,1683,91.71,81.88,2023-11-30,2024-03-26
502426,1683,91.77,81.94,2024-03-27,2024-04-15
502427,1683,94.46,84.34,2024-04-16,2024-08-28
502428,1683,91.63,81.81,2024-08-29,9999-12-31
502429,1684,381.86,340.95,2022-01-01,2023-03-20
502430,1684,413.49,369.19,2023-03-21,2023-07-04
502431,1684,394.35,352.1,2023-07-05,2023-08-02
502432,1684,385.9,344.55,2023-08-03,2024-01-16
502433,1684,415.4,370.89,2024-01-17,9999-12-31
502434,1685,73.86,65.95,2022-01-01,2024-09-17
502435,1685,75.62,67.52,2024-09-18,9999-12-31
502436,1686,545.38,486.95,2022-01-01,2023-08-09
502437,1686,633.74,565.84,2023-08-10,2023-09-21
502438,1686,670.99,599.1,2023-09-22,2024-01-06
502439,1686,775.61,692.51,2024-01-07,9999-12-31
502440,1687,213.86,190.95,2022-01-01,2023-10-13
502441,1687,217.55,194.24,2023-10-14,2024-10-20
502442,1687,238.87,213.28,2024-10-21,9999-12-31
502443,1688,127.62,113.95,2022-01-01,2024-09-05
502444,1688,121.14,108.16,2024-09-06,9999-12-31
502445,1689,191.46,170.95,2022-01-01,2023-05-27
502446,1689,203.58,181.77,2023-05-28,2023-06-17
502447,1689,204.04,182.18,2023-06-18,2023-12-30
502448,1689,208.82,186.45,2023-12-31,2023-12-31
502449,1689,232.13,207.26,2024-01-01,9999-12-31
502450,1690,148.9,132.95,2022-01-01,2023-11-18
502451,1690,163.67,146.13,2023-11-19,2024-02-18
502452,1690,177.31,158.31,2024-02-19,2024-03-22
502453,1690,184.07,164.35,2024-03-23,2024-05-10
502454,1690,189.25,168.97,2024-05-11,9999-12-31
502455,1691,1432.42,1278.95,2022-01-01,2023-04-06
502456,1691,1548.89,1382.94,2023-04-07,2023-04-27
502457,1691,1649.3,1472.59,2023-04-28,2024-02-09
502458,1691,1698.76,1516.75,2024-02-10,9999-12-31
502459,1692,353.86,315.95,2022-01-01,2023-12-17
502460,1692,400.81,357.87,2023-12-18,2024-09-27
502461,1692,395.14,352.8,2024-09-28,9999-12-31
502462,1693,521.86,465.95,2022-01-01,2023-05-19
502463,1693,518.76,463.18,2023-05-20,2023-07-22
502464,1693,578.02,516.09,2023-07-23,2023-08-08
502465,1693,594.57,530.87,2023-08-09,2024-05-04
502466,1693,619.51,553.13,2024-05-05,9999-12-31
502467,1694,36.9,32.95,2022-01-01,2023-08-09
502468,1694,36.24,32.36,2023-08-10,2024-01-10
502469,1694,40.05,35.76,2024-01-11,2024-08-28
502470,1694,39.09,34.9,2024-08-29,2024-10-04
502471,1694,40.1,35.8,2024-10-05,9999-12-31
502472,1695,368.42,328.95,2022-01-01,2023-12-28
502473,1695,333.69,297.94,2023-12-29,2024-07-25
502474,1695,371.71,331.88,2024-07-26,9999-12-31
502475,1696,198.18,176.95,2022-01-01,2023-08-17
502476,1696,225.56,201.39,2023-08-18,2023-12-08
502477,1696,213.36,190.5,2023-12-09,9999-12-31
502478,1697,148.9,132.95,2022-01-01,2024-09-06
502479,1697,148.34,132.45,2024-09-07,9999-12-31
502480,1698,354.98,316.95,2022-01-01,2023-12-26
502481,1698,384.07,342.92,2023-12-27,2024-08-24
502482,1698,415.12,370.64,2024-08-25,9999-12-31
502483,1699,774.98,691.95,2022-01-01,2024-01-02
502484,1699,776.09,692.94,2024-01-03,2024-03-13
502485,1699,775.56,692.46,2024-03-14,2024-08-02
502486,1699,848.09,757.22,2024-08-03,9999-12-31
502487,1700,171.3,152.95,2022-01-01,2023-08-28
502488,1700,171.23,152.88,2023-08-29,2023-10-10
502489,1700,180.62,161.27,2023-10-11,2024-07-23
502490,1700,195.22,174.3,2024-07-24,2024-08-01
502491,1700,203.28,181.5,2024-08-02,9999-12-31
502492,1701,430.02,383.95,2022-01-01,2024-01-27
502493,1701,460.61,411.26,2024-01-28,2024-02-18
502494,1701,499.28,445.79,2024-02-19,2024-08-16
502495,1701,526.4,470.0,2024-08-17,2024-11-04
502496,1701,578.79,516.78,2024-11-05,9999-12-31
502497,1702,287.78,256.95,2022-01-01,2023-09-14
502498,1702,320.78,286.41,2023-09-15,2023-11-12
502499,1702,339.79,303.38,2023-11-13,2024-02-27
502500,1702,374.82,334.66,2024-02-28,2024-04-08
502501,1702,406.67,363.1,2024-04-09,9999-12-31
502502,1703,318.02,283.95,2022-01-01,2023-03-13
502503,1703,318.91,284.74,2023-03-14,2024-08-20
502504,1703,326.32,291.36,2024-08-21,2024-09-12
502505,1703,330.3,294.91,2024-09-13,2024-09-30
502506,1703,381.0,340.18,2024-10-01,9999-12-31
502507,1704,446.82,398.95,2022-01-01,2024-06-23
502508,1704,471.54,421.02,2024-06-24,2024-11-09
502509,1704,479.16,427.82,2024-11-10,2024-11-11
502510,1704,476.29,425.26,2024-11-12,9999-12-31
502511,1705,480.42,428.95,2022-01-01,2023-07-21
502512,1705,524.24,468.07,2023-07-22,2024-06-01
502513,1705,552.92,493.68,2024-06-02,2024-06-08
502514,1705,627.86,560.59,2024-06-09,9999-12-31
502515,1706,906.02,808.95,2022-01-01,2023-04-27
502516,1706,1018.64,909.5,2023-04-28,2023-05-29
502517,1706,1044.08,932.21,2023-05-30,2023-06-14
502518,1706,1125.32,1004.75,2023-06-15,2023-07-23
502519,1706,1119.93,999.94,2023-07-24,9999-12-31
502520,1707,48.1,42.95,2022-01-01,2024-04-17
502521,1707,52.17,46.58,2024-04-18,2024-07-06
502522,1707,59.53,53.15,2024-07-07,2024-08-14
502523,1707,61.57,54.97,2024-08-15,9999-12-31
502524,1708,90.66,80.95,2022-01-01,2023-10-06
502525,1708,101.93,91.01,2023-10-07,9999-12-31
502526,1709,150.02,133.95,2022-01-01,2024-09-19
502527,1709,155.47,138.81,2024-09-20,2024-11-12
502528,1709,158.86,141.84,2024-11-13,9999-12-31
502529,1710,86.18,76.95,2022-01-01,2023-07-17
502530,1710,91.64,81.82,2023-07-18,2024-02-02
502531,1710,99.06,88.45,2024-02-03,2024-08-04
502532,1710,99.12,88.5,2024-08-05,9999-12-31
502533,1711,503.94,449.95,2022-01-01,2023-11-11
502534,1711,531.07,474.17,2023-11-12,2024-03-15
502535,1711,555.65,496.12,2024-03-16,2024-09-08
502536,1711,636.19,568.03,2024-09-09,9999-12-31
502537,1712,78.34,69.95,2022-01-01,2024-05-19
502538,1712,82.36,73.54,2024-05-20,2024-07-03
502539,1712,92.28,82.39,2024-07-04,2024-09-13
502540,1712,103.88,92.75,2024-09-14,9999-12-31
502541,1713,228.42,203.95,2022-01-01,2023-12-19
502542,1713,241.36,215.5,2023-12-20,2024-05-01
502543,1713,229.48,204.89,2024-05-02,2024-10-18
502544,1713,248.28,221.68,2024-10-19,9999-12-31
502545,1714,869.06,775.95,2022-01-01,2023-07-25
502546,1714,927.57,828.19,2023-07-26,2024-05-05
502547,1714,996.06,889.34,2024-05-06,2024-07-16
502548,1714,1097.45,979.87,2024-07-17,9999-12-31
502549,1715,290.02,258.95,2022-01-01,2023-04-09
502550,1715,304.66,272.02,2023-04-10,2023-06-07
502551,1715,319.95,285.67,2023-06-08,2024-10-06
502552,1715,362.48,323.64,2024-10-07,9999-12-31
502553,1716,70.5,62.95,2022-01-01,2024-02-10
502554,1716,73.23,65.38,2024-02-11,9999-12-31
502555,1717,199.3,177.95,2022-01-01,2023-11-27
502556,1717,216.41,193.22,2023-11-28,2024-06-12
502557,1717,238.53,212.97,2024-06-13,2024-09-13
502558,1717,246.92,220.46,2024-09-14,9999-12-31
502559,1718,1208.42,1078.95,2022-01-01,2023-08-26
502560,1718,1231.08,1099.18,2023-08-27,2024-02-15
502561,1718,1217.16,1086.75,2024-02-16,2024-07-14
502562,1718,1244.72,1111.36,2024-07-15,2024-09-06
502563,1718,1396.3,1246.7,2024-09-07,9999-12-31
502564,1719,255.3,227.95,2022-01-01,2023-11-26
502565,1719,236.76,211.39,2023-11-27,2024-08-29
502566,1719,245.65,219.33,2024-08-30,2024-09-15
502567,1719,250.96,224.07,2024-09-16,9999-12-31
502568,1720,165.7,147.95,2022-01-01,2023-09-16
502569,1720,166.44,148.61,2023-09-17,2023-12-19
502570,1720,177.82,158.77,2023-12-20,2024-11-14
502571,1720,178.73,159.58,2024-11-15,9999-12-31
502572,1721,66.02,58.95,2022-01-01,2024-03-03
502573,1721,66.49,59.37,2024-03-04,2024-04-20
502574,1721,74.51,66.53,2024-04-21,9999-12-31
502575,1722,109.7,97.95,2022-01-01,2024-01-06
502576,1722,115.76,103.36,2024-01-07,2024-06-25
502577,1722,125.2,111.79,2024-06-26,2024-09-04
502578,1722,128.58,114.8,2024-09-05,2024-11-06
502579,1722,122.81,109.65,2024-11-07,9999-12-31
502580,1723,284.42,253.95,2022-01-01,2024-02-14
502581,1723,284.57,254.08,2024-02-15,2024-07-07
502582,1723,305.38,272.66,2024-07-08,2024-08-24
502583,1723,329.97,294.62,2024-08-25,9999-12-31
502584,1724,13.38,11.95,2022-01-01,2023-04-09
502585,1724,14.99,13.38,2023-04-10,2023-10-17
502586,1724,16.84,15.04,2023-10-18,2024-02-08
502587,1724,16.08,14.36,2024-02-09,2024-04-08
502588,1724,16.62,14.84,2024-04-09,9999-12-31
502589,1725,186.98,166.95,2022-01-01,2023-08-04
502590,1725,171.15,152.81,2023-08-05,2023-11-19
502591,1725,182.11,162.6,2023-11-20,2024-08-21
502592,1725,188.5,168.3,2024-08-22,9999-12-31
502593,1726,52.58,46.95,2022-01-01,2024-01-11
502594,1726,51.91,46.35,2024-01-12,2024-05-07
502595,1726,55.53,49.58,2024-05-08,9999-12-31
502596,1727,244.1,217.95,2022-01-01,2023-08-06
502597,1727,264.94,236.55,2023-08-07,2023-12-17
502598,1727,274.95,245.49,2023-12-18,2023-12-21
502599,1727,274.83,245.38,2023-12-22,9999-12-31
502600,1728,390.82,348.95,2022-01-01,2023-06-13
502601,1728,448.64,400.57,2023-06-14,2023-09-09
502602,1728,472.35,421.74,2023-09-10,2024-05-15
502603,1728,472.12,421.54,2024-05-16,2024-08-12
502604,1728,471.93,421.37,2024-08-13,9999-12-31
502605,1729,244.1,217.95,2022-01-01,2023-10-10
502606,1729,255.55,228.17,2023-10-11,2023-11-25
502607,1729,285.54,254.95,2023-11-26,2024-02-02
502608,1729,309.8,276.61,2024-02-03,2024-06-07
502609,1729,302.41,270.01,2024-06-08,9999-12-31
502610,1730,116.42,103.95,2022-01-01,2023-08-10
502611,1730,115.26,102.91,2023-08-11,2024-01-13
502612,1730,113.36,101.21,2024-01-14,2024-06-04
502613,1730,110.43,98.6,2024-06-05,2024-10-19
502614,1730,117.11,104.56,2024-10-20,9999-12-31
502615,1731,201.54,179.95,2022-01-01,2024-08-25
502616,1731,218.0,194.64,2024-08-26,9999-12-31
502617,1732,95.14,84.95,2022-01-01,2023-09-06
502618,1732,92.33,82.44,2023-09-07,2024-01-17
502619,1732,102.13,91.19,2024-01-18,2024-08-27
502620,1732,112.34,100.3,2024-08-28,2024-10-19
502621,1732,119.22,106.45,2024-10-20,9999-12-31
502622,1733,70.5,62.95,2022-01-01,2024-08-26
502623,1733,73.35,65.49,2024-08-27,2024-10-09
502624,1733,78.61,70.19,2024-10-10,2024-10-16
502625,1733,80.05,71.47,2024-10-17,2024-10-22
502626,1733,86.39,77.13,2024-10-23,9999-12-31
502627,1734,192.58,171.95,2022-01-01,2023-09-25
502628,1734,177.64,158.61,2023-09-26,9999-12-31
502629,1735,111.94,99.95,2022-01-01,2024-02-15
502630,1735,112.5,100.45,2024-02-16,2024-09-22
502631,1735,122.99,109.81,2024-09-23,2024-10-14
502632,1735,134.0,119.64,2024-10-15,9999-12-31
502633,1736,749.22,668.95,2022-01-01,2023-11-01
502634,1736,722.43,645.03,2023-11-02,2024-02-23
502635,1736,756.92,675.82,2024-02-24,2024-05-05
502636,1736,855.29,763.65,2024-05-06,9999-12-31
502637,1737,370.66,330.95,2022-01-01,2023-11-21
502638,1737,355.17,317.12,2023-11-22,2024-06-30
502639,1737,392.94,350.84,2024-07-01,9999-12-31
502640,1738,248.58,221.95,2022-01-01,2024-01-18
502641,1738,242.05,216.12,2024-01-19,2024-10-15
502642,1738,271.43,242.35,2024-10-16,9999-12-31
502643,1739,864.58,771.95,2022-01-01,2024-03-09
502644,1739,925.34,826.2,2024-03-10,9999-12-31
502645,1740,559.94,499.95,2022-01-01,2024-04-18
502646,1740,605.09,540.26,2024-04-19,2024-04-25
502647,1740,559.59,499.63,2024-04-26,2024-04-27
502648,1740,570.82,509.66,2024-04-28,9999-12-31
502649,1741,116.42,103.95,2022-01-01,2024-08-27
502650,1741,114.95,102.63,2024-08-28,9999-12-31
502651,1742,1184.9,1057.95,2022-01-01,2024-08-17
502652,1742,1171.64,1046.11,2024-08-18,9999-12-31
502653,1743,13.38,11.95,2022-01-01,2023-06-06
502654,1743,14.17,12.65,2023-06-07,2024-02-26
502655,1743,15.77,14.08,2024-02-27,2024-03-27
502656,1743,16.42,14.66,2024-03-28,2024-05-29
502657,1743,17.24,15.39,2024-05-30,9999-12-31
502658,1744,294.5,262.95,2022-01-01,2023-06-18
502659,1744,314.66,280.95,2023-06-19,2024-04-07
502660,1744,329.09,293.83,2024-04-08,2024-04-22
502661,1744,370.98,331.23,2024-04-23,2024-10-13
502662,1744,408.82,365.02,2024-10-14,9999-12-31
502663,1745,412.1,367.95,2022-01-01,2024-04-13
502664,1745,447.91,399.92,2024-04-14,9999-12-31
502665,1746,682.02,608.95,2022-01-01,2023-07-09
502666,1746,725.26,647.55,2023-07-10,2023-07-18
502667,1746,731.65,653.26,2023-07-19,2024-05-27
502668,1746,786.16,701.93,2024-05-28,2024-10-19
502669,1746,854.73,763.15,2024-10-20,9999-12-31
502670,1747,291.14,259.95,2022-01-01,2024-03-08
502671,1747,288.42,257.52,2024-03-09,2024-07-14
502672,1747,288.41,257.51,2024-07-15,2024-07-29
502673,1747,312.56,279.07,2024-07-30,2024-09-01
502674,1747,327.64,292.54,2024-09-02,9999-12-31
502675,1748,119.78,106.95,2022-01-01,2023-10-09
502676,1748,120.94,107.98,2023-10-10,2024-01-05
502677,1748,120.21,107.33,2024-01-06,2024-04-23
502678,1748,125.6,112.14,2024-04-24,2024-07-28
502679,1748,138.57,123.72,2024-07-29,9999-12-31
502680,1749,536.42,478.95,2022-01-01,2023-02-08
502681,1749,519.51,463.85,2023-02-09,2023-03-28
502682,1749,572.6,511.25,2023-03-29,2024-05-11
502683,1749,618.91,552.6,2024-05-12,9999-12-31
502684,1750,889.22,793.95,2022-01-01,2023-12-08
502685,1750,926.62,827.34,2023-12-09,2024-03-26
502686,1750,941.57,840.69,2024-03-27,9999-12-31
502687,1751,12.26,10.95,2022-01-01,2024-01-21
502688,1751,12.67,11.31,2024-01-22,2024-02-20
502689,1751,11.84,10.57,2024-02-21,2024-07-18
502690,1751,13.29,11.87,2024-07-19,2024-11-14
502691,1751,13.54,12.09,2024-11-15,9999-12-31
502692,1752,80.58,71.95,2022-01-01,2023-02-03
502693,1752,81.32,72.61,2023-02-04,9999-12-31
502694,1753,274.34,244.95,2022-01-01,2023-04-26
502695,1753,285.01,254.47,2023-04-27,2023-10-03
502696,1753,286.33,255.65,2023-10-04,2024-11-05
502697,1753,336.74,300.66,2024-11-06,9999-12-31
502698,1754,381.86,340.95,2022-01-01,2024-03-16
502699,1754,393.85,351.65,2024-03-17,9999-12-31
502700,1755,198.18,176.95,2022-01-01,2023-04-27
502701,1755,206.35,184.24,2023-04-28,2023-08-01
502702,1755,246.79,220.35,2023-08-02,9999-12-31
502703,1756,254.18,226.95,2022-01-01,2023-11-26
502704,1756,247.69,221.15,2023-11-27,2024-01-09
502705,1756,280.1,250.09,2024-01-10,2024-03-06
502706,1756,268.25,239.51,2024-03-07,2024-04-17
502707,1756,304.34,271.73,2024-04-18,9999-12-31
502708,1757,145.54,129.95,2022-01-01,2024-04-19
502709,1757,141.29,126.15,2024-04-20,2024-10-10
502710,1757,160.78,143.55,2024-10-11,9999-12-31
502711,1758,244.1,217.95,2022-01-01,2023-01-26
502712,1758,259.83,231.99,2023-01-27,2023-03-15
502713,1758,297.88,265.96,2023-03-16,2024-02-20
502714,1758,289.65,258.62,2024-02-21,2024-06-24
502715,1758,315.13,281.37,2024-06-25,9999-12-31
502716,1759,1037.06,925.95,2022-01-01,2023-08-18
502717,1759,967.28,863.64,2023-08-19,2024-08-13
502718,1759,930.94,831.2,2024-08-14,2024-10-31
502719,1759,916.44,818.25,2024-11-01,9999-12-31
502720,1760,53.7,47.95,2022-01-01,2023-07-27
502721,1760,58.05,51.83,2023-07-28,9999-12-31
502722,1761,82.82,73.95,2022-01-01,2024-10-01
502723,1761,94.83,84.67,2024-10-02,9999-12-31
502724,1762,303.46,270.95,2022-01-01,2024-06-15
502725,1762,345.4,308.39,2024-06-16,9999-12-31
502726,1763,34.66,30.95,2022-01-01,2023-06-09
502727,1763,35.67,31.85,2023-06-10,2024-08-02
502728,1763,39.42,35.2,2024-08-03,9999-12-31
502729,1764,331.46,295.95,2022-01-01,2024-09-27
502730,1764,348.35,311.03,2024-09-28,2024-10-07
502731,1764,376.15,335.85,2024-10-08,9999-12-31
502732,1765,115.3,102.95,2022-01-01,2024-09-30
502733,1765,122.24,109.14,2024-10-01,9999-12-31
502734,1766,246.34,219.95,2022-01-01,2023-06-11
502735,1766,248.0,221.43,2023-06-12,2023-12-14
502736,1766,261.23,233.24,2023-12-15,2024-01-21
502737,1766,248.36,221.75,2024-01-22,2024-03-18
502738,1766,260.13,232.26,2024-03-19,9999-12-31
502739,1767,434.5,387.95,2022-01-01,2023-04-07
502740,1767,438.69,391.69,2023-04-08,2023-10-17
502741,1767,447.14,399.23,2023-10-18,2024-03-25
502742,1767,441.01,393.76,2024-03-26,2024-08-05
502743,1767,470.47,420.06,2024-08-06,9999-12-31
502744,1768,132.1,117.95,2022-01-01,2023-07-13
502745,1768,152.14,135.84,2023-07-14,2024-11-04
502746,1768,161.01,143.76,2024-11-05,9999-12-31
502747,1769,294.5,262.95,2022-01-01,2024-08-21
502748,1769,308.12,275.11,2024-08-22,9999-12-31
502749,1770,337.06,300.95,2022-01-01,2024-06-15
502750,1770,353.08,315.25,2024-06-16,9999-12-31
502751,1771,352.74,314.95,2022-01-01,2023-11-21
502752,1771,375.7,335.45,2023-11-22,2024-09-17
502753,1771,367.05,327.72,2024-09-18,9999-12-31
502754,1772,52.58,46.95,2022-01-01,2023-03-09
502755,1772,52.81,47.15,2023-03-10,2023-11-14
502756,1772,53.87,48.1,2023-11-15,2024-08-07
502757,1772,59.51,53.13,2024-08-08,9999-12-31
502758,1773,436.74,389.95,2022-01-01,2024-05-14
502759,1773,482.47,430.78,2024-05-15,9999-12-31
502760,1774,1261.06,1125.95,2022-01-01,2023-05-22
502761,1774,1393.04,1243.79,2023-05-23,2024-05-01
502762,1774,1426.01,1273.22,2024-05-02,2024-09-02
502763,1774,1455.53,1299.58,2024-09-03,2024-11-06
502764,1774,1571.89,1403.47,2024-11-07,9999-12-31
502765,1775,269.86,240.95,2022-01-01,2024-03-05
502766,1775,272.22,243.05,2024-03-06,2024-07-18
502767,1775,288.76,257.82,2024-07-19,9999-12-31
502768,1776,148.9,132.95,2022-01-01,2023-12-22
502769,1776,163.86,146.3,2023-12-23,2024-06-06
502770,1776,171.98,153.55,2024-06-07,9999-12-31
502771,1777,151.14,134.95,2022-01-01,2023-11-17
502772,1777,141.15,126.03,2023-11-18,2024-04-24
502773,1777,161.64,144.32,2024-04-25,9999-12-31
502774,1778,109.7,97.95,2022-01-01,2023-12-27
502775,1778,120.84,107.89,2023-12-28,9999-12-31
502776,1779,256.42,228.95,2022-01-01,2023-04-22
502777,1779,246.19,219.81,2023-04-23,2023-05-02
502778,1779,259.96,232.11,2023-05-03,2023-09-09
502779,1779,282.41,252.15,2023-09-10,9999-12-31
502780,1780,441.22,393.95,2022-01-01,2024-08-09
502781,1780,491.89,439.19,2024-08-10,2024-10-10
502782,1780,521.0,465.18,2024-10-11,9999-12-31
502783,1781,163.46,145.95,2022-01-01,2024-02-19
502784,1781,160.55,143.35,2024-02-20,2024-10-10
502785,1781,166.29,148.47,2024-10-11,9999-12-31
502786,1782,974.34,869.95,2022-01-01,2023-06-24
502787,1782,940.03,839.31,2023-06-25,2023-08-21
502788,1782,1124.54,1004.05,2023-08-22,2023-09-07
502789,1782,1113.93,994.58,2023-09-08,2024-05-23
502790,1782,1232.48,1100.43,2024-05-24,9999-12-31
502791,1783,222.82,198.95,2022-01-01,2023-03-28
502792,1783,239.09,213.47,2023-03-29,2023-09-04
502793,1783,265.75,237.28,2023-09-05,2024-09-17
502794,1783,259.18,231.41,2024-09-18,2024-11-06
502795,1783,284.39,253.92,2024-11-07,9999-12-31
502796,1784,152.26,135.95,2022-01-01,2023-11-13
502797,1784,150.76,134.61,2023-11-14,2024-01-17
502798,1784,160.2,143.04,2024-01-18,2024-01-23
502799,1784,172.07,153.63,2024-01-24,2024-06-20
502800,1784,179.93,160.65,2024-06-21,9999-12-31
502801,1785,144.42,128.95,2022-01-01,2023-09-30
502802,1785,153.42,136.98,2023-10-01,2023-11-09
502803,1785,167.37,149.44,2023-11-10,2024-03-20
502804,1785,173.03,154.49,2024-03-21,9999-12-31
502805,1786,81.7,72.95,2022-01-01,2024-02-12
502806,1786,79.5,70.98,2024-02-13,9999-12-31
502807,1787,22.34,19.95,2022-01-01,2024-03-20
502808,1787,22.59,20.17,2024-03-21,2024-06-27
502809,1787,22.81,20.37,2024-06-28,2024-10-13
502810,1787,24.72,22.07,2024-10-14,9999-12-31
502811,1788,281.06,250.95,2022-01-01,2023-12-28
502812,1788,303.26,270.77,2023-12-29,2024-06-05
502813,1788,297.86,265.95,2024-06-06,2024-06-09
502814,1788,329.87,294.53,2024-06-10,2024-07-25
502815,1788,347.33,310.12,2024-07-26,9999-12-31
502816,1789,688.74,614.95,2022-01-01,2023-05-11
502817,1789,699.16,624.25,2023-05-12,2023-08-25
502818,1789,749.39,669.1,2023-08-26,2023-12-28
502819,1789,816.82,729.3,2023-12-29,9999-12-31
502820,1790,74.98,66.95,2022-01-01,2023-09-06
502821,1790,82.69,73.83,2023-09-07,2024-02-15
502822,1790,87.25,77.9,2024-02-16,2024-09-30
502823,1790,90.88,81.14,2024-10-01,9999-12-31
502824,1791,461.38,411.95,2022-01-01,2023-09-15
502825,1791,528.62,471.98,2023-09-16,2024-02-04
502826,1791,529.38,472.66,2024-02-05,2024-05-26
502827,1791,563.26,502.91,2024-05-27,9999-12-31
502828,1792,226.18,201.95,2022-01-01,2024-07-29
502829,1792,220.48,196.86,2024-07-30,2024-11-06
502830,1792,212.52,189.75,2024-11-07,9999-12-31
502831,1793,455.78,406.95,2022-01-01,2024-08-26
502832,1793,483.58,431.77,2024-08-27,9999-12-31
502833,1794,809.7,722.95,2022-01-01,2023-10-11
502834,1794,828.64,739.86,2023-10-12,2024-04-20
502835,1794,856.53,764.76,2024-04-21,9999-12-31
502836,1795,144.42,128.95,2022-01-01,2024-04-09
502837,1795,147.71,131.88,2024-04-10,9999-12-31
502838,1796,381.86,340.95,2022-01-01,2023-08-02
502839,1796,383.95,342.81,2023-08-03,2024-01-12
502840,1796,386.64,345.21,2024-01-13,9999-12-31
502841,1797,508.42,453.95,2022-01-01,2023-10-31
502842,1797,472.68,422.04,2023-11-01,2024-01-06
502843,1797,481.75,430.13,2024-01-07,2024-05-22
502844,1797,532.46,475.41,2024-05-23,2024-08-21
502845,1797,574.75,513.17,2024-08-22,9999-12-31
502846,1798,200.42,178.95,2022-01-01,2024-04-18
502847,1798,200.96,179.43,2024-04-19,9999-12-31
502848,1799,94.02,83.95,2022-01-01,2024-03-05
502849,1799,94.98,84.8,2024-03-06,2024-07-19
502850,1799,101.08,90.25,2024-07-20,9999-12-31
502851,1800,337.06,300.95,2022-01-01,2023-02-11
502852,1800,355.38,317.3,2023-02-12,2024-08-05
502853,1800,361.44,322.71,2024-08-06,2024-08-27
502854,1800,360.23,321.63,2024-08-28,9999-12-31
502855,1801,217.22,193.95,2022-01-01,2024-05-30
502856,1801,226.56,202.29,2024-05-31,9999-12-31
502857,1802,886.98,791.95,2022-01-01,2023-03-17
502858,1802,873.69,780.08,2023-03-18,2023-07-09
502859,1802,893.09,797.4,2023-07-10,2023-10-24
502860,1802,915.84,817.71,2023-10-25,9999-12-31
502861,1803,668.58,596.95,2022-01-01,2023-09-22
502862,1803,730.54,652.27,2023-09-23,9999-12-31
502863,1804,375.14,334.95,2022-01-01,2023-07-13
502864,1804,417.97,373.19,2023-07-14,2023-09-19
502865,1804,420.92,375.82,2023-09-20,2023-09-29
502866,1804,425.67,380.06,2023-09-30,9999-12-31
502867,1805,48.1,42.95,2022-01-01,2023-10-07
502868,1805,46.96,41.93,2023-10-08,2023-10-30
502869,1805,52.66,47.02,2023-10-31,2023-12-27
502870,1805,53.8,48.04,2023-12-28,2024-01-12
502871,1805,51.8,46.25,2024-01-13,9999-12-31
502872,1806,590.18,526.95,2022-01-01,2024-05-25
502873,1806,608.9,543.66,2024-05-26,2024-08-30
502874,1806,625.76,558.71,2024-08-31,9999-12-31
502875,1807,1490.66,1330.95,2022-01-01,2023-09-15
502876,1807,1449.54,1294.23,2023-09-16,9999-12-31
502877,1808,124.26,110.95,2022-01-01,2024-08-04
502878,1808,121.89,108.83,2024-08-05,9999-12-31
502879,1809,491.62,438.95,2022-01-01,2024-06-19
502880,1809,578.5,516.52,2024-06-20,9999-12-31
502881,1810,1063.94,949.95,2022-01-01,2023-09-05
502882,1810,1155.3,1031.52,2023-09-06,2023-10-12
502883,1810,1192.0,1064.29,2023-10-13,9999-12-31
502884,1811,70.5,62.95,2022-01-01,2024-08-11
502885,1811,73.75,65.85,2024-08-12,2024-10-05
502886,1811,77.82,69.48,2024-10-06,9999-12-31
502887,1812,100.74,89.95,2022-01-01,2024-09-30
502888,1812,112.68,100.61,2024-10-01,2024-10-02
502889,1812,117.61,105.01,2024-10-03,2024-11-12
502890,1812,122.4,109.29,2024-11-13,9999-12-31
502891,1813,1228.58,1096.95,2022-01-01,2024-05-25
502892,1813,1247.98,1114.27,2024-05-26,9999-12-31
502893,1814,134.34,119.95,2022-01-01,2024-03-03
502894,1814,151.93,135.65,2024-03-04,2024-04-12
502895,1814,158.89,141.87,2024-04-13,2024-06-17
502896,1814,177.87,158.81,2024-06-18,9999-12-31
502897,1815,181.38,161.95,2022-01-01,2023-11-03
502898,1815,199.25,177.9,2023-11-04,2024-03-18
502899,1815,185.61,165.72,2024-03-19,2024-06-14
502900,1815,208.84,186.46,2024-06-15,2024-07-21
502901,1815,217.44,194.14,2024-07-22,9999-12-31
502902,1816,136.58,121.95,2022-01-01,2023-10-03
502903,1816,146.32,130.64,2023-10-04,9999-12-31
502904,1817,376.26,335.95,2022-01-01,2023-05-06
502905,1817,388.49,346.87,2023-05-07,2023-11-27
502906,1817,366.62,327.34,2023-11-28,2024-08-18
502907,1817,386.8,345.36,2024-08-19,9999-12-31
502908,1818,72.74,64.95,2022-01-01,2023-07-21
502909,1818,74.75,66.74,2023-07-22,2023-08-09
502910,1818,74.5,66.52,2023-08-10,2023-12-27
502911,1818,75.4,67.32,2023-12-28,2024-08-09
502912,1818,78.0,69.64,2024-08-10,9999-12-31
502913,1819,64.9,57.95,2022-01-01,2023-12-29
502914,1819,76.25,68.08,2023-12-30,2024-09-08
502915,1819,78.47,70.06,2024-09-09,2024-09-16
502916,1819,84.3,75.27,2024-09-17,9999-12-31
502917,1820,150.02,133.95,2022-01-01,2024-01-12
502918,1820,152.08,135.79,2024-01-13,2024-07-10
502919,1820,169.89,151.69,2024-07-11,9999-12-31
502920,1821,106.34,94.95,2022-01-01,2023-04-14
502921,1821,114.4,102.14,2023-04-15,2024-01-10
502922,1821,115.63,103.24,2024-01-11,9999-12-31
502923,1822,248.58,221.95,2022-01-01,2024-01-19
502924,1822,253.99,226.78,2024-01-20,2024-02-23
502925,1822,280.29,250.26,2024-02-24,2024-03-04
502926,1822,322.07,287.56,2024-03-05,9999-12-31
502927,1823,262.02,233.95,2022-01-01,2023-05-01
502928,1823,254.11,226.88,2023-05-02,2023-11-03
502929,1823,272.64,243.43,2023-11-04,2024-03-03
502930,1823,278.25,248.44,2024-03-04,9999-12-31
502931,1824,434.5,387.95,2022-01-01,2023-11-04
502932,1824,492.69,439.9,2023-11-05,2024-08-19
502933,1824,554.72,495.29,2024-08-20,2024-10-05
502934,1824,592.76,529.25,2024-10-06,9999-12-31
502935,1825,619.3,552.95,2022-01-01,2024-01-09
502936,1825,604.03,539.31,2024-01-10,2024-10-08
502937,1825,645.74,576.55,2024-10-09,9999-12-31
502938,1826,118.66,105.95,2022-01-01,2023-10-11
502939,1826,116.94,104.41,2023-10-12,9999-12-31
502940,1827,128.74,114.95,2022-01-01,2023-11-15
502941,1827,130.83,116.81,2023-11-16,9999-12-31
502942,1828,52.58,46.95,2022-01-01,2023-07-21
502943,1828,52.06,46.48,2023-07-22,2024-05-03
502944,1828,47.88,42.75,2024-05-04,9999-12-31
502945,1829,274.34,244.95,2022-01-01,2023-11-12
502946,1829,272.68,243.46,2023-11-13,2024-06-06
502947,1829,284.56,254.07,2024-06-07,9999-12-31
502948,1830,115.3,102.95,2022-01-01,2023-12-02
502949,1830,124.76,111.39,2023-12-03,2024-06-16
502950,1830,117.54,104.95,2024-06-17,2024-06-20
502951,1830,126.16,112.64,2024-06-21,2024-10-07
502952,1830,123.44,110.21,2024-10-08,9999-12-31
502953,1831,340.42,303.95,2022-01-01,2024-03-17
502954,1831,359.13,320.65,2024-03-18,9999-12-31
502955,1832,64.9,57.95,2022-01-01,2023-04-05
502956,1832,70.73,63.15,2023-04-06,2023-08-24
502957,1832,75.36,67.29,2023-08-25,2023-11-09
502958,1832,74.64,66.64,2023-11-10,9999-12-31
502959,1833,108.58,96.95,2022-01-01,2024-06-27
502960,1833,110.23,98.42,2024-06-28,2024-07-24
502961,1833,116.52,104.04,2024-07-25,2024-09-30
502962,1833,133.26,118.98,2024-10-01,2024-10-18
502963,1833,139.31,124.38,2024-10-19,9999-12-31
502964,1834,251.94,224.95,2022-01-01,2023-04-09
502965,1834,276.18,246.59,2023-04-10,2023-04-27
502966,1834,270.66,241.66,2023-04-28,2024-01-07
502967,1834,272.9,243.66,2024-01-08,2024-07-15
502968,1834,267.0,238.39,2024-07-16,9999-12-31
502969,1835,595.78,531.95,2022-01-01,2024-01-13
502970,1835,665.84,594.5,2024-01-14,9999-12-31
502971,1836,108.58,96.95,2022-01-01,2024-01-29
502972,1836,114.64,102.36,2024-01-30,2024-06-09
502973,1836,117.28,104.71,2024-06-10,2024-07-20
502974,1836,124.33,111.01,2024-07-21,2024-10-02
502975,1836,136.57,121.94,2024-10-03,9999-12-31
502976,1837,141.06,125.95,2022-01-01,2023-08-18
502977,1837,148.36,132.46,2023-08-19,2023-11-07
502978,1837,144.12,128.68,2023-11-08,2024-07-27
502979,1837,138.07,123.28,2024-07-28,9999-12-31
502980,1838,153.38,136.95,2022-01-01,2023-02-15
502981,1838,155.77,139.08,2023-02-16,2023-11-13
502982,1838,158.91,141.88,2023-11-14,9999-12-31
502983,1839,85.06,75.95,2022-01-01,2023-11-10
502984,1839,79.21,70.72,2023-11-11,2024-03-05
502985,1839,80.63,71.99,2024-03-06,2024-05-19
502986,1839,77.18,68.91,2024-05-20,9999-12-31
502987,1840,309.06,275.95,2022-01-01,2024-01-15
502988,1840,300.74,268.52,2024-01-16,2024-06-26
502989,1840,316.23,282.35,2024-06-27,2024-08-21
502990,1840,316.41,282.51,2024-08-22,9999-12-31
502991,1841,239.62,213.95,2022-01-01,2023-10-07
502992,1841,247.76,221.21,2023-10-08,2024-06-03
502993,1841,231.57,206.76,2024-06-04,2024-06-24
502994,1841,248.66,222.02,2024-06-25,9999-12-31
502995,1842,1203.94,1074.95,2022-01-01,2023-04-20
502996,1842,1234.84,1102.54,2023-04-21,2024-04-09
502997,1842,1332.8,1190.0,2024-04-10,2024-05-28
502998,1842,1340.51,1196.88,2024-05-29,9999-12-31
502999,1843,258.66,230.95,2022-01-01,2023-06-02
503000,1843,252.24,225.21,2023-06-03,2024-05-10
503001,1843,278.91,249.03,2024-05-11,9999-12-31
503002,1844,82.82,73.95,2022-01-01,2024-06-27
503003,1844,92.59,82.67,2024-06-28,2024-10-06
503004,1844,90.14,80.48,2024-10-07,9999-12-31
503005,1845,670.82,598.95,2022-01-01,2023-06-15
503006,1845,703.58,628.2,2023-06-16,2024-01-17
503007,1845,715.1,638.48,2024-01-18,2024-06-20
503008,1845,759.02,677.7,2024-06-21,2024-10-25
503009,1845,782.48,698.64,2024-10-26,9999-12-31
503010,1846,298.98,266.95,2022-01-01,2023-03-10
503011,1846,329.2,293.93,2023-03-11,2023-11-09
503012,1846,353.7,315.8,2023-11-10,2024-04-24
503013,1846,333.44,297.71,2024-04-25,2024-05-28
503014,1846,329.77,294.44,2024-05-29,9999-12-31
503015,1847,272.1,242.95,2022-01-01,2024-07-25
503016,1847,274.72,245.29,2024-07-26,9999-12-31
503017,1848,11.14,9.95,2022-01-01,2023-06-10
503018,1848,11.52,10.29,2023-06-11,2024-01-22
503019,1848,12.52,11.18,2024-01-23,9999-12-31
503020,1849,279.94,249.95,2022-01-01,2023-04-08
503021,1849,306.47,273.63,2023-04-09,2023-09-30
503022,1849,295.98,264.27,2023-10-01,2024-01-12
503023,1849,299.36,267.29,2024-01-13,2024-02-04
503024,1849,290.17,259.08,2024-02-05,9999-12-31
503025,1850,941.86,840.95,2022-01-01,2023-10-03
503026,1850,933.97,833.9,2023-10-04,2023-10-13
503027,1850,994.67,888.1,2023-10-14,2023-10-16
503028,1850,1030.2,919.82,2023-10-17,2024-01-04
503029,1850,1103.73,985.47,2024-01-05,9999-12-31
503030,1851,1444.74,1289.95,2022-01-01,2023-11-22
503031,1851,1519.27,1356.49,2023-11-23,9999-12-31
503032,1852,489.38,436.95,2022-01-01,2024-01-23
503033,1852,536.63,479.13,2024-01-24,2024-04-11
503034,1852,556.57,496.94,2024-04-12,2024-04-27
503035,1852,534.51,477.24,2024-04-28,2024-08-01
503036,1852,575.6,513.93,2024-08-02,9999-12-31
503037,1853,61.54,54.95,2022-01-01,2023-08-02
503038,1853,68.73,61.37,2023-08-03,2024-07-05
503039,1853,74.01,66.08,2024-07-06,9999-12-31
503040,1854,1244.26,1110.95,2022-01-01,2024-03-13
503041,1854,1288.52,1150.46,2024-03-14,9999-12-31
503042,1855,295.62,263.95,2022-01-01,2024-10-30
503043,1855,323.34,288.7,2024-10-31,9999-12-31
503044,1856,30.18,26.95,2022-01-01,2024-05-05
503045,1856,33.12,29.57,2024-05-06,9999-12-31
503046,1857,109.7,97.95,2022-01-01,2023-09-01
503047,1857,118.05,105.4,2023-09-02,2023-10-26
503048,1857,129.75,115.85,2023-10-27,2024-04-23
503049,1857,122.92,109.75,2024-04-24,2024-10-21
503050,1857,139.55,124.6,2024-10-22,9999-12-31
503051,1858,129.86,115.95,2022-01-01,2023-06-21
503052,1858,142.91,127.6,2023-06-22,2023-09-02
503053,1858,153.87,137.38,2023-09-03,9999-12-31
503054,1859,338.18,301.95,2022-01-01,2024-01-16
503055,1859,359.23,320.74,2024-01-17,2024-06-07
503056,1859,400.2,357.32,2024-06-08,2024-06-23
503057,1859,395.6,353.21,2024-06-24,9999-12-31
503058,1860,152.26,135.95,2022-01-01,2023-12-03
503059,1860,165.18,147.48,2023-12-04,2024-03-25
503060,1860,168.46,150.41,2024-03-26,2024-08-08
503061,1860,166.24,148.43,2024-08-09,9999-12-31
503062,1861,424.42,378.95,2022-01-01,2024-02-05
503063,1861,477.33,426.19,2024-02-06,2024-03-13
503064,1861,516.79,461.42,2024-03-14,2024-05-27
503065,1861,529.64,472.89,2024-05-28,9999-12-31
503066,1862,1474.98,1316.95,2022-01-01,2023-08-06
503067,1862,1561.19,1393.92,2023-08-07,2023-12-14
503068,1862,1609.0,1436.61,2023-12-15,2024-08-02
503069,1862,1686.56,1505.86,2024-08-03,2024-09-23
503070,1862,1734.02,1548.23,2024-09-24,9999-12-31
503071,1863,100.74,89.95,2022-01-01,2024-09-03
503072,1863,108.12,96.54,2024-09-04,2024-10-25
503073,1863,97.17,86.76,2024-10-26,9999-12-31
503074,1864,39.14,34.95,2022-01-01,2023-05-11
503075,1864,40.43,36.1,2023-05-12,2023-11-08
503076,1864,41.36,36.93,2023-11-09,2024-01-04
503077,1864,41.97,37.47,2024-01-05,2024-04-16
503078,1864,45.61,40.72,2024-04-17,9999-12-31
503079,1865,357.22,318.95,2022-01-01,2023-04-04
503080,1865,347.86,310.59,2023-04-05,9999-12-31
503081,1866,304.58,271.95,2022-01-01,2024-02-27
503082,1866,327.95,292.81,2024-02-28,2024-04-04
503083,1866,355.8,317.68,2024-04-05,2024-08-23
503084,1866,351.53,313.87,2024-08-24,9999-12-31
503085,1867,502.82,448.95,2022-01-01,2024-03-23
503086,1867,467.29,417.22,2024-03-24,2024-07-03
503087,1867,497.38,444.09,2024-07-04,9999-12-31
503088,1868,88.42,78.95,2022-01-01,2023-07-20
503089,1868,88.13,78.69,2023-07-21,9999-12-31
503090,1869,384.1,342.95,2022-01-01,2024-04-16
503091,1869,404.39,361.06,2024-04-17,9999-12-31
503092,1870,562.18,501.95,2022-01-01,2023-06-27
503093,1870,571.87,510.6,2023-06-28,2023-09-01
503094,1870,594.91,531.17,2023-09-02,2023-11-08
503095,1870,617.98,551.77,2023-11-09,2023-12-30
503096,1870,663.2,592.14,2023-12-31,9999-12-31
503097,1871,302.34,269.95,2022-01-01,2023-07-14
503098,1871,342.98,306.23,2023-07-15,2023-09-21
503099,1871,353.84,315.93,2023-09-22,9999-12-31
503100,1872,406.5,362.95,2022-01-01,2024-06-05
503101,1872,375.02,334.84,2024-06-06,9999-12-31
503102,1873,269.86,240.95,2022-01-01,2023-10-15
503103,1873,274.96,245.5,2023-10-16,2024-03-04
503104,1873,245.44,219.14,2024-03-05,9999-12-31
503105,1874,132.1,117.95,2022-01-01,2023-05-12
503106,1874,136.8,122.14,2023-05-13,2023-12-26
503107,1874,143.76,128.36,2023-12-27,9999-12-31
503108,1875,274.34,244.95,2022-01-01,2024-04-02
503109,1875,278.25,248.44,2024-04-03,9999-12-31
503110,1876,1405.54,1254.95,2022-01-01,2024-08-09
503111,1876,1490.82,1331.09,2024-08-10,2024-10-31
503112,1876,1475.22,1317.16,2024-11-01,9999-12-31
503113,1877,329.22,293.95,2022-01-01,2023-07-31
503114,1877,344.25,307.37,2023-08-01,2024-07-30
503115,1877,361.22,322.52,2024-07-31,2024-09-12
503116,1877,371.21,331.44,2024-09-13,2024-10-07
503117,1877,415.42,370.91,2024-10-08,9999-12-31
503118,1878,57.06,50.95,2022-01-01,2023-12-31
503119,1878,57.61,51.44,2024-01-01,2024-03-04
503120,1878,62.89,56.15,2024-03-05,2024-07-22
503121,1878,68.12,60.82,2024-07-23,2024-10-28
503122,1878,69.15,61.74,2024-10-29,9999-12-31
503123,1879,302.34,269.95,2022-01-01,2023-06-13
503124,1879,305.52,272.79,2023-06-14,2023-09-08
503125,1879,324.21,289.47,2023-09-09,2024-05-01
503126,1879,334.23,298.42,2024-05-02,9999-12-31
503127,1880,570.02,508.95,2022-01-01,2023-04-08
503128,1880,618.58,552.3,2023-04-09,2023-11-29
503129,1880,611.69,546.15,2023-11-30,2024-03-15
503130,1880,632.28,564.54,2024-03-16,2024-09-16
503131,1880,568.49,507.58,2024-09-17,9999-12-31
503132,1881,591.3,527.95,2022-01-01,2024-09-21
503133,1881,598.72,534.57,2024-09-22,9999-12-31
503134,1882,250.82,223.95,2022-01-01,2023-02-27
503135,1882,218.74,195.3,2023-02-28,2023-05-15
503136,1882,247.55,221.03,2023-05-16,2024-06-22
503137,1882,248.52,221.89,2024-06-23,9999-12-31
503138,1883,242.98,216.95,2022-01-01,2023-07-15
503139,1883,257.48,229.89,2023-07-16,9999-12-31
503140,1884,992.26,885.95,2022-01-01,2024-05-11
503141,1884,872.03,778.6,2024-05-12,9999-12-31
503142,1885,1206.18,1076.95,2022-01-01,2023-04-24
503143,1885,1334.31,1191.35,2023-04-25,2023-06-05
503144,1885,1419.91,1267.78,2023-06-06,2023-11-20
503145,1885,1378.69,1230.97,2023-11-21,9999-12-31
503146,1886,132.1,117.95,2022-01-01,2024-10-26
503147,1886,134.28,119.89,2024-10-27,9999-12-31
503148,1887,515.14,459.95,2022-01-01,2024-09-25
503149,1887,632.68,564.89,2024-09-26,9999-12-31
503150,1888,191.46,170.95,2022-01-01,2023-08-13
503151,1888,204.22,182.34,2023-08-14,2024-08-31
503152,1888,223.45,199.51,2024-09-01,9999-12-31
503153,1889,34.66,30.95,2022-01-01,2023-05-01
503154,1889,35.45,31.65,2023-05-02,9999-12-31
503155,1890,49.22,43.95,2022-01-01,2024-08-12
503156,1890,49.88,44.54,2024-08-13,9999-12-31
503157,1891,78.34,69.95,2022-01-01,2024-02-16
503158,1891,80.81,72.15,2024-02-17,2024-03-23
503159,1891,86.37,77.12,2024-03-24,2024-03-26
503160,1891,88.27,78.81,2024-03-27,2024-11-09
503161,1891,88.95,79.42,2024-11-10,9999-12-31
503162,1892,876.9,782.95,2022-01-01,2023-06-27
503163,1892,899.76,803.36,2023-06-28,9999-12-31
503164,1893,86.18,76.95,2022-01-01,2024-01-05
503165,1893,82.81,73.94,2024-01-06,9999-12-31
503166,1894,1206.18,1076.95,2022-01-01,2023-10-08
503167,1894,1222.19,1091.24,2023-10-09,2024-01-25
503168,1894,1271.76,1135.5,2024-01-26,2024-10-16
503169,1894,1436.72,1282.79,2024-10-17,9999-12-31
503170,1895,478.18,426.95,2022-01-01,2023-11-20
503171,1895,474.51,423.67,2023-11-21,9999-12-31
503172,1896,344.9,307.95,2022-01-01,2024-01-21
503173,1896,345.89,308.83,2024-01-22,9999-12-31
503174,1897,443.46,395.95,2022-01-01,2024-05-02
503175,1897,476.8,425.71,2024-05-03,2024-09-24
503176,1897,466.61,416.62,2024-09-25,9999-12-31
503177,1898,493.86,440.95,2022-01-01,2024-06-15
503178,1898,471.13,420.65,2024-06-16,2024-08-14
503179,1898,502.24,448.43,2024-08-15,9999-12-31
503180,1899,53.7,47.95,2022-01-01,2023-12-17
503181,1899,47.5,42.41,2023-12-18,2024-04-25
503182,1899,51.44,45.93,2024-04-26,2024-08-02
503183,1899,52.1,46.52,2024-08-03,2024-09-29
503184,1899,54.19,48.38,2024-09-30,9999-12-31
503185,1900,156.74,139.95,2022-01-01,2024-03-21
503186,1900,160.72,143.5,2024-03-22,2024-04-30
503187,1900,174.16,155.5,2024-05-01,2024-06-25
503188,1900,195.85,174.87,2024-06-26,2024-11-02
503189,1900,189.34,169.05,2024-11-03,9999-12-31
503190,1901,358.34,319.95,2022-01-01,2023-08-02
503191,1901,391.22,349.3,2023-08-03,2023-11-14
503192,1901,434.47,387.92,2023-11-15,2024-10-27
503193,1901,476.3,425.27,2024-10-28,9999-12-31
503194,1902,518.5,462.95,2022-01-01,2024-01-24
503195,1902,517.47,462.03,2024-01-25,9999-12-31
503196,1903,427.78,381.95,2022-01-01,2023-08-03
503197,1903,473.77,423.01,2023-08-04,2024-06-03
503198,1903,543.82,485.55,2024-06-04,9999-12-31
503199,1904,231.78,206.95,2022-01-01,2024-03-26
503200,1904,245.27,218.99,2024-03-27,9999-12-31
503201,1905,181.38,161.95,2022-01-01,2023-08-30
503202,1905,198.96,177.64,2023-08-31,2024-03-22
503203,1905,210.56,188.0,2024-03-23,2024-04-22
503204,1905,223.01,199.12,2024-04-23,2024-10-15
503205,1905,244.53,218.33,2024-10-16,9999-12-31
503206,1906,510.66,455.95,2022-01-01,2023-11-26
503207,1906,511.25,456.47,2023-11-27,2024-09-15
503208,1906,506.72,452.43,2024-09-16,9999-12-31
503209,1907,882.5,787.95,2022-01-01,2023-09-20
503210,1907,935.89,835.62,2023-09-21,2023-12-27
503211,1907,916.07,817.92,2023-12-28,2024-06-05
503212,1907,897.46,801.3,2024-06-06,9999-12-31
503213,1908,274.34,244.95,2022-01-01,2024-04-03
503214,1908,261.28,233.29,2024-04-04,2024-09-06
503215,1908,264.63,236.28,2024-09-07,2024-10-14
503216,1908,299.52,267.43,2024-10-15,9999-12-31
503217,1909,1143.46,1020.95,2022-01-01,2023-02-09
503218,1909,1207.86,1078.45,2023-02-10,9999-12-31
503219,1910,667.46,595.95,2022-01-01,2023-09-01
503220,1910,728.28,650.25,2023-09-02,9999-12-31
503221,1911,45.86,40.95,2022-01-01,2023-02-13
503222,1911,44.79,39.99,2023-02-14,2023-07-22
503223,1911,49.02,43.77,2023-07-23,2023-11-23
503224,1911,52.46,46.84,2023-11-24,2024-04-11
503225,1911,54.26,48.45,2024-04-12,9999-12-31
503226,1912,90.66,80.95,2022-01-01,2023-06-23
503227,1912,80.92,72.25,2023-06-24,2023-11-01
503228,1912,88.98,79.45,2023-11-02,2023-12-18
503229,1912,91.39,81.6,2023-12-19,9999-12-31
503230,1913,974.34,869.95,2022-01-01,2023-06-01
503231,1913,1089.79,973.03,2023-06-02,2023-07-20
503232,1913,1167.44,1042.36,2023-07-21,2024-07-19
503233,1913,1255.02,1120.55,2024-07-20,9999-12-31
503234,1914,837.7,747.95,2022-01-01,2024-09-09
503235,1914,891.08,795.61,2024-09-10,9999-12-31
503236,1915,1240.9,1107.95,2022-01-01,2024-06-02
503237,1915,1422.68,1270.25,2024-06-03,9999-12-31
503238,1916,44.74,39.95,2022-01-01,2024-01-10
503239,1916,44.56,39.79,2024-01-11,2024-04-05
503240,1916,43.1,38.48,2024-04-06,2024-04-08
503241,1916,43.37,38.72,2024-04-09,2024-09-29
503242,1916,45.37,40.51,2024-09-30,9999-12-31
503243,1917,897.06,800.95,2022-01-01,2023-05-29
503244,1917,1021.43,911.99,2023-05-30,9999-12-31
503245,1918,516.26,460.95,2022-01-01,2023-09-19
503246,1918,599.36,535.14,2023-09-20,9999-12-31
503247,1919,130.98,116.95,2022-01-01,2023-02-13
503248,1919,135.27,120.78,2023-02-14,2023-05-29
503249,1919,156.2,139.46,2023-05-30,2023-11-28
503250,1919,167.85,149.87,2023-11-29,2024-11-03
503251,1919,172.78,154.27,2024-11-04,9999-12-31
503252,1920,178.02,158.95,2022-01-01,2023-11-07
503253,1920,185.55,165.67,2023-11-08,2024-04-28
503254,1920,195.51,174.56,2024-04-29,2024-06-18
503255,1920,199.38,178.02,2024-06-19,9999-12-31
503256,1921,61.54,54.95,2022-01-01,2023-07-22
503257,1921,61.89,55.26,2023-07-23,2023-11-07
503258,1921,59.42,53.05,2023-11-08,2024-03-10
503259,1921,59.21,52.87,2024-03-11,9999-12-31
503260,1922,31.3,27.95,2022-01-01,2024-02-25
503261,1922,31.25,27.9,2024-02-26,2024-06-23
503262,1922,31.68,28.29,2024-06-24,2024-09-14
503263,1922,34.89,31.15,2024-09-15,9999-12-31
503264,1923,115.3,102.95,2022-01-01,2023-04-26
503265,1923,131.41,117.33,2023-04-27,2023-09-19
503266,1923,128.16,114.43,2023-09-20,2023-12-14
503267,1923,133.03,118.78,2023-12-15,2024-09-07
503268,1923,142.63,127.35,2024-09-08,9999-12-31
503269,1924,279.94,249.95,2022-01-01,2023-03-14
503270,1924,304.18,271.59,2023-03-15,2024-11-11
503271,1924,310.44,277.18,2024-11-12,9999-12-31
503272,1925,332.58,296.95,2022-01-01,2024-03-21
503273,1925,334.52,298.68,2024-03-22,2024-11-12
503274,1925,332.82,297.16,2024-11-13,9999-12-31
503275,1926,55.94,49.95,2022-01-01,2023-07-01
503276,1926,55.9,49.91,2023-07-02,2024-02-10
503277,1926,58.76,52.46,2024-02-11,2024-02-18
503278,1926,64.94,57.98,2024-02-19,2024-05-18
503279,1926,62.85,56.12,2024-05-19,9999-12-31
503280,1927,1510.82,1348.95,2022-01-01,2024-02-13
503281,1927,1503.68,1342.57,2024-02-14,2024-05-13
503282,1927,1749.89,1562.4,2024-05-14,2024-07-02
503283,1927,2000.32,1786.0,2024-07-03,2024-11-07
503284,1927,2057.51,1837.06,2024-11-08,9999-12-31
503285,1928,594.66,530.95,2022-01-01,2023-05-05
503286,1928,592.02,528.59,2023-05-06,2024-01-22
503287,1928,623.99,557.13,2024-01-23,2024-01-31
503288,1928,643.57,574.62,2024-02-01,2024-08-02
503289,1928,752.51,671.88,2024-08-03,9999-12-31
503290,1929,148.9,132.95,2022-01-01,2023-05-16
503291,1929,166.06,148.27,2023-05-17,2023-08-19
503292,1929,173.68,155.07,2023-08-20,2023-10-01
503293,1929,185.9,165.98,2023-10-02,2024-09-07
503294,1929,183.76,164.07,2024-09-08,9999-12-31
503295,1930,102.98,91.95,2022-01-01,2024-04-07
503296,1930,112.11,100.1,2024-04-08,2024-04-16
503297,1930,124.2,110.89,2024-04-17,2024-08-04
503298,1930,129.93,116.01,2024-08-05,2024-08-06
503299,1930,140.9,125.8,2024-08-07,9999-12-31
503300,1931,408.74,364.95,2022-01-01,2024-01-17
503301,1931,469.12,418.86,2024-01-18,2024-09-08
503302,1931,504.93,450.83,2024-09-09,2024-10-28
503303,1931,523.12,467.07,2024-10-29,9999-12-31
503304,1932,234.02,208.95,2022-01-01,2024-07-06
503305,1932,228.24,203.79,2024-07-07,9999-12-31
503306,1933,917.22,818.95,2022-01-01,2023-09-02
503307,1933,948.6,846.96,2023-09-03,2023-09-27
503308,1933,932.76,832.82,2023-09-28,9999-12-31
503309,1934,88.42,78.95,2022-01-01,2024-05-18
503310,1934,98.06,87.55,2024-05-19,2024-07-12
503311,1934,107.52,96.0,2024-07-13,9999-12-31
503312,1935,120.9,107.95,2022-01-01,2024-05-12
503313,1935,137.65,122.9,2024-05-13,2024-10-30
503314,1935,155.95,139.24,2024-10-31,9999-12-31
503315,1936,26.82,23.95,2022-01-01,2023-10-19
503316,1936,30.31,27.06,2023-10-20,2024-04-12
503317,1936,33.08,29.54,2024-04-13,2024-05-12
503318,1936,31.9,28.48,2024-05-13,2024-09-16
503319,1936,33.08,29.54,2024-09-17,9999-12-31
503320,1937,144.42,128.95,2022-01-01,2023-08-24
503321,1937,140.09,125.08,2023-08-25,2024-02-02
503322,1937,156.51,139.74,2024-02-03,9999-12-31
503323,1938,478.18,426.95,2022-01-01,2024-09-24
503324,1938,498.31,444.92,2024-09-25,2024-10-13
503325,1938,501.39,447.67,2024-10-14,2024-10-30
503326,1938,526.29,469.9,2024-10-31,9999-12-31
503327,1939,193.7,172.95,2022-01-01,2023-06-18
503328,1939,212.08,189.36,2023-06-19,2024-01-03
503329,1939,235.39,210.17,2024-01-04,2024-03-20
503330,1939,256.96,229.43,2024-03-21,2024-07-22
503331,1939,281.88,251.68,2024-07-23,9999-12-31
503332,1940,49.22,43.95,2022-01-01,2023-11-23
503333,1940,52.53,46.9,2023-11-24,2024-07-03
503334,1940,59.34,52.98,2024-07-04,9999-12-31
503335,1941,241.86,215.95,2022-01-01,2023-09-19
503336,1941,253.05,225.94,2023-09-20,2023-11-23
503337,1941,263.46,235.23,2023-11-24,2024-04-16
503338,1941,278.77,248.9,2024-04-17,2024-07-09
503339,1941,277.35,247.63,2024-07-10,9999-12-31
503340,1942,762.66,680.95,2022-01-01,2024-03-05
503341,1942,772.99,690.17,2024-03-06,2024-06-06
503342,1942,826.63,738.06,2024-06-07,2024-07-16
503343,1942,913.81,815.9,2024-07-17,9999-12-31
503344,1943,251.94,224.95,2022-01-01,2024-10-29
503345,1943,274.52,245.11,2024-10-30,9999-12-31
503346,1944,139.94,124.95,2022-01-01,2023-04-21
503347,1944,148.87,132.92,2023-04-22,2023-09-07
503348,1944,134.51,120.1,2023-09-08,2024-05-19
503349,1944,136.83,122.17,2024-05-20,9999-12-31
503350,1945,367.3,327.95,2022-01-01,2023-04-19
503351,1945,390.71,348.85,2023-04-20,2024-02-12
503352,1945,358.57,320.15,2024-02-13,2024-02-25
503353,1945,382.41,341.44,2024-02-26,9999-12-31
503354,1946,328.1,292.95,2022-01-01,2023-10-18
503355,1946,331.98,296.41,2023-10-19,2024-11-01
503356,1946,305.97,273.19,2024-11-02,9999-12-31
503357,1947,100.74,89.95,2022-01-01,2023-05-03
503358,1947,101.72,90.82,2023-05-04,2023-09-09
503359,1947,108.51,96.88,2023-09-10,2024-05-19
503360,1947,116.01,103.58,2024-05-20,2024-10-30
503361,1947,110.25,98.44,2024-10-31,9999-12-31
503362,1948,59.3,52.95,2022-01-01,2023-12-20
503363,1948,57.16,51.04,2023-12-21,2024-02-05
503364,1948,58.33,52.08,2024-02-06,2024-11-01
503365,1948,64.39,57.49,2024-11-02,9999-12-31
503366,1949,456.9,407.95,2022-01-01,2023-07-02
503367,1949,454.76,406.04,2023-07-03,2024-01-21
503368,1949,465.85,415.94,2024-01-22,2024-10-21
503369,1949,504.96,450.86,2024-10-22,2024-11-07
503370,1949,543.72,485.46,2024-11-08,9999-12-31
503371,1950,350.5,312.95,2022-01-01,2023-10-12
503372,1950,346.36,309.25,2023-10-13,2024-01-08
503373,1950,370.68,330.96,2024-01-09,2024-09-12
503374,1950,379.69,339.01,2024-09-13,9999-12-31
503375,1951,958.66,855.95,2022-01-01,2024-10-12
503376,1951,1008.66,900.59,2024-10-13,9999-12-31
503377,1952,99.62,88.95,2022-01-01,2024-08-02
503378,1952,110.86,98.98,2024-08-03,2024-09-28
503379,1952,112.36,100.32,2024-09-29,2024-10-01
503380,1952,120.32,107.43,2024-10-02,2024-10-13
503381,1952,119.68,106.86,2024-10-14,9999-12-31
503382,1953,108.58,96.95,2022-01-01,2023-06-07
503383,1953,113.21,101.08,2023-06-08,2023-08-02
503384,1953,115.05,102.72,2023-08-03,9999-12-31
503385,1954,99.62,88.95,2022-01-01,2023-05-26
503386,1954,113.98,101.77,2023-05-27,2024-09-16
503387,1954,110.89,99.01,2024-09-17,2024-10-20
503388,1954,109.78,98.02,2024-10-21,2024-11-02
503389,1954,101.23,90.38,2024-11-03,9999-12-31
503390,1955,193.7,172.95,2022-01-01,2024-05-13
503391,1955,203.46,181.66,2024-05-14,9999-12-31
503392,1956,302.34,269.95,2022-01-01,2023-06-30
503393,1956,327.43,292.35,2023-07-01,2023-07-04
503394,1956,308.5,275.45,2023-07-05,2024-04-20
503395,1956,337.43,301.28,2024-04-21,2024-07-29
503396,1956,363.42,324.48,2024-07-30,9999-12-31
503397,1957,334.82,298.95,2022-01-01,2023-09-25
503398,1957,351.69,314.01,2023-09-26,2023-10-17
503399,1957,371.95,332.1,2023-10-18,2023-11-23
503400,1957,383.81,342.69,2023-11-24,9999-12-31
503401,1958,86.18,76.95,2022-01-01,2023-12-14
503402,1958,83.05,74.15,2023-12-15,2024-03-02
503403,1958,85.53,76.37,2024-03-03,2024-09-02
503404,1958,86.05,76.83,2024-09-03,9999-12-31
503405,1959,89.54,79.95,2022-01-01,2023-07-15
503406,1959,102.22,91.27,2023-07-16,2023-11-04
503407,1959,104.96,93.71,2023-11-05,2024-07-25
503408,1959,110.62,98.77,2024-07-26,9999-12-31
503409,1960,440.1,392.95,2022-01-01,2024-02-03
503410,1960,502.78,448.91,2024-02-04,2024-06-16
503411,1960,590.05,526.83,2024-06-17,2024-07-26
503412,1960,588.3,525.27,2024-07-27,9999-12-31
503413,1961,125.38,111.95,2022-01-01,2023-12-23
503414,1961,141.43,126.28,2023-12-24,9999-12-31
503415,1962,150.02,133.95,2022-01-01,2023-09-19
503416,1962,159.7,142.59,2023-09-20,2024-09-09
503417,1962,171.63,153.24,2024-09-10,9999-12-31
503418,1963,302.34,269.95,2022-01-01,2023-03-20
503419,1963,309.33,276.19,2023-03-21,2023-03-26
503420,1963,321.87,287.38,2023-03-27,2023-06-09
503421,1963,359.51,320.99,2023-06-10,9999-12-31
503422,1964,520.74,464.95,2022-01-01,2023-10-10
503423,1964,581.12,518.86,2023-10-11,2024-04-27
503424,1964,567.15,506.38,2024-04-28,2024-05-05
503425,1964,632.42,564.66,2024-05-06,2024-08-23
503426,1964,696.62,621.98,2024-08-24,9999-12-31
503427,1965,135.46,120.95,2022-01-01,2023-08-21
503428,1965,141.0,125.89,2023-08-22,2024-03-08
503429,1965,148.46,132.55,2024-03-09,2024-09-30
503430,1965,150.75,134.6,2024-10-01,9999-12-31
503431,1966,446.82,398.95,2022-01-01,2024-05-15
503432,1966,434.0,387.5,2024-05-16,2024-07-01
503433,1966,425.42,379.84,2024-07-02,2024-10-14
503434,1966,434.5,387.95,2024-10-15,9999-12-31
503435,1967,288.9,257.95,2022-01-01,2023-11-05
503436,1967,302.85,270.4,2023-11-06,2024-09-25
503437,1967,313.3,279.73,2024-09-26,9999-12-31
503438,1968,331.46,295.95,2022-01-01,2023-01-31
503439,1968,328.85,293.62,2023-02-01,2023-09-09
503440,1968,392.46,350.41,2023-09-10,2023-12-23
503441,1968,415.74,371.2,2023-12-24,2024-07-02
503442,1968,445.44,397.71,2024-07-03,9999-12-31
503443,1969,459.14,409.95,2022-01-01,2023-12-28
503444,1969,453.02,404.48,2023-12-29,2024-09-08
503445,1969,498.85,445.4,2024-09-09,9999-12-31
503446,1970,98.5,87.95,2022-01-01,2024-08-12
503447,1970,105.54,94.23,2024-08-13,9999-12-31
503448,1971,312.42,278.95,2022-01-01,2023-08-29
503449,1971,302.13,269.76,2023-08-30,2023-10-31
503450,1971,322.31,287.78,2023-11-01,2024-04-08
503451,1971,334.07,298.28,2024-04-09,2024-09-24
503452,1971,340.09,303.65,2024-09-25,9999-12-31
503453,1972,778.34,694.95,2022-01-01,2023-09-18
503454,1972,771.75,689.06,2023-09-19,2024-10-17
503455,1972,827.86,739.16,2024-10-18,9999-12-31
503456,1973,348.26,310.95,2022-01-01,2023-10-26
503457,1973,360.81,322.15,2023-10-27,9999-12-31
503458,1974,286.66,255.95,2022-01-01,2023-09-21
503459,1974,270.04,241.11,2023-09-22,2024-03-08
503460,1974,296.26,264.52,2024-03-09,2024-05-05
503461,1974,310.7,277.41,2024-05-06,2024-06-04
503462,1974,288.81,257.87,2024-06-05,9999-12-31
503463,1975,151.14,134.95,2022-01-01,2023-08-24
503464,1975,152.8,136.43,2023-08-25,2024-06-03
503465,1975,175.1,156.34,2024-06-04,2024-11-06
503466,1975,165.88,148.11,2024-11-07,9999-12-31
503467,1976,117.54,104.95,2022-01-01,2023-05-28
503468,1976,116.41,103.94,2023-05-29,9999-12-31
503469,1977,372.9,332.95,2022-01-01,2023-08-13
503470,1977,413.26,368.98,2023-08-14,2024-01-07
503471,1977,411.98,367.84,2024-01-08,2024-01-22
503472,1977,445.07,397.38,2024-01-23,2024-07-08
503473,1977,500.05,446.47,2024-07-09,9999-12-31
503474,1978,25.7,22.95,2022-01-01,2024-05-15
503475,1978,26.15,23.35,2024-05-16,2024-07-16
503476,1978,26.25,23.44,2024-07-17,9999-12-31
503477,1979,17.86,15.95,2022-01-01,2023-12-27
503478,1979,17.94,16.02,2023-12-28,2024-08-18
503479,1979,19.48,17.39,2024-08-19,9999-12-31
503480,1980,226.18,201.95,2022-01-01,2023-07-21
503481,1980,242.08,216.14,2023-07-22,2024-01-21
503482,1980,274.4,245.0,2024-01-22,2024-03-17
503483,1980,287.92,257.07,2024-03-18,2024-07-20
503484,1980,314.98,281.23,2024-07-21,9999-12-31
503485,1981,284.42,253.95,2022-01-01,2023-05-06
503486,1981,280.75,250.67,2023-05-07,2023-12-06
503487,1981,296.14,264.41,2023-12-07,2023-12-09
503488,1981,335.69,299.72,2023-12-10,9999-12-31
503489,1982,73.86,65.95,2022-01-01,2023-09-30
503490,1982,82.11,73.31,2023-10-01,2024-08-05
503491,1982,81.89,73.12,2024-08-06,9999-12-31
503492,1983,1134.5,1012.95,2022-01-01,2024-05-12
503493,1983,1215.54,1085.3,2024-05-13,9999-12-31
503494,1984,134.34,119.95,2022-01-01,2023-10-24
503495,1984,141.53,126.37,2023-10-25,2024-03-03
503496,1984,148.38,132.48,2024-03-04,2024-10-27
503497,1984,154.47,137.92,2024-10-28,9999-12-31
503498,1985,662.98,591.95,2022-01-01,2023-03-11
503499,1985,745.32,665.46,2023-03-12,2023-05-06
503500,1985,766.63,684.49,2023-05-07,2023-06-30
503501,1985,687.94,614.23,2023-07-01,2023-09-11
503502,1985,719.91,642.78,2023-09-12,9999-12-31
503503,1986,178.02,158.95,2022-01-01,2023-06-24
503504,1986,187.71,167.6,2023-06-25,2023-06-30
503505,1986,186.3,166.34,2023-07-01,2023-11-23
503506,1986,201.43,179.85,2023-11-24,9999-12-31
503507,1987,330.34,294.95,2022-01-01,2024-04-26
503508,1987,359.81,321.26,2024-04-27,9999-12-31
503509,1988,253.06,225.95,2022-01-01,2023-05-21
503510,1988,260.7,232.77,2023-05-22,9999-12-31
503511,1989,1368.58,1221.95,2022-01-01,2023-07-19
503512,1989,1566.14,1398.34,2023-07-20,9999-12-31
503513,1990,157.86,140.95,2022-01-01,2024-10-04
503514,1990,174.78,156.05,2024-10-05,9999-12-31
503515,1991,1528.74,1364.95,2022-01-01,2023-10-01
503516,1991,1642.1,1466.16,2023-10-02,2023-10-08
503517,1991,1740.66,1554.16,2023-10-09,2024-09-12
503518,1991,1797.53,1604.94,2024-09-13,9999-12-31
503519,1992,190.34,169.95,2022-01-01,2024-07-28
503520,1992,202.35,180.67,2024-07-29,2024-07-31
503521,1992,213.53,190.65,2024-08-01,2024-09-17
503522,1992,231.5,206.7,2024-09-18,9999-12-31
503523,1993,180.26,160.95,2022-01-01,2024-06-22
503524,1993,192.92,172.25,2024-06-23,2024-06-27
503525,1993,201.68,180.07,2024-06-28,2024-11-13
503526,1993,234.99,209.81,2024-11-14,9999-12-31
503527,1994,236.26,210.95,2022-01-01,2024-01-16
503528,1994,228.38,203.91,2024-01-17,2024-05-11
503529,1994,228.89,204.37,2024-05-12,9999-12-31
503530,1995,129.86,115.95,2022-01-01,2024-01-22
503531,1995,134.89,120.44,2024-01-23,2024-06-23
503532,1995,138.91,124.03,2024-06-24,2024-09-18
503533,1995,140.74,125.66,2024-09-19,9999-12-31
503534,1996,85.06,75.95,2022-01-01,2023-07-05
503535,1996,87.61,78.22,2023-07-06,2024-07-10
503536,1996,97.19,86.78,2024-07-11,2024-07-29
503537,1996,99.69,89.01,2024-07-30,9999-12-31
503538,1997,153.38,136.95,2022-01-01,2024-07-17
503539,1997,161.03,143.78,2024-07-18,9999-12-31
503540,1998,26.82,23.95,2022-01-01,2023-03-18
503541,1998,29.09,25.97,2023-03-19,2023-06-21
503542,1998,30.13,26.9,2023-06-22,2024-04-23
503543,1998,31.74,28.34,2024-04-24,9999-12-31
503544,1999,25.7,22.95,2022-01-01,2023-03-12
503545,1999,26.23,23.42,2023-03-13,2023-06-06
503546,1999,27.5,24.55,2023-06-07,2023-12-12
503547,1999,27.73,24.76,2023-12-13,2024-07-02
503548,1999,29.96,26.75,2024-07-03,9999-12-31
503549,2000,40.26,35.95,2022-01-01,2023-01-21
503550,2000,44.46,39.7,2023-01-22,2024-09-13
503551,2000,47.51,42.42,2024-09-14,9999-12-31
503552,2001,1076.26,960.95,2022-01-01,2023-06-01
503553,2001,1222.29,1091.33,2023-06-02,2024-02-28
503554,2001,1329.36,1186.93,2024-02-29,2024-10-28
503555,2001,1365.11,1218.85,2024-10-29,9999-12-31
503556,2002,124.26,110.95,2022-01-01,2024-03-02
503557,2002,116.75,104.24,2024-03-03,2024-10-29
503558,2002,122.26,109.16,2024-10-30,9999-12-31
503559,2003,201.54,179.95,2022-01-01,2024-05-02
503560,2003,210.09,187.58,2024-05-03,9999-12-31
503561,2004,70.5,62.95,2022-01-01,2023-11-03
503562,2004,73.06,65.23,2023-11-04,2024-09-09
503563,2004,77.39,69.1,2024-09-10,9999-12-31
503564,2005,60.42,53.95,2022-01-01,2024-03-09
503565,2005,63.39,56.6,2024-03-10,9999-12-31
503566,2006,444.58,396.95,2022-01-01,2023-01-30
503567,2006,504.04,450.04,2023-01-31,2023-12-27
503568,2006,537.14,479.59,2023-12-28,2024-01-10
503569,2006,531.08,474.18,2024-01-11,9999-12-31
503570,2007,444.58,396.95,2022-01-01,2024-02-26
503571,2007,462.86,413.27,2024-02-27,9999-12-31
503572,2008,587.94,524.95,2022-01-01,2024-08-28
503573,2008,511.92,457.07,2024-08-29,9999-12-31
503574,2009,349.38,311.95,2022-01-01,2023-01-31
503575,2009,382.77,341.76,2023-02-01,9999-12-31
503576,2010,394.18,351.95,2022-01-01,2023-12-08
503577,2010,419.85,374.87,2023-12-09,2024-09-29
503578,2010,434.48,387.93,2024-09-30,9999-12-31
503579,2011,217.22,193.95,2022-01-01,2024-01-25
503580,2011,221.16,197.46,2024-01-26,2024-06-23
503581,2011,236.56,211.21,2024-06-24,2024-09-11
503582,2011,256.61,229.12,2024-09-12,9999-12-31
503583,2012,125.38,111.95,2022-01-01,2024-11-09
503584,2012,110.68,98.82,2024-11-10,9999-12-31
503585,2013,198.18,176.95,2022-01-01,2023-07-12
503586,2013,219.93,196.37,2023-07-13,2024-01-10
503587,2013,215.15,192.1,2024-01-11,2024-04-11
503588,2013,233.14,208.16,2024-04-12,2024-08-31
503589,2013,233.92,208.86,2024-09-01,9999-12-31
503590,2014,90.66,80.95,2022-01-01,2023-11-26
503591,2014,98.49,87.94,2023-11-27,2024-08-17
503592,2014,109.7,97.95,2024-08-18,9999-12-31
503593,2015,192.58,171.95,2022-01-01,2024-09-16
503594,2015,202.69,180.97,2024-09-17,2024-10-15
503595,2015,224.85,200.76,2024-10-16,9999-12-31
503596,2016,86.18,76.95,2022-01-01,2024-06-10
503597,2016,87.75,78.35,2024-06-11,2024-07-05
503598,2016,87.06,77.73,2024-07-06,9999-12-31
503599,2017,186.98,166.95,2022-01-01,2023-05-01
503600,2017,193.1,172.41,2023-05-02,2023-10-02
503601,2017,194.16,173.36,2023-10-03,2024-05-30
503602,2017,193.33,172.62,2024-05-31,9999-12-31
503603,2018,17.86,15.95,2022-01-01,2023-10-06
503604,2018,17.77,15.87,2023-10-07,2024-04-18
503605,2018,18.12,16.18,2024-04-19,2024-06-07
503606,2018,18.65,16.65,2024-06-08,2024-09-18
503607,2018,20.48,18.29,2024-09-19,9999-12-31
503608,2019,85.06,75.95,2022-01-01,2024-09-14
503609,2019,76.91,68.67,2024-09-15,9999-12-31
503610,2020,35.78,31.95,2022-01-01,2024-05-01
503611,2020,35.2,31.43,2024-05-02,2024-05-30
503612,2020,36.5,32.59,2024-05-31,9999-12-31
503613,2021,228.42,203.95,2022-01-01,2023-09-23
503614,2021,263.97,235.69,2023-09-24,9999-12-31
503615,2022,158.98,141.95,2022-01-01,2024-03-08
503616,2022,163.33,145.83,2024-03-09,9999-12-31
503617,2023,160.1,142.95,2022-01-01,2024-05-26
503618,2023,165.23,147.53,2024-05-27,2024-06-15
503619,2023,168.13,150.12,2024-06-16,2024-10-03
503620,2023,165.64,147.89,2024-10-04,9999-12-31
503621,2024,192.58,171.95,2022-01-01,2024-06-03
503622,2024,209.56,187.11,2024-06-04,9999-12-31
503623,2025,297.86,265.95,2022-01-01,2023-08-13
503624,2025,331.26,295.77,2023-08-14,2024-02-28
503625,2025,364.65,325.58,2024-02-29,2024-05-18
503626,2025,372.68,332.75,2024-05-19,2024-07-10
503627,2025,375.42,335.2,2024-07-11,9999-12-31
503628,2026,332.58,296.95,2022-01-01,2023-08-11
503629,2026,329.77,294.44,2023-08-12,2024-03-31
503630,2026,321.82,287.34,2024-04-01,2024-07-03
503631,2026,334.53,298.69,2024-07-04,9999-12-31
503632,2027,123.14,109.95,2022-01-01,2024-08-29
503633,2027,126.35,112.81,2024-08-30,9999-12-31
503634,2028,223.94,199.95,2022-01-01,2023-12-01
503635,2028,233.21,208.22,2023-12-02,2023-12-15
503636,2028,250.32,223.5,2023-12-16,9999-12-31
503637,2029,600.26,535.95,2022-01-01,2023-11-07
503638,2029,636.25,568.08,2023-11-08,2024-02-12
503639,2029,674.27,602.03,2024-02-13,2024-04-17
503640,2029,706.37,630.69,2024-04-18,2024-04-24
503641,2029,750.09,669.72,2024-04-25,9999-12-31
503642,2030,339.3,302.95,2022-01-01,2024-04-30
503643,2030,361.83,323.06,2024-05-01,9999-12-31
503644,2031,144.42,128.95,2022-01-01,2023-04-01
503645,2031,157.88,140.96,2023-04-02,2023-04-27
503646,2031,163.32,145.82,2023-04-28,2024-01-30
503647,2031,172.31,153.85,2024-01-31,9999-12-31
503648,2032,291.14,259.95,2022-01-01,2024-06-13
503649,2032,312.91,279.38,2024-06-14,2024-08-16
503650,2032,328.66,293.45,2024-08-17,9999-12-31
503651,2033,89.54,79.95,2022-01-01,2023-09-19
503652,2033,97.33,86.9,2023-09-20,2024-10-14
503653,2033,98.99,88.38,2024-10-15,9999-12-31
503654,2034,1205.06,1075.95,2022-01-01,2023-09-25
503655,2034,1336.41,1193.22,2023-09-26,9999-12-31
503656,2035,660.74,589.95,2022-01-01,2024-09-17
503657,2035,711.47,635.24,2024-09-18,9999-12-31
503658,2036,350.5,312.95,2022-01-01,2023-11-29
503659,2036,340.39,303.92,2023-11-30,2024-01-29
503660,2036,342.52,305.82,2024-01-30,2024-01-30
503661,2036,347.35,310.13,2024-01-31,2024-06-05
503662,2036,351.39,313.74,2024-06-06,9999-12-31
503663,2037,237.38,211.95,2022-01-01,2024-01-17
503664,2037,260.57,232.65,2024-01-18,2024-07-23
503665,2037,270.27,241.31,2024-07-24,2024-09-25
503666,2037,279.34,249.41,2024-09-26,9999-12-31
503667,2038,194.82,173.95,2022-01-01,2023-06-21
503668,2038,203.76,181.93,2023-06-22,2024-10-05
503669,2038,213.91,190.99,2024-10-06,9999-12-31
503670,2039,80.58,71.95,2022-01-01,2023-08-28
503671,2039,78.51,70.1,2023-08-29,2024-01-04
503672,2039,75.15,67.1,2024-01-05,2024-01-25
503673,2039,77.62,69.3,2024-01-26,2024-10-24
503674,2039,80.52,71.89,2024-10-25,9999-12-31
503675,2040,58.18,51.95,2022-01-01,2024-02-19
503676,2040,64.29,57.4,2024-02-20,2024-07-11
503677,2040,61.8,55.18,2024-07-12,9999-12-31
503678,2041,1248.74,1114.95,2022-01-01,2023-08-24
503679,2041,1248.23,1114.49,2023-08-25,2023-08-27
503680,2041,1331.9,1189.2,2023-08-28,9999-12-31
503681,2042,363.94,324.95,2022-01-01,2024-08-16
503682,2042,381.06,340.23,2024-08-17,2024-11-03
503683,2042,417.74,372.98,2024-11-04,9999-12-31
503684,2043,94.02,83.95,2022-01-01,2024-10-01
503685,2043,95.35,85.13,2024-10-02,9999-12-31
503686,2044,1001.22,893.95,2022-01-01,2024-07-04
503687,2044,1059.45,945.94,2024-07-05,9999-12-31
503688,2045,192.58,171.95,2022-01-01,2023-08-23
503689,2045,224.32,200.29,2023-08-24,2023-09-10
503690,2045,232.67,207.74,2023-09-11,2024-09-08
503691,2045,253.33,226.19,2024-09-09,9999-12-31
503692,2046,225.06,200.95,2022-01-01,2023-03-16
503693,2046,250.04,223.25,2023-03-17,2024-10-08
503694,2046,245.29,219.01,2024-10-09,2024-10-19
503695,2046,259.75,231.92,2024-10-20,9999-12-31
503696,2047,1284.58,1146.95,2022-01-01,2024-07-26
503697,2047,1275.03,1138.42,2024-07-27,9999-12-31
503698,2048,129.86,115.95,2022-01-01,2024-07-22
503699,2048,139.75,124.78,2024-07-23,2024-08-15
503700,2048,147.58,131.77,2024-08-16,2024-11-02
503701,2048,151.11,134.92,2024-11-03,9999-12-31
503702,2049,339.3,302.95,2022-01-01,2023-09-21
503703,2049,363.06,324.16,2023-09-22,2024-03-26
503704,2049,409.75,365.85,2024-03-27,2024-07-04
503705,2049,437.49,390.62,2024-07-05,2024-07-18
503706,2049,480.72,429.21,2024-07-19,9999-12-31
503707,2050,470.34,419.95,2022-01-01,2023-04-05
503708,2050,503.2,449.29,2023-04-06,9999-12-31
503709,2051,217.22,193.95,2022-01-01,2023-07-30
503710,2051,230.08,205.43,2023-07-31,2024-07-01
503711,2051,237.71,212.24,2024-07-02,2024-07-23
503712,2051,254.91,227.6,2024-07-24,9999-12-31
503713,2052,67.14,59.95,2022-01-01,2023-10-12
503714,2052,68.42,61.09,2023-10-13,2024-05-09
503715,2052,69.55,62.1,2024-05-10,2024-09-08
503716,2052,77.72,69.39,2024-09-09,2024-11-04
503717,2052,85.01,75.9,2024-11-05,9999-12-31
503718,2053,954.18,851.95,2022-01-01,2023-09-05
503719,2053,1046.62,934.48,2023-09-06,2024-10-08
503720,2053,1095.83,978.42,2024-10-09,9999-12-31
503721,2054,90.66,80.95,2022-01-01,2023-11-23
503722,2054,96.49,86.15,2023-11-24,2024-05-27
503723,2054,108.58,96.95,2024-05-28,2024-08-15
503724,2054,107.83,96.28,2024-08-16,9999-12-31
503725,2055,190.34,169.95,2022-01-01,2023-09-01
503726,2055,201.16,179.61,2023-09-02,2024-02-01
503727,2055,207.97,185.69,2024-02-02,2024-04-12
503728,2055,219.51,195.99,2024-04-13,9999-12-31
503729,2056,893.7,797.95,2022-01-01,2024-07-29
503730,2056,908.71,811.35,2024-07-30,9999-12-31
503731,2057,463.62,413.95,2022-01-01,2024-03-24
503732,2057,463.67,413.99,2024-03-25,2024-06-25
503733,2057,526.29,469.9,2024-06-26,9999-12-31
503734,2058,275.46,245.95,2022-01-01,2023-08-22
503735,2058,308.69,275.62,2023-08-23,2023-12-06
503736,2058,316.16,282.29,2023-12-07,2024-04-22
503737,2058,307.89,274.9,2024-04-23,2024-10-18
503738,2058,306.13,273.33,2024-10-19,9999-12-31
503739,2059,395.3,352.95,2022-01-01,2023-04-07
503740,2059,422.05,376.83,2023-04-08,2023-04-26
503741,2059,469.38,419.09,2023-04-27,2024-07-02
503742,2059,486.65,434.51,2024-07-03,2024-07-24
503743,2059,545.08,486.68,2024-07-25,9999-12-31
503744,2060,547.62,488.95,2022-01-01,2023-07-24
503745,2060,603.94,539.23,2023-07-25,2024-07-19
503746,2060,633.44,565.57,2024-07-20,9999-12-31
503747,2061,194.82,173.95,2022-01-01,2024-03-05
503748,2061,216.79,193.56,2024-03-06,9999-12-31
503749,2062,44.74,39.95,2022-01-01,2023-11-28
503750,2062,47.7,42.59,2023-11-29,2023-12-22
503751,2062,47.0,41.96,2023-12-23,2024-06-04
503752,2062,50.38,44.98,2024-06-05,2024-06-22
503753,2062,51.07,45.6,2024-06-23,9999-12-31
503754,2063,571.14,509.95,2022-01-01,2023-07-19
503755,2063,586.51,523.67,2023-07-20,2023-11-07
503756,2063,615.45,549.51,2023-11-08,2024-10-27
503757,2063,678.07,605.42,2024-10-28,2024-11-05
503758,2063,712.92,636.54,2024-11-06,9999-12-31
503759,2064,561.06,500.95,2022-01-01,2023-07-10
503760,2064,591.07,527.74,2023-07-11,2023-10-06
503761,2064,628.4,561.07,2023-10-07,2024-05-04
503762,2064,664.32,593.14,2024-05-05,9999-12-31
503763,2065,1259.94,1124.95,2022-01-01,2023-04-13
503764,2065,1324.33,1182.44,2023-04-14,2024-02-22
503765,2065,1445.36,1290.5,2024-02-23,2024-04-24
503766,2065,1675.09,1495.62,2024-04-25,9999-12-31
503767,2066,1233.06,1100.95,2022-01-01,2023-11-06
503768,2066,1388.67,1239.88,2023-11-07,9999-12-31
503769,2067,189.22,168.95,2022-01-01,2023-08-04
503770,2067,198.31,177.06,2023-08-05,2024-05-13
503771,2067,211.59,188.92,2024-05-14,9999-12-31
503772,2068,60.42,53.95,2022-01-01,2023-11-25
503773,2068,68.11,60.81,2023-11-26,2024-09-12
503774,2068,72.36,64.61,2024-09-13,9999-12-31
503775,2069,130.98,116.95,2022-01-01,2024-03-02
503776,2069,130.46,116.48,2024-03-03,9999-12-31
503777,2070,266.5,237.95,2022-01-01,2023-08-14
503778,2070,305.48,272.75,2023-08-15,2023-09-19
503779,2070,339.68,303.29,2023-09-20,2023-10-25
503780,2070,339.6,303.21,2023-10-26,9999-12-31
503781,2071,413.22,368.95,2022-01-01,2024-01-27
503782,2071,450.53,402.26,2024-01-28,2024-04-23
503783,2071,434.0,387.5,2024-04-24,2024-07-04
503784,2071,448.6,400.54,2024-07-05,2024-07-10
503785,2071,501.97,448.19,2024-07-11,9999-12-31
503786,2072,324.74,289.95,2022-01-01,2023-02-07
503787,2072,304.67,272.03,2023-02-08,2024-02-14
503788,2072,306.25,273.44,2024-02-15,2024-02-16
503789,2072,332.0,296.43,2024-02-17,2024-04-19
503790,2072,349.27,311.85,2024-04-20,9999-12-31
503791,2073,1622.82,1448.95,2022-01-01,2023-11-03
503792,2073,1624.66,1450.59,2023-11-04,2024-09-15
503793,2073,1767.01,1577.69,2024-09-16,9999-12-31
503794,2074,556.58,496.95,2022-01-01,2023-07-01
503795,2074,610.96,545.5,2023-07-02,2023-09-07
503796,2074,670.17,598.37,2023-09-08,2024-08-31
503797,2074,659.74,589.05,2024-09-01,2024-09-10
503798,2074,633.02,565.2,2024-09-11,9999-12-31
503799,2075,153.38,136.95,2022-01-01,2024-06-13
503800,2075,153.68,137.21,2024-06-14,2024-09-20
503801,2075,156.59,139.81,2024-09-21,9999-12-31
503802,2076,48.1,42.95,2022-01-01,2024-03-03
503803,2076,51.64,46.11,2024-03-04,2024-04-15
503804,2076,56.75,50.67,2024-04-16,2024-08-06
503805,2076,60.44,53.96,2024-08-07,2024-09-11
503806,2076,61.53,54.94,2024-09-12,9999-12-31
503807,2077,1365.22,1218.95,2022-01-01,2023-09-23
503808,2077,1536.79,1372.13,2023-09-24,2023-12-04
503809,2077,1674.79,1495.35,2023-12-05,2024-07-28
503810,2077,1807.09,1613.47,2024-07-29,9999-12-31
503811,2078,171.3,152.95,2022-01-01,2023-08-05
503812,2078,182.63,163.06,2023-08-06,2024-02-28
503813,2078,182.08,162.57,2024-02-29,9999-12-31
503814,2079,50.34,44.95,2022-01-01,2023-10-22
503815,2079,53.61,47.87,2023-10-23,9999-12-31
503816,2080,1567.94,1399.95,2022-01-01,2024-01-19
503817,2080,1472.16,1314.43,2024-01-20,9999-12-31
503818,2081,312.42,278.95,2022-01-01,2024-01-24
503819,2081,339.86,303.45,2024-01-25,2024-05-30
503820,2081,364.39,325.35,2024-05-31,9999-12-31
503821,2082,157.86,140.95,2022-01-01,2023-09-13
503822,2082,155.9,139.2,2023-09-14,2024-02-01
503823,2082,164.84,147.18,2024-02-02,2024-10-24
503824,2082,157.1,140.27,2024-10-25,9999-12-31
503825,2083,73.86,65.95,2022-01-01,2024-09-06
503826,2083,85.37,76.22,2024-09-07,2024-10-17
503827,2083,91.92,82.07,2024-10-18,9999-12-31
503828,2084,253.06,225.95,2022-01-01,2024-02-05
503829,2084,273.07,243.81,2024-02-06,2024-07-22
503830,2084,286.03,255.38,2024-07-23,2024-07-29
503831,2084,321.54,287.09,2024-07-30,9999-12-31
503832,2085,337.06,300.95,2022-01-01,2023-12-09
503833,2085,282.03,251.81,2023-12-10,2024-03-18
503834,2085,298.12,266.18,2024-03-19,2024-10-27
503835,2085,288.68,257.75,2024-10-28,9999-12-31
503836,2086,546.5,487.95,2022-01-01,2023-02-06
503837,2086,555.92,496.36,2023-02-07,2023-04-04
503838,2086,582.21,519.83,2023-04-05,2024-10-06
503839,2086,599.54,535.3,2024-10-07,2024-10-16
503840,2086,630.3,562.77,2024-10-17,9999-12-31
503841,2087,1377.54,1229.95,2022-01-01,2023-07-11
503842,2087,1445.65,1290.76,2023-07-12,2024-07-30
503843,2087,1382.16,1234.07,2024-07-31,2024-10-14
503844,2087,1265.3,1129.73,2024-10-15,9999-12-31
503845,2088,116.42,103.95,2022-01-01,2023-05-11
503846,2088,115.39,103.03,2023-05-12,2023-09-04
503847,2088,118.07,105.42,2023-09-05,2023-12-10
503848,2088,112.6,100.54,2023-12-11,2024-02-24
503849,2088,121.48,108.46,2024-02-25,9999-12-31
503850,2089,97.38,86.95,2022-01-01,2023-06-25
503851,2089,103.57,92.47,2023-06-26,2024-04-12
503852,2089,120.85,107.9,2024-04-13,2024-04-21
503853,2089,126.92,113.32,2024-04-22,2024-05-20
503854,2089,134.0,119.64,2024-05-21,9999-12-31
503855,2090,464.74,414.95,2022-01-01,2024-03-06
503856,2090,480.08,428.64,2024-03-07,2024-03-11
503857,2090,495.42,442.34,2024-03-12,2024-09-21
503858,2090,524.54,468.34,2024-09-22,9999-12-31
503859,2091,296.74,264.95,2022-01-01,2023-10-15
503860,2091,308.46,275.41,2023-10-16,2024-04-01
503861,2091,325.54,290.66,2024-04-02,2024-10-02
503862,2091,346.89,309.72,2024-10-03,9999-12-31
503863,2092,138.82,123.95,2022-01-01,2024-01-01
503864,2092,143.91,128.49,2024-01-02,9999-12-31
503865,2093,237.38,211.95,2022-01-01,2023-03-26
503866,2093,230.2,205.54,2023-03-27,2023-12-01
503867,2093,251.04,224.14,2023-12-02,2023-12-30
503868,2093,252.21,225.19,2023-12-31,9999-12-31
503869,2094,395.3,352.95,2022-01-01,2023-07-22
503870,2094,390.07,348.28,2023-07-23,2023-11-04
503871,2094,407.34,363.7,2023-11-05,2024-08-08
503872,2094,458.72,409.57,2024-08-09,9999-12-31
503873,2095,279.94,249.95,2022-01-01,2024-01-28
503874,2095,306.08,273.29,2024-01-29,2024-02-02
503875,2095,332.28,296.68,2024-02-03,2024-03-27
503876,2095,349.91,312.42,2024-03-28,2024-04-11
503877,2095,369.61,330.01,2024-04-12,9999-12-31
503878,2096,379.62,338.95,2022-01-01,2024-07-18
503879,2096,412.08,367.93,2024-07-19,9999-12-31
503880,2097,209.38,186.95,2022-01-01,2024-10-20
503881,2097,210.02,187.52,2024-10-21,2024-11-03
503882,2097,238.6,213.04,2024-11-04,9999-12-31
503883,2098,201.54,179.95,2022-01-01,2024-02-16
503884,2098,206.82,184.66,2024-02-17,2024-04-12
503885,2098,204.48,182.57,2024-04-13,2024-06-26
503886,2098,206.46,184.34,2024-06-27,2024-08-26
503887,2098,216.31,193.13,2024-08-27,9999-12-31
503888,2099,375.14,334.95,2022-01-01,2024-01-18
503889,2099,388.89,347.22,2024-01-19,9999-12-31
503890,2100,257.54,229.95,2022-01-01,2023-04-17
503891,2100,278.98,249.09,2023-04-18,2023-11-20
503892,2100,316.49,282.58,2023-11-21,2024-07-07
503893,2100,303.53,271.01,2024-07-08,9999-12-31
503894,2101,732.42,653.95,2022-01-01,2023-11-20
503895,2101,766.38,684.27,2023-11-21,2023-12-31
503896,2101,791.15,706.38,2024-01-01,2024-06-23
503897,2101,854.83,763.24,2024-06-24,9999-12-31
503898,2102,183.62,163.95,2022-01-01,2024-09-14
503899,2102,187.43,167.35,2024-09-15,9999-12-31
503900,2103,251.94,224.95,2022-01-01,2023-09-29
503901,2103,270.98,241.95,2023-09-30,9999-12-31
503902,2104,90.66,80.95,2022-01-01,2023-07-10
503903,2104,97.08,86.68,2023-07-11,2023-10-15
503904,2104,96.11,85.81,2023-10-16,2024-01-08
503905,2104,101.54,90.66,2024-01-09,2024-02-07
503906,2104,103.32,92.25,2024-02-08,9999-12-31
503907,2105,58.18,51.95,2022-01-01,2023-11-15
503908,2105,61.79,55.17,2023-11-16,2024-06-03
503909,2105,64.46,57.55,2024-06-04,2024-09-28
503910,2105,63.21,56.44,2024-09-29,9999-12-31
503911,2106,1502.98,1341.95,2022-01-01,2024-01-23
503912,2106,1530.91,1366.88,2024-01-24,9999-12-31
503913,2107,231.78,206.95,2022-01-01,2024-07-22
503914,2107,221.61,197.87,2024-07-23,9999-12-31
503915,2108,63.78,56.95,2022-01-01,2024-01-31
503916,2108,67.92,60.64,2024-02-01,2024-02-11
503917,2108,76.12,67.96,2024-02-12,2024-08-29
503918,2108,82.44,73.61,2024-08-30,9999-12-31
503919,2109,257.54,229.95,2022-01-01,2024-07-10
503920,2109,288.61,257.69,2024-07-11,9999-12-31
503921,2110,502.82,448.95,2022-01-01,2023-06-04
503922,2110,524.65,468.44,2023-06-05,2024-05-28
503923,2110,571.63,510.38,2024-05-29,9999-12-31
503924,2111,833.22,743.95,2022-01-01,2023-10-27
503925,2111,821.59,733.56,2023-10-28,2024-03-22
503926,2111,846.22,755.55,2024-03-23,2024-07-30
503927,2111,828.77,739.97,2024-07-31,2024-10-13
503928,2111,825.88,737.39,2024-10-14,9999-12-31
503929,2112,190.34,169.95,2022-01-01,2023-07-08
503930,2112,192.05,171.47,2023-07-09,2023-07-22
503931,2112,206.82,184.66,2023-07-23,2023-08-14
503932,2112,216.03,192.88,2023-08-15,2024-01-27
503933,2112,249.5,222.77,2024-01-28,9999-12-31
503934,2113,244.1,217.95,2022-01-01,2023-07-24
503935,2113,275.06,245.59,2023-07-25,9999-12-31
503936,2114,321.38,286.95,2022-01-01,2024-08-23
503937,2114,318.61,284.47,2024-08-24,9999-12-31
503938,2115,676.42,603.95,2022-01-01,2023-04-19
503939,2115,737.87,658.81,2023-04-20,2023-10-24
503940,2115,813.37,726.22,2023-10-25,2023-11-19
503941,2115,826.95,738.35,2023-11-20,2024-07-01
503942,2115,841.2,751.07,2024-07-02,9999-12-31
503943,2116,108.58,96.95,2022-01-01,2023-09-24
503944,2116,117.32,104.75,2023-09-25,2023-11-11
503945,2116,116.42,103.95,2023-11-12,2024-02-04
503946,2116,132.9,118.66,2024-02-05,9999-12-31
503947,2117,111.94,99.95,2022-01-01,2023-07-26
503948,2117,105.72,94.39,2023-07-27,2023-10-06
503949,2117,113.38,101.23,2023-10-07,2024-03-13
503950,2117,119.67,106.85,2024-03-14,9999-12-31
503951,2118,77.22,68.95,2022-01-01,2024-06-26
503952,2118,78.14,69.77,2024-06-27,9999-12-31
503953,2119,181.38,161.95,2022-01-01,2024-04-06
503954,2119,189.18,168.91,2024-04-07,2024-04-10
503955,2119,191.95,171.38,2024-04-11,2024-07-03
503956,2119,199.55,178.17,2024-07-04,2024-08-08
503957,2119,224.53,200.47,2024-08-09,9999-12-31
503958,2120,96.26,85.95,2022-01-01,2023-01-21
503959,2120,102.78,91.77,2023-01-22,2023-03-07
503960,2120,99.59,88.92,2023-03-08,2023-08-20
503961,2120,106.39,94.99,2023-08-21,2024-10-29
503962,2120,117.05,104.51,2024-10-30,9999-12-31
503963,2121,493.86,440.95,2022-01-01,2024-01-28
503964,2121,482.1,430.45,2024-01-29,2024-05-18
503965,2121,544.85,486.47,2024-05-19,9999-12-31
503966,2122,283.3,252.95,2022-01-01,2023-09-24
503967,2122,299.5,267.41,2023-09-25,9999-12-31
503968,2123,144.42,128.95,2022-01-01,2023-05-24
503969,2123,146.8,131.07,2023-05-25,2023-08-14
503970,2123,146.54,130.84,2023-08-15,2024-07-03
503971,2123,143.27,127.92,2024-07-04,2024-11-12
503972,2123,153.26,136.84,2024-11-13,9999-12-31
503973,2124,503.94,449.95,2022-01-01,2024-02-12
503974,2124,548.56,489.79,2024-02-13,2024-07-10
503975,2124,593.79,530.17,2024-07-11,2024-07-27
503976,2124,644.73,575.65,2024-07-28,9999-12-31
503977,2125,621.54,554.95,2022-01-01,2024-04-26
503978,2125,653.87,583.81,2024-04-27,2024-08-07
503979,2125,728.95,650.85,2024-08-08,9999-12-31
503980,2126,344.9,307.95,2022-01-01,2024-06-05
503981,2126,352.64,314.86,2024-06-06,2024-07-25
503982,2126,388.68,347.04,2024-07-26,9999-12-31
503983,2127,27.94,24.95,2022-01-01,2023-08-26
503984,2127,30.21,26.97,2023-08-27,2023-11-05
503985,2127,33.08,29.54,2023-11-06,2024-06-01
503986,2127,33.34,29.77,2024-06-02,9999-12-31
503987,2128,148.9,132.95,2022-01-01,2023-11-12
503988,2128,158.03,141.1,2023-11-13,2023-11-27
503989,2128,149.04,133.07,2023-11-28,9999-12-31
503990,2129,209.38,186.95,2022-01-01,2023-09-18
503991,2129,220.88,197.21,2023-09-19,9999-12-31
503992,2130,113.06,100.95,2022-01-01,2023-03-29
503993,2130,119.59,106.78,2023-03-30,2023-05-01
503994,2130,129.21,115.37,2023-05-02,2023-06-16
503995,2130,146.76,131.04,2023-06-17,2023-08-01
503996,2130,162.28,144.89,2023-08-02,9999-12-31
503997,2131,259.78,231.95,2022-01-01,2024-11-06
503998,2131,274.38,244.98,2024-11-07,9999-12-31
503999,2132,98.5,87.95,2022-01-01,2023-08-20
504000,2132,104.07,92.92,2023-08-21,2023-10-21
504001,2132,112.71,100.63,2023-10-22,2024-04-01
504002,2132,122.33,109.22,2024-04-02,9999-12-31
504003,2133,984.42,878.95,2022-01-01,2023-06-03
504004,2133,1033.96,923.18,2023-06-04,2023-08-04
504005,2133,1107.53,988.87,2023-08-05,2023-10-09
504006,2133,1146.68,1023.82,2023-10-10,2024-08-28
504007,2133,1111.16,992.11,2024-08-29,9999-12-31
504008,2134,1317.06,1175.95,2022-01-01,2024-07-04
504009,2134,1283.54,1146.02,2024-07-05,9999-12-31
504010,2135,245.22,218.95,2022-01-01,2023-12-09
504011,2135,270.59,241.6,2023-12-10,2023-12-31
504012,2135,282.6,252.32,2024-01-01,9999-12-31
504013,2136,340.42,303.95,2022-01-01,2024-11-02
504014,2136,351.42,313.77,2024-11-03,9999-12-31
504015,2137,1534.34,1369.95,2022-01-01,2023-05-21
504016,2137,1707.6,1524.64,2023-05-22,2023-05-27
504017,2137,2058.75,1838.17,2023-05-28,2023-08-31
504018,2137,2074.69,1852.4,2023-09-01,2024-11-07
504019,2137,2200.46,1964.7,2024-11-08,9999-12-31
504020,2138,997.86,890.95,2022-01-01,2023-03-08
504021,2138,1101.6,983.57,2023-03-09,2024-03-07
504022,2138,1173.55,1047.81,2024-03-08,2024-10-16
504023,2138,1220.83,1090.03,2024-10-17,2024-11-04
504024,2138,1334.79,1191.78,2024-11-05,9999-12-31
504025,2139,395.3,352.95,2022-01-01,2023-08-24
504026,2139,438.72,391.71,2023-08-25,9999-12-31
504027,2140,269.86,240.95,2022-01-01,2023-11-14
504028,2140,290.85,259.69,2023-11-15,2024-02-12
504029,2140,290.74,259.59,2024-02-13,2024-03-29
504030,2140,303.9,271.34,2024-03-30,2024-08-23
504031,2140,304.56,271.93,2024-08-24,9999-12-31
504032,2141,381.86,340.95,2022-01-01,2024-05-03
504033,2141,400.01,357.15,2024-05-04,9999-12-31
504034,2142,207.14,184.95,2022-01-01,2024-10-04
504035,2142,212.49,189.72,2024-10-05,9999-12-31
504036,2143,203.78,181.95,2022-01-01,2023-09-11
504037,2143,223.27,199.35,2023-09-12,2024-01-05
504038,2143,237.38,211.95,2024-01-06,2024-04-03
504039,2143,241.29,215.44,2024-04-04,2024-10-05
504040,2143,251.48,224.54,2024-10-06,9999-12-31
504041,2144,95.14,84.95,2022-01-01,2023-07-20
504042,2144,92.83,82.88,2023-07-21,2023-11-09
504043,2144,92.08,82.21,2023-11-10,2024-01-02
504044,2144,97.44,87.0,2024-01-03,2024-08-04
504045,2144,108.61,96.97,2024-08-05,9999-12-31
504046,2145,126.5,112.95,2022-01-01,2023-10-11
504047,2145,124.43,111.1,2023-10-12,2024-02-14
504048,2145,143.88,128.46,2024-02-15,9999-12-31
504049,2146,101.86,90.95,2022-01-01,2023-07-02
504050,2146,107.53,96.01,2023-07-03,2023-07-04
504051,2146,115.61,103.22,2023-07-05,2024-07-22
504052,2146,118.7,105.98,2024-07-23,9999-12-31
504053,2147,81.7,72.95,2022-01-01,2023-08-14
504054,2147,94.24,84.14,2023-08-15,2023-08-25
504055,2147,91.0,81.25,2023-08-26,2024-02-27
504056,2147,100.05,89.33,2024-02-28,2024-06-03
504057,2147,115.96,103.54,2024-06-04,9999-12-31
504058,2148,721.22,643.95,2022-01-01,2023-10-02
504059,2148,739.61,660.37,2023-10-03,2024-07-04
504060,2148,725.8,648.04,2024-07-05,9999-12-31
504061,2149,430.02,383.95,2022-01-01,2023-12-04
504062,2149,413.13,368.87,2023-12-05,9999-12-31
504063,2150,108.58,96.95,2022-01-01,2023-06-23
504064,2150,102.52,91.54,2023-06-24,2023-09-01
504065,2150,104.0,92.86,2023-09-02,2023-10-08
504066,2150,106.79,95.35,2023-10-09,2024-11-07
504067,2150,114.07,101.85,2024-11-08,9999-12-31
504068,2151,1161.38,1036.95,2022-01-01,2024-02-10
504069,2151,1263.73,1128.33,2024-02-11,2024-02-14
504070,2151,1319.47,1178.1,2024-02-15,2024-08-23
504071,2151,1341.3,1197.59,2024-08-24,2024-08-29
504072,2151,1306.47,1166.49,2024-08-30,9999-12-31
504073,2152,242.98,216.95,2022-01-01,2023-12-03
504074,2152,242.79,216.78,2023-12-04,2023-12-09
504075,2152,243.14,217.09,2023-12-10,9999-12-31
504076,2153,696.58,621.95,2022-01-01,2024-05-14
504077,2153,717.36,640.5,2024-05-15,9999-12-31
504078,2154,171.3,152.95,2022-01-01,2023-02-13
504079,2154,162.75,145.31,2023-02-14,2024-08-18
504080,2154,161.34,144.05,2024-08-19,2024-10-24
504081,2154,169.74,151.55,2024-10-25,9999-12-31
504082,2155,228.42,203.95,2022-01-01,2023-09-19
504083,2155,221.94,198.16,2023-09-20,2023-10-19
504084,2155,240.04,214.32,2023-10-20,2023-10-26
504085,2155,244.88,218.64,2023-10-27,2024-04-05
504086,2155,264.77,236.4,2024-04-06,9999-12-31
504087,2156,145.54,129.95,2022-01-01,2024-05-12
504088,2156,146.59,130.88,2024-05-13,2024-09-03
504089,2156,151.94,135.66,2024-09-04,2024-09-08
504090,2156,156.76,139.96,2024-09-09,9999-12-31
504091,2157,95.14,84.95,2022-01-01,2024-05-02
504092,2157,93.81,83.76,2024-05-03,2024-08-14
504093,2157,104.93,93.69,2024-08-15,9999-12-31
504094,2158,1516.42,1353.95,2022-01-01,2023-03-06
504095,2158,1556.81,1390.01,2023-03-07,2023-03-09
504096,2158,1796.27,1603.81,2023-03-10,9999-12-31
504097,2159,17.86,15.95,2022-01-01,2024-11-05
504098,2159,18.56,16.57,2024-11-06,9999-12-31
504099,2160,74.98,66.95,2022-01-01,2023-11-18
504100,2160,73.98,66.05,2023-11-19,9999-12-31
504101,2161,136.58,121.95,2022-01-01,2023-03-09
504102,2161,141.0,125.89,2023-03-10,2023-03-31
504103,2161,144.55,129.06,2023-04-01,9999-12-31
504104,2162,637.22,568.95,2022-01-01,2023-10-07
504105,2162,684.39,611.06,2023-10-08,2024-08-16
504106,2162,694.16,619.79,2024-08-17,2024-11-12
504107,2162,702.65,627.37,2024-11-13,9999-12-31
504108,2163,604.74,539.95,2022-01-01,2024-09-29
504109,2163,630.13,562.62,2024-09-30,9999-12-31
504110,2164,288.9,257.95,2022-01-01,2024-05-08
504111,2164,274.16,244.79,2024-05-09,2024-06-12
504112,2164,284.41,253.94,2024-06-13,9999-12-31
504113,2165,981.06,875.95,2022-01-01,2023-09-22
504114,2165,1105.23,986.81,2023-09-23,2023-12-16
504115,2165,1104.21,985.9,2023-12-17,2024-08-20
504116,2165,1200.16,1071.57,2024-08-21,2024-09-02
504117,2165,1202.13,1073.33,2024-09-03,9999-12-31
504118,2166,487.14,434.95,2022-01-01,2023-11-02
504119,2166,464.18,414.45,2023-11-03,2024-01-14
504120,2166,512.93,457.97,2024-01-15,2024-04-25
504121,2166,547.47,488.81,2024-04-26,9999-12-31
504122,2167,206.02,183.95,2022-01-01,2023-10-12
504123,2167,212.18,189.45,2023-10-13,2023-11-24
504124,2167,248.56,221.93,2023-11-25,2024-06-26
504125,2167,274.7,245.27,2024-06-27,2024-06-27
504126,2167,288.46,257.55,2024-06-28,9999-12-31
504127,2168,227.3,202.95,2022-01-01,2023-04-24
504128,2168,243.97,217.83,2023-04-25,2023-09-13
504129,2168,264.23,235.92,2023-09-14,9999-12-31
504130,2169,319.14,284.95,2022-01-01,2024-03-04
504131,2169,298.22,266.27,2024-03-05,2024-03-23
504132,2169,325.83,290.92,2024-03-24,2024-07-07
504133,2169,331.45,295.94,2024-07-08,2024-10-16
504134,2169,344.43,307.53,2024-10-17,9999-12-31
504135,2170,353.86,315.95,2022-01-01,2024-01-31
504136,2170,376.4,336.07,2024-02-01,2024-06-06
504137,2170,390.54,348.7,2024-06-07,2024-10-02
504138,2170,363.44,324.5,2024-10-03,9999-12-31
504139,2171,330.34,294.95,2022-01-01,2023-10-24
504140,2171,338.18,301.95,2023-10-25,2024-06-05
504141,2171,346.88,309.71,2024-06-06,9999-12-31
504142,2172,377.38,336.95,2022-01-01,2024-11-07
504143,2172,373.42,333.41,2024-11-08,9999-12-31
504144,2173,629.38,561.95,2022-01-01,2023-08-31
504145,2173,682.48,609.36,2023-09-01,2024-07-25
504146,2173,720.98,643.73,2024-07-26,2024-08-30
504147,2173,813.22,726.09,2024-08-31,9999-12-31
504148,2174,73.86,65.95,2022-01-01,2023-07-25
504149,2174,79.81,71.26,2023-07-26,2023-12-21
504150,2174,80.32,71.71,2023-12-22,2024-04-26
504151,2174,78.06,69.7,2024-04-27,9999-12-31
504152,2175,50.34,44.95,2022-01-01,2023-03-13
504153,2175,49.84,44.5,2023-03-14,2023-05-30
504154,2175,57.58,51.41,2023-05-31,2024-06-25
504155,2175,56.49,50.44,2024-06-26,9999-12-31
504156,2176,540.9,482.95,2022-01-01,2023-12-18
504157,2176,617.77,551.58,2023-12-19,9999-12-31
504158,2177,33.54,29.95,2022-01-01,2023-04-30
504159,2177,35.24,31.46,2023-05-01,2024-02-04
504160,2177,36.03,32.17,2024-02-05,2024-05-29
504161,2177,37.06,33.09,2024-05-30,9999-12-31
504162,2178,262.02,233.95,2022-01-01,2023-07-17
504163,2178,267.47,238.81,2023-07-18,2024-01-27
504164,2178,286.79,256.06,2024-01-28,9999-12-31
504165,2179,272.1,242.95,2022-01-01,2024-10-23
504166,2179,282.9,252.59,2024-10-24,9999-12-31
504167,2180,54.82,48.95,2022-01-01,2023-12-15
504168,2180,58.34,52.09,2023-12-16,2024-01-07
504169,2180,60.92,54.39,2024-01-08,2024-02-14
504170,2180,61.17,54.62,2024-02-15,9999-12-31
504171,2181,659.62,588.95,2022-01-01,2024-01-14
504172,2181,674.04,601.82,2024-01-15,2024-06-11
504173,2181,663.7,592.59,2024-06-12,9999-12-31
504174,2182,114.18,101.95,2022-01-01,2024-06-13
504175,2182,133.8,119.46,2024-06-14,2024-09-04
504176,2182,136.63,121.99,2024-09-05,9999-12-31
504177,2183,490.5,437.95,2022-01-01,2023-06-03
504178,2183,494.28,441.32,2023-06-04,2023-09-24
504179,2183,534.33,477.08,2023-09-25,2024-05-18
504180,2183,565.07,504.53,2024-05-19,9999-12-31
504181,2184,385.22,343.95,2022-01-01,2024-01-09
504182,2184,403.58,360.34,2024-01-10,2024-06-06
504183,2184,456.62,407.7,2024-06-07,2024-08-27
504184,2184,529.73,472.97,2024-08-28,9999-12-31
504185,2185,117.54,104.95,2022-01-01,2023-03-01
504186,2185,120.33,107.44,2023-03-02,2023-06-22
504187,2185,116.47,103.99,2023-06-23,2023-12-07
504188,2185,116.5,104.02,2023-12-08,9999-12-31
504189,2186,302.34,269.95,2022-01-01,2023-06-17
504190,2186,291.61,260.37,2023-06-18,2024-06-28
504191,2186,319.41,285.19,2024-06-29,2024-08-04
504192,2186,326.39,291.42,2024-08-05,2024-11-07
504193,2186,320.98,286.59,2024-11-08,9999-12-31
504194,2187,993.38,886.95,2022-01-01,2023-09-13
504195,2187,958.22,855.55,2023-09-14,9999-12-31
504196,2188,417.7,372.95,2022-01-01,2024-08-10
504197,2188,418.02,373.23,2024-08-11,2024-10-11
504198,2188,459.48,410.25,2024-10-12,2024-11-12
504199,2188,510.65,455.94,2024-11-13,9999-12-31
504200,2189,307.94,274.95,2022-01-01,2023-09-24
504201,2189,302.42,270.02,2023-09-25,2023-10-10
504202,2189,294.01,262.51,2023-10-11,2024-04-05
504203,2189,283.6,253.21,2024-04-06,2024-10-25
504204,2189,294.32,262.79,2024-10-26,9999-12-31
504205,2190,443.46,395.95,2022-01-01,2023-08-02
504206,2190,492.43,439.67,2023-08-03,2024-05-23
504207,2190,530.75,473.88,2024-05-24,2024-11-13
504208,2190,529.54,472.8,2024-11-14,9999-12-31
504209,2191,157.86,140.95,2022-01-01,2023-08-08
504210,2191,171.82,153.41,2023-08-09,2024-05-20
504211,2191,185.37,165.51,2024-05-21,2024-10-24
504212,2191,210.12,187.61,2024-10-25,9999-12-31
504213,2192,251.94,224.95,2022-01-01,2023-07-29
504214,2192,249.39,222.67,2023-07-30,2024-01-10
504215,2192,244.92,218.68,2024-01-11,9999-12-31
504216,2193,498.34,444.95,2022-01-01,2023-12-23
504217,2193,535.62,478.23,2023-12-24,2024-08-11
504218,2193,598.16,534.07,2024-08-12,9999-12-31
504219,2194,199.3,177.95,2022-01-01,2023-03-18
504220,2194,211.78,189.09,2023-03-19,2024-03-29
504221,2194,231.69,206.87,2024-03-30,2024-09-17
504222,2194,256.54,229.05,2024-09-18,2024-09-29
504223,2194,262.84,234.68,2024-09-30,9999-12-31
504224,2195,68.26,60.95,2022-01-01,2023-09-26
504225,2195,77.96,69.61,2023-09-27,2024-06-27
504226,2195,76.63,68.42,2024-06-28,2024-11-09
504227,2195,82.42,73.59,2024-11-10,9999-12-31
504228,2196,286.66,255.95,2022-01-01,2023-12-04
504229,2196,325.33,290.47,2023-12-05,2024-03-11
504230,2196,351.97,314.26,2024-03-12,2024-04-06
504231,2196,356.91,318.67,2024-04-07,2024-10-09
504232,2196,384.38,343.2,2024-10-10,9999-12-31
504233,2197,1324.9,1182.95,2022-01-01,2023-07-21
504234,2197,1397.08,1247.39,2023-07-22,2024-05-17
504235,2197,1517.12,1354.57,2024-05-18,2024-06-10
504236,2197,1469.35,1311.92,2024-06-11,2024-09-24
504237,2197,1587.36,1417.29,2024-09-25,9999-12-31
504238,2198,277.7,247.95,2022-01-01,2023-09-13
504239,2198,319.02,284.84,2023-09-14,2024-03-01
504240,2198,342.14,305.48,2024-03-02,2024-09-15
504241,2198,336.8,300.71,2024-09-16,9999-12-31
504242,2199,836.58,746.95,2022-01-01,2023-12-29
504243,2199,888.74,793.52,2023-12-30,2024-06-30
504244,2199,939.55,838.88,2024-07-01,2024-09-26
504245,2199,937.78,837.3,2024-09-27,9999-12-31
504246,2200,305.7,272.95,2022-01-01,2024-03-01
504247,2200,320.35,286.03,2024-03-02,9999-12-31
504248,2201,199.33,177.97,2023-09-06,2024-01-25
504249,2201,207.94,185.66,2024-01-26,9999-12-31
504250,2202,696.47,621.85,2023-03-31,2023-11-07
504251,2202,666.14,594.77,2023-11-08,2024-01-24
504252,2202,731.7,653.3,2024-01-25,2024-05-28
504253,2202,755.03,674.13,2024-05-29,9999-12-31
504254,2203,234.09,209.01,2023-04-17,2023-06-12
504255,2203,264.94,236.55,2023-06-13,9999-12-31
504256,2204,178.02,158.95,2024-06-01,2024-08-11
504257,2204,189.03,168.78,2024-08-12,9999-12-31
504258,2205,309.62,276.45,2023-03-24,2023-03-24
504259,2205,339.55,303.17,2023-03-25,2023-04-10
504260,2205,329.84,294.5,2023-04-11,2024-03-02
504261,2205,357.68,319.36,2024-03-03,9999-12-31
504262,2206,57.65,51.47,2024-01-03,2024-09-26
504263,2206,55.65,49.69,2024-09-27,9999-12-31
504264,2207,160.71,143.49,2023-12-04,2024-02-15
504265,2207,164.12,146.54,2024-02-16,2024-04-30
504266,2207,169.32,151.18,2024-05-01,9999-12-31
504267,2208,352.65,314.87,2023-05-07,2023-07-03
504268,2208,353.52,315.64,2023-07-04,2024-02-03
504269,2208,363.97,324.97,2024-02-04,2024-10-02
504270,2208,400.68,357.75,2024-10-03,9999-12-31
504271,2209,311.66,278.27,2023-06-16,2023-07-25
504272,2209,344.96,308.0,2023-07-26,2023-09-10
504273,2209,354.2,316.25,2023-09-11,2024-06-23
504274,2209,365.78,326.59,2024-06-24,9999-12-31
504275,2210,26.77,23.9,2023-07-31,2024-01-10
504276,2210,25.6,22.86,2024-01-11,9999-12-31
504277,2211,60.09,53.65,2023-08-15,2024-02-14
504278,2211,59.49,53.12,2024-02-15,2024-07-24
504279,2211,63.84,57.0,2024-07-25,9999-12-31
504280,2212,117.32,104.75,2023-08-27,2023-12-20
504281,2212,112.55,100.49,2023-12-21,2024-03-20
504282,2212,102.56,91.57,2024-03-21,2024-10-18
504283,2212,113.77,101.58,2024-10-19,9999-12-31
504284,2213,168.86,150.77,2023-02-05,2023-02-26
504285,2213,155.37,138.72,2023-02-27,2023-12-14
504286,2213,148.36,132.46,2023-12-15,2024-05-09
504287,2213,150.39,134.28,2024-05-10,9999-12-31
504288,2214,52.17,46.58,2023-11-28,2023-11-29
504289,2214,49.92,44.57,2023-11-30,2024-04-25
504290,2214,57.6,51.43,2024-04-26,2024-08-06
504291,2214,59.28,52.93,2024-08-07,9999-12-31
504292,2215,481.35,429.78,2023-05-15,2023-05-18
504293,2215,496.38,443.2,2023-05-19,2024-04-12
504294,2215,545.81,487.33,2024-04-13,9999-12-31
504295,2216,601.35,536.92,2023-11-22,2024-10-23
504296,2216,617.55,551.38,2024-10-24,9999-12-31
504297,2217,86.59,77.31,2024-04-29,2024-05-09
504298,2217,88.4,78.93,2024-05-10,2024-06-23
504299,2217,92.12,82.25,2024-06-24,2024-09-04
504300,2217,91.41,81.62,2024-09-05,9999-12-31
504301,2218,456.66,407.73,2023-11-27,2024-02-05
504302,2218,473.59,422.85,2024-02-06,9999-12-31
504303,2219,203.82,181.98,2023-03-28,2023-06-02
504304,2219,209.12,186.71,2023-06-03,2023-08-03
504305,2219,209.55,187.1,2023-08-04,2023-08-21
504306,2219,221.92,198.14,2023-08-22,9999-12-31
504307,2220,254.86,227.55,2023-06-01,2023-11-28
504308,2220,292.41,261.08,2023-11-29,9999-12-31
504309,2221,83.25,74.33,2023-11-18,2023-11-30
504310,2221,84.17,75.15,2023-12-01,9999-12-31
504311,2222,360.43,321.81,2023-04-10,2023-05-25
504312,2222,372.39,332.49,2023-05-26,2023-09-28
504313,2222,403.92,360.64,2023-09-29,2023-12-22
504314,2222,417.31,372.6,2023-12-23,9999-12-31
504315,2223,141.46,126.3,2023-06-08,2024-05-06
504316,2223,155.94,139.23,2024-05-07,9999-12-31
504317,2224,119.78,106.95,2024-06-01,2024-07-18
504318,2224,131.75,117.63,2024-07-19,2024-09-23
504319,2224,143.09,127.76,2024-09-24,2024-11-01
504320,2224,152.41,136.08,2024-11-02,9999-12-31
