product_sk,product_code,product_name,category_id,brand,pack_size,uom,valid_from,valid_to,is_current
1001,P100005,Thums Up Mango Juice 250g,C03,Thums Up,250g,EA,2019-04-01,9999-12-31,True
1002,P100007,Vim Dishwash Bar 1kg,C08,Vim,1kg,EA,2019-04-01,9999-12-31,True
1003,P100019,Sunfeast Cookies 150g,C01,Sunfeast,150g,EA,2019-04-01,9999-12-31,True
1004,P100026,Dhara Rice Bran Oil 5L,C05,Dhara,5L,EA,2019-04-01,9999-12-31,True
1005,P100033,Gold Winner Mustard Oil 1L,C05,Gold Winner,1L,EA,2019-04-01,9999-12-31,True
1006,P100035,Huggies Diapers Small,C09,Huggies,Small,EA,2019-04-01,9999-12-31,True
1007,P100044,Mamypoko Baby Powder XL,C09,Mamypoko,XL,EA,2019-04-01,9999-12-31,True
1008,P100049,Britannia Cream Biscuit 60g,C01,Britannia,60g,EA,2019-04-01,9999-12-31,True
1009,P100057,McCain French Fries 1kg,C10,McCain,1kg,EA,2019-04-01,9999-12-31,True
1010,P100066,Bru Mango Juice 500g,C03,Bru,500g,EA,2019-04-01,9999-12-31,True
1011,P100074,MDH Sambar Powder 200g,C06,MDH,200g,EA,2019-04-01,9999-12-31,True
1012,P100077,Catch Sambar Powder 100g,C06,Catch,100g,EA,2019-04-01,9999-12-31,True
1013,P100086,Heritage Ghee 1L,C02,Heritage,1L,EA,2019-04-01,9999-12-31,True
1014,P100095,Modern Rusk 6 pc,C11,Modern,6 pc,EA,2019-04-01,9999-12-31,True
1015,P100100,Sumeru French Fries 400g,C10,Sumeru,400g,EA,2019-04-01,9999-12-31,True
1016,P100106,Real Mango Juice 500g,C03,Real,500g,EA,2019-04-01,9999-12-31,True
1017,P100112,Bikano Khakhra 400g,C01,Bikano,400g,EA,2019-04-01,9999-12-31,True
1018,P100121,English Oven Pav Bun 400g,C11,English Oven,400g,EA,2019-04-01,9999-12-31,True
1019,P100131,Huggies Baby Powder Medium,C09,Huggies,Medium,EA,2019-04-01,9999-12-31,True
1020,P100135,Eastern Coriander Powder 100g,C06,Eastern,100g,EA,2019-04-01,9999-12-31,True
1021,P100140,Perfetti Milk Chocolate 50g,C13,Perfetti,50g,EA,2019-04-01,9999-12-31,True
1022,P100150,Everest Garam Masala 200g,C06,Everest,200g,EA,2019-04-01,9999-12-31,True
1023,P100156,Aashirvaad Toor Dal 1kg,C04,Aashirvaad,1kg,EA,2019-04-01,9999-12-31,True
1024,P100164,Colgate Face Wash 180ml,C07,Colgate,180ml,EA,2019-04-01,9999-12-31,True
1025,P100172,Modern Muffin Pack of 2,C11,Modern,Pack of 2,EA,2019-04-01,9999-12-31,True
1026,P100178,Comfort Fabric Conditioner 500ml,C08,Comfort,500ml,EA,2019-04-01,9999-12-31,True
1027,P100183,Pampers Diapers Large,C09,Pampers,Large,EA,2019-04-01,9999-12-31,True
1028,P100194,Nestle Candy Pack 25g,C13,Nestle,25g,EA,2019-04-01,9999-12-31,True
1029,P100198,Fortune Sunflower Oil 2L,C05,Fortune,2L,EA,2019-04-01,9999-12-31,True
1030,P100203,Aachi Sambar Powder 100g,C06,Aachi,100g,EA,2019-04-01,9999-12-31,True
1031,P100210,Huggies Baby Powder Small,C09,Huggies,Small,EA,2019-04-01,9999-12-31,True
1032,P100221,Mamypoko Baby Wipes Medium,C09,Mamypoko,Medium,EA,2019-04-01,9999-12-31,True
1033,P100224,Milky Mist Cheese Slices 500ml,C02,Milky Mist,500ml,EA,2019-04-01,9999-12-31,True
1034,P100233,Harvest Gold Muffin 6 pc,C11,Harvest Gold,6 pc,EA,2019-04-01,9999-12-31,True
1035,P100239,Huggies Diapers Small,C09,Huggies,Small,EA,2019-04-01,9999-12-31,True
1036,P100250,Heritage Cheese Slices 500g,C02,Heritage,500g,EA,2019-04-01,9999-12-31,True
1037,P100255,Sundrop Mustard Oil 1L,C05,Sundrop,1L,EA,2019-04-01,9999-12-31,True
1038,P100260,India Gate Toor Dal 5kg,C04,India Gate,5kg,EA,2019-04-01,9999-12-31,True
1039,P100268,Local Bakery Rusk 400g,C11,Local Bakery,400g,EA,2019-04-01,9999-12-31,True
1040,P100276,Gold Winner Mustard Oil 2L,C05,Gold Winner,2L,EA,2019-04-01,9999-12-31,True
1041,P100281,Milky Mist Paneer 500ml,C02,Milky Mist,500ml,EA,2019-04-01,9999-12-31,True
1042,P100287,Pampers Diapers Large,C09,Pampers,Large,EA,2019-04-01,9999-12-31,True
1043,P100298,Nandini Curd 500ml,C02,Nandini,500ml,EA,2019-04-01,9999-12-31,True
1044,P100305,India Gate Toor Dal 1kg,C04,India Gate,1kg,EA,2019-04-01,9999-12-31,True
1045,P100308,Pampers Baby Powder Medium,C09,Pampers,Medium,EA,2019-04-01,9999-12-31,True
1046,P100319,English Oven Sandwich Bread Pack of 2,C11,English Oven,Pack of 2,EA,2019-04-01,9999-12-31,True
1047,P100326,Sunfeast Marie Gold 400g,C01,Sunfeast,400g,EA,2019-04-01,9999-12-31,True
1048,P100330,Amul Cheese Slices 200g,C02,Amul,200g,EA,2019-04-01,9999-12-31,True
1049,P100339,Cadbury Chewing Gum 50g,C13,Cadbury,50g,EA,2019-04-01,9999-12-31,True
1050,P100348,Milky Mist Cheese Slices 500g,C02,Milky Mist,500g,EA,2019-04-01,9999-12-31,True
1051,P100354,Huggies Baby Wipes XL,C09,Huggies,XL,EA,2019-04-01,9999-12-31,True
1052,P100362,24 Mantra Sona Masoori Rice 10kg,C04,24 Mantra,10kg,EA,2019-04-01,9999-12-31,True
1053,P100367,Himalaya Body Lotion 100g,C07,Himalaya,100g,EA,2019-04-01,9999-12-31,True
1054,P100375,Catch Turmeric Powder 500g,C06,Catch,500g,EA,2019-04-01,9999-12-31,True
1055,P100380,Classmate A4 Paper Ream Pack of 5,C14,Classmate,Pack of 5,EA,2019-04-01,9999-12-31,True
1056,P100387,Local Bakery Pav Bun Pack of 2,C11,Local Bakery,Pack of 2,EA,2019-04-01,9999-12-31,True
1057,P100394,McCain Idli Batter 1kg,C10,McCain,1kg,EA,2019-04-01,9999-12-31,True
1058,P100403,Cello A4 Paper Ream 1 pc,C14,Cello,1 pc,EA,2019-04-01,9999-12-31,True
1059,P100406,Mother Dairy Butter 500g,C02,Mother Dairy,500g,EA,2019-04-01,9999-12-31,True
1060,P100418,Safal Banana Loose,C12,Safal,Loose,KG,2019-04-01,9999-12-31,True
1061,P100421,Farm Fresh Apple 500g,C12,Farm Fresh,500g,KG,2019-04-01,9999-12-31,True
1062,P100428,Local Mandi Carrot Loose,C12,Local Mandi,Loose,KG,2019-04-01,9999-12-31,True
1063,P100438,Everest Sambar Powder 50g,C06,Everest,50g,EA,2019-04-01,9999-12-31,True
1064,P100441,Sumeru Ready Paratha 1kg,C10,Sumeru,1kg,EA,2019-04-01,9999-12-31,True
1065,P100453,Classmate Notebook 500 sheets,C14,Classmate,500 sheets,EA,2019-04-01,9999-12-31,True
1066,P100456,Sundrop Sunflower Oil 1L,C05,Sundrop,1L,EA,2019-04-01,9999-12-31,True
1067,P100463,Classmate Pencil Box 500 sheets,C14,Classmate,500 sheets,EA,2019-04-01,9999-12-31,True
1068,P100469,Eastern Garam Masala 200g,C06,Eastern,200g,EA,2019-04-01,9999-12-31,True
1069,P100479,Pampers Baby Wipes Small,C09,Pampers,Small,EA,2019-04-01,9999-12-31,True
1070,P100483,India Gate Whole Wheat Atta 1kg,C04,India Gate,1kg,EA,2019-04-01,9999-12-31,True
1071,P100494,Harpic Fabric Conditioner 1kg,C08,Harpic,1kg,EA,2019-04-01,9999-12-31,True
1072,P100499,Camlin Ball Pen Pack of 5,C14,Camlin,Pack of 5,EA,2019-04-01,9999-12-31,True
1073,P100509,Saffola Sunflower Oil 2L,C05,Saffola,2L,EA,2019-04-01,9999-12-31,True
1074,P100511,McCain French Fries 200g,C10,McCain,200g,EA,2019-04-01,9999-12-31,True
1075,P100519,Pampers Baby Soap Small,C09,Pampers,Small,EA,2019-04-01,9999-12-31,True
1076,P100528,Daawat Poha 10kg,C04,Daawat,10kg,EA,2019-04-01,9999-12-31,True
1077,P100536,Bru Soda 2L,C03,Bru,2L,EA,2019-04-01,9999-12-31,True
1078,P100543,Safal Carrot 500g,C12,Safal,500g,KG,2019-04-01,9999-12-31,True
1079,P100549,ITC Master Chef Frozen Peas 200g,C10,ITC Master Chef,200g,EA,2019-04-01,9999-12-31,True
1080,P100555,Paper Boat Mineral Water 250g,C03,Paper Boat,250g,EA,2019-04-01,9999-12-31,True
1081,P100560,iD Fresh French Fries 1kg,C10,iD Fresh,1kg,EA,2019-04-01,9999-12-31,True
1082,P100571,Amul Choco Candy Pack Pack of 10,C13,Amul Choco,Pack of 10,EA,2019-04-01,9999-12-31,True
1083,P100577,Himalaya Toothpaste 180ml,C07,Himalaya,180ml,EA,2019-04-01,9999-12-31,True
1084,P100582,Vim Toilet Cleaner 1kg,C08,Vim,1kg,EA,2019-04-01,9999-12-31,True
1085,P100593,English Oven Sandwich Bread Pack of 2,C11,English Oven,Pack of 2,EA,2019-04-01,9999-12-31,True
1086,P100595,Cello A4 Paper Ream Pack of 5,C14,Cello,Pack of 5,EA,2019-04-01,9999-12-31,True
1087,P100604,Farm Fresh Onion 1kg,C12,Farm Fresh,1kg,KG,2019-04-01,9999-12-31,True
1088,P100609,Classmate Pencil Box 500 sheets,C14,Classmate,500 sheets,EA,2019-04-01,9999-12-31,True
1089,P100621,Catch Coriander Powder 500g,C06,Catch,500g,EA,2019-04-01,2024-05-31,False
1090,P100627,Heritage Toned Milk 200g,C02,Heritage,200g,EA,2019-04-01,9999-12-31,True
1091,P100632,Cadbury Candy Pack 25g,C13,Cadbury,25g,EA,2019-04-01,9999-12-31,True
1092,P100640,ITC Master Chef Frozen Peas 200g,C10,ITC Master Chef,200g,EA,2019-04-01,9999-12-31,True
1093,P100649,Sundrop Rice Bran Oil 5L,C05,Sundrop,5L,EA,2019-04-01,9999-12-31,True
1094,P100652,Himalaya Face Wash 75g,C07,Himalaya,75g,EA,2019-04-01,9999-12-31,True
1095,P100658,Local Mandi Carrot Loose,C12,Local Mandi,Loose,KG,2019-04-01,9999-12-31,True
1096,P100665,Sumeru French Fries 400g,C10,Sumeru,400g,EA,2019-04-01,9999-12-31,True
1097,P100677,Cadbury Milk Chocolate 50g,C13,Cadbury,50g,EA,2019-04-01,9999-12-31,True
1098,P100682,Johnson's Baby Wipes Small,C09,Johnson's,Small,EA,2019-04-01,9999-12-31,True
1099,P100686,Daawat Toor Dal 5kg,C04,Daawat,5kg,EA,2019-04-01,9999-12-31,True
1100,P100693,Perfetti Candy Pack Pack of 10,C13,Perfetti,Pack of 10,EA,2019-04-01,9999-12-31,True
1101,P100703,Mamypoko Baby Powder Large,C09,Mamypoko,Large,EA,2019-04-01,9999-12-31,True
1102,P100711,Parle Namkeen Mix 60g,C01,Parle,60g,EA,2019-04-01,9999-12-31,True
1103,P100717,Comfort Detergent Powder 500ml,C08,Comfort,500ml,EA,2019-04-01,9999-12-31,True
1104,P100722,Safal Apple 1kg,C12,Safal,1kg,KG,2019-04-01,9999-12-31,True
1105,P100731,Cadbury Dark Chocolate 100g,C13,Cadbury,100g,EA,2019-04-01,9999-12-31,True
1106,P100736,Huggies Baby Wipes Large,C09,Huggies,Large,EA,2019-04-01,9999-12-31,True
1107,P100744,Harvest Gold Pav Bun 400g,C11,Harvest Gold,400g,EA,2019-04-01,9999-12-31,True
1108,P100754,Harvest Gold Sandwich Bread 6 pc,C11,Harvest Gold,6 pc,EA,2019-04-01,9999-12-31,True
1109,P100761,Local Bakery Muffin Pack of 2,C11,Local Bakery,Pack of 2,EA,2019-04-01,9999-12-31,True
1110,P100767,ITC Master Chef Frozen Peas 1kg,C10,ITC Master Chef,1kg,EA,2019-04-01,9999-12-31,True
1111,P100771,Pampers Baby Soap Small,C09,Pampers,Small,EA,2019-04-01,9999-12-31,True
1112,P100781,Dove Hair Oil 340ml,C07,Dove,340ml,EA,2019-04-01,9999-12-31,True
1113,P100784,Bisleri Tea Leaf 500g,C03,Bisleri,500g,EA,2019-04-01,2024-05-31,False
1114,P100791,Nandini Butter 500ml,C02,Nandini,500ml,EA,2019-04-01,9999-12-31,True
1115,P100803,Sundrop Rice Bran Oil 1L,C05,Sundrop,1L,EA,2019-04-01,9999-12-31,True
1116,P100810,Eastern Sambar Powder 50g,C06,Eastern,50g,EA,2019-04-01,9999-12-31,True
1117,P100816,Mamypoko Baby Soap Small,C09,Mamypoko,Small,EA,2019-04-01,9999-12-31,True
1118,P100819,Aashirvaad Poha 5kg,C04,Aashirvaad,5kg,EA,2019-04-01,9999-12-31,True
1119,P100827,24 Mantra Poha 10kg,C04,24 Mantra,10kg,EA,2019-04-01,9999-12-31,True
1120,P100838,Local Bakery Pav Bun 400g,C11,Local Bakery,400g,EA,2019-04-01,9999-12-31,True
1121,P100840,Thums Up Instant Coffee 500g,C03,Thums Up,500g,EA,2019-04-01,9999-12-31,True
1122,P100850,McCain Idli Batter 1kg,C10,McCain,1kg,EA,2019-04-01,9999-12-31,True
1123,P100855,Dove Hair Oil 75g,C07,Dove,75g,EA,2019-04-01,9999-12-31,True
1124,P100864,Perfetti Dark Chocolate Pack of 10,C13,Perfetti,Pack of 10,EA,2019-04-01,9999-12-31,True
1125,P100869,Camlin Ball Pen Pack of 5,C14,Camlin,Pack of 5,EA,2019-04-01,9999-12-31,True
1126,P100879,Farm Fresh Apple Loose,C12,Farm Fresh,Loose,KG,2019-04-01,9999-12-31,True
1127,P100883,Nandini Butter 200ml,C02,Nandini,200ml,EA,2019-04-01,9999-12-31,True
1128,P100889,Sundrop Groundnut Oil 2L,C05,Sundrop,2L,EA,2019-04-01,9999-12-31,True
1129,P100899,Local Mandi Potato 500g,C12,Local Mandi,500g,KG,2019-04-01,9999-12-31,True
1130,P100904,Perfetti Candy Pack 50g,C13,Perfetti,50g,EA,2019-04-01,9999-12-31,True
1131,P100911,English Oven Rusk 400g,C11,English Oven,400g,EA,2019-04-01,9999-12-31,True
1132,P100921,Himalaya Toothpaste 100g,C07,Himalaya,100g,EA,2019-04-01,9999-12-31,True
1133,P100924,Anmol Khakhra 60g,C01,Anmol,60g,EA,2019-04-01,9999-12-31,True
1134,P100933,Amul Choco Chewing Gum 25g,C13,Amul Choco,25g,EA,2019-04-01,9999-12-31,True
1135,P100940,Vim Detergent Powder 500ml,C08,Vim,500ml,EA,2019-04-01,9999-12-31,True
1136,P100946,Unibic Khakhra 150g,C01,Unibic,150g,EA,2019-04-01,9999-12-31,True
1137,P100956,Sundrop Rice Bran Oil 1L,C05,Sundrop,1L,EA,2019-04-01,9999-12-31,True
1138,P100959,Paper Boat Cola 250g,C03,Paper Boat,250g,EA,2019-04-01,9999-12-31,True
1139,P100967,Mamypoko Baby Soap Large,C09,Mamypoko,Large,EA,2019-04-01,9999-12-31,True
1140,P100974,Local Bakery Sandwich Bread Pack of 2,C11,Local Bakery,Pack of 2,EA,2019-04-01,9999-12-31,True
1141,P100985,Comfort Detergent Powder 500ml,C08,Comfort,500ml,EA,2019-04-01,9999-12-31,True
1142,P100991,Nandini Cheese Slices 500g,C02,Nandini,500g,EA,2019-04-01,9999-12-31,True
1143,P100999,Farm Fresh Apple Loose,C12,Farm Fresh,Loose,KG,2019-04-01,9999-12-31,True
1144,P101004,Johnson's Baby Powder Small,C09,Johnson's,Small,EA,2019-04-01,2024-05-31,False
1145,P101010,Sumeru Ready Paratha 200g,C10,Sumeru,200g,EA,2019-04-01,9999-12-31,True
1146,P101018,Farm Fresh Tomato 500g,C12,Farm Fresh,500g,KG,2019-04-01,9999-12-31,True
1147,P101023,MDH Sambar Powder 100g,C06,MDH,100g,EA,2019-04-01,9999-12-31,True
1148,P101034,Cello Ball Pen 500 sheets,C14,Cello,500 sheets,EA,2019-04-01,9999-12-31,True
1149,P101037,Comfort Fabric Conditioner 500ml,C08,Comfort,500ml,EA,2019-04-01,9999-12-31,True
1150,P101048,Sundrop Sunflower Oil 5L,C05,Sundrop,5L,EA,2019-04-01,9999-12-31,True
1151,P101052,Nestle Milk Chocolate 25g,C13,Nestle,25g,EA,2019-04-01,9999-12-31,True
1152,P101062,Local Bakery Pav Bun 400g,C11,Local Bakery,400g,EA,2019-04-01,9999-12-31,True
1153,P101064,Nestle Dark Chocolate Pack of 10,C13,Nestle,Pack of 10,EA,2019-04-01,9999-12-31,True
1154,P101076,Dhara Sunflower Oil 1L,C05,Dhara,1L,EA,2019-04-01,9999-12-31,True
1155,P101083,Nivea Bathing Soap 75g,C07,Nivea,75g,EA,2019-04-01,9999-12-31,True
1156,P101090,Nestle Dark Chocolate 50g,C13,Nestle,50g,EA,2019-04-01,9999-12-31,True
1157,P101095,Farm Fresh Potato 500g,C12,Farm Fresh,500g,KG,2019-04-01,9999-12-31,True
1158,P101101,iD Fresh Frozen Peas 200g,C10,iD Fresh,200g,EA,2019-04-01,9999-12-31,True
1159,P101106,Mother Dairy Ghee 200g,C02,Mother Dairy,200g,EA,2019-04-01,9999-12-31,True
1160,P101117,Aashirvaad Whole Wheat Atta 10kg,C04,Aashirvaad,10kg,EA,2019-04-01,9999-12-31,True
1161,P101122,Sunfeast Namkeen Mix 60g,C01,Sunfeast,60g,EA,2019-04-01,9999-12-31,True
1162,P101127,Local Mandi Onion 1kg,C12,Local Mandi,1kg,KG,2019-04-01,9999-12-31,True
1163,P101134,24 Mantra Whole Wheat Atta 1kg,C04,24 Mantra,1kg,EA,2019-04-01,9999-12-31,True
1164,P101142,iD Fresh Idli Batter 200g,C10,iD Fresh,200g,EA,2019-04-01,9999-12-31,True
1165,P101152,Comfort Toilet Cleaner 500ml,C08,Comfort,500ml,EA,2019-04-01,9999-12-31,True
1166,P101156,Eastern Garam Masala 500g,C06,Eastern,500g,EA,2019-04-01,9999-12-31,True
1167,P101164,Thums Up Soda 1L,C03,Thums Up,1L,EA,2019-04-01,9999-12-31,True
1168,P101174,Mother Dairy Curd 500ml,C02,Mother Dairy,500ml,EA,2019-04-01,9999-12-31,True
1169,P101177,Harvest Gold Rusk Pack of 2,C11,Harvest Gold,Pack of 2,EA,2019-04-01,9999-12-31,True
1170,P101184,Cello Pencil Box 500 sheets,C14,Cello,500 sheets,EA,2019-04-01,9999-12-31,True
1171,P101190,Sunfeast Marie Gold 100g,C01,Sunfeast,100g,EA,2019-04-01,9999-12-31,True
1172,P101201,Harvest Gold Pav Bun Pack of 2,C11,Harvest Gold,Pack of 2,EA,2019-04-01,9999-12-31,True
1173,P101208,24 Mantra Whole Wheat Atta 1kg,C04,24 Mantra,1kg,EA,2019-04-01,9999-12-31,True
1174,P101213,Nestle Milk Chocolate Pack of 10,C13,Nestle,Pack of 10,EA,2019-04-01,9999-12-31,True
1175,P101218,Lizol Toilet Cleaner 200g,C08,Lizol,200g,EA,2019-04-01,9999-12-31,True
1176,P101225,Nataraj Ball Pen Pack of 5,C14,Nataraj,Pack of 5,EA,2019-04-01,9999-12-31,True
1177,P101237,iD Fresh Ready Paratha 1kg,C10,iD Fresh,1kg,EA,2019-04-01,9999-12-31,True
1178,P101242,Perfetti Dark Chocolate 25g,C13,Perfetti,25g,EA,2019-04-01,9999-12-31,True
1179,P101248,Real Instant Coffee 600ml,C03,Real,600ml,EA,2019-04-01,9999-12-31,True
1180,P101258,Paper Boat Mango Juice 600ml,C03,Paper Boat,600ml,EA,2019-04-01,9999-12-31,True
1181,P101263,Nivea Hair Oil 100g,C07,Nivea,100g,EA,2019-04-01,9999-12-31,True
1182,P101272,Everest Chilli Powder 200g,C06,Everest,200g,EA,2019-04-01,9999-12-31,True
1183,P101279,Local Mandi Apple Loose,C12,Local Mandi,Loose,KG,2019-04-01,9999-12-31,True
1184,P101283,Bru Mango Juice 250g,C03,Bru,250g,EA,2019-04-01,9999-12-31,True
1185,P101292,Nandini Curd 200g,C02,Nandini,200g,EA,2019-04-01,9999-12-31,True
1186,P101298,ITC Master Chef Frozen Peas 1kg,C10,ITC Master Chef,1kg,EA,2019-04-01,9999-12-31,True
1187,P101305,Britannia Khakhra 100g,C01,Britannia,100g,EA,2019-04-01,9999-12-31,True
1188,P101311,Dhara Groundnut Oil 1L,C05,Dhara,1L,EA,2019-04-01,9999-12-31,True
1189,P101321,Thums Up Tea Leaf 250g,C03,Thums Up,250g,EA,2019-04-01,9999-12-31,True
1190,P101327,Harpic Fabric Conditioner 200g,C08,Harpic,200g,EA,2019-04-01,9999-12-31,True
1191,P101332,Patanjali Body Lotion 75g,C07,Patanjali,75g,EA,2019-04-01,9999-12-31,True
1192,P101339,Sundrop Rice Bran Oil 1L,C05,Sundrop,1L,EA,2019-04-01,9999-12-31,True
1193,P101345,Heritage Ghee 1L,C02,Heritage,1L,EA,2019-04-01,9999-12-31,True
1194,P101356,Saffola Rice Bran Oil 5L,C05,Saffola,5L,EA,2019-04-01,9999-12-31,True
1195,P101359,Himalaya Toothpaste 340ml,C07,Himalaya,340ml,EA,2019-04-01,2024-05-31,False
1196,P101367,Real Mineral Water 1L,C03,Real,1L,EA,2019-04-01,9999-12-31,True
1197,P101374,Amul Choco Milk Chocolate 100g,C13,Amul Choco,100g,EA,2019-04-01,9999-12-31,True
1198,P101384,Eastern Garam Masala 200g,C06,Eastern,200g,EA,2019-04-01,9999-12-31,True
1199,P101389,Real Cola 250g,C03,Real,250g,EA,2019-04-01,9999-12-31,True
1200,P101393,Aachi Chilli Powder 100g,C06,Aachi,100g,EA,2019-04-01,9999-12-31,True
1201,P101404,Mother Dairy Butter 200ml,C02,Mother Dairy,200ml,EA,2019-04-01,9999-12-31,True
1202,P101410,Mamypoko Baby Wipes XL,C09,Mamypoko,XL,EA,2019-04-01,9999-12-31,True
1203,P101419,Huggies Baby Powder Medium,C09,Huggies,Medium,EA,2019-04-01,9999-12-31,True
1204,P101421,Parle Glucose Biscuit 150g,C01,Parle,150g,EA,2019-04-01,9999-12-31,True
1205,P101428,Paper Boat Mango Juice 1L,C03,Paper Boat,1L,EA,2019-04-01,9999-12-31,True
1206,P101440,Safal Apple 500g,C12,Safal,500g,KG,2019-04-01,9999-12-31,True
1207,P101444,Gold Winner Mustard Oil 1L,C05,Gold Winner,1L,EA,2019-04-01,9999-12-31,True
1208,P101454,Cello Pencil Box 500 sheets,C14,Cello,500 sheets,EA,2019-04-01,9999-12-31,True
1209,P101458,India Gate Basmati Rice 5kg,C04,India Gate,5kg,EA,2019-04-01,9999-12-31,True
1210,P101465,Nivea Bathing Soap 75g,C07,Nivea,75g,EA,2019-04-01,9999-12-31,True
1211,P101470,Local Mandi Potato Loose,C12,Local Mandi,Loose,KG,2019-04-01,9999-12-31,True
1212,P101481,Eastern Sambar Powder 100g,C06,Eastern,100g,EA,2019-04-01,9999-12-31,True
1213,P101489,India Gate Chana Dal 10kg,C04,India Gate,10kg,EA,2019-04-01,9999-12-31,True
1214,P101492,Nestle Milk Chocolate 50g,C13,Nestle,50g,EA,2019-04-01,9999-12-31,True
1215,P101500,Fortune Sona Masoori Rice 1kg,C04,Fortune,1kg,EA,2019-04-01,9999-12-31,True
1216,P101507,Nandini Ghee 500g,C02,Nandini,500g,EA,2019-04-01,9999-12-31,True
1217,P101515,Farm Fresh Apple Loose,C12,Farm Fresh,Loose,KG,2019-04-01,9999-12-31,True
1218,P101520,Gold Winner Groundnut Oil 1L,C05,Gold Winner,1L,EA,2019-04-01,9999-12-31,True
1219,P101530,Himalaya Hair Oil 340ml,C07,Himalaya,340ml,EA,2019-04-01,9999-12-31,True
1220,P101533,Johnson's Baby Powder Large,C09,Johnson's,Large,EA,2019-04-01,9999-12-31,True
1221,P101543,Nestle Milk Chocolate 100g,C13,Nestle,100g,EA,2019-04-01,9999-12-31,True
1222,P101547,Modern Muffin 6 pc,C11,Modern,6 pc,EA,2019-04-01,9999-12-31,True
1223,P101558,Sunfeast Cookies 60g,C01,Sunfeast,60g,EA,2019-04-01,9999-12-31,True
1224,P101564,Paper Boat Mango Juice 2L,C03,Paper Boat,2L,EA,2019-04-01,9999-12-31,True
1225,P101570,Huggies Baby Wipes Large,C09,Huggies,Large,EA,2019-04-01,9999-12-31,True
1226,P101578,English Oven Muffin Pack of 2,C11,English Oven,Pack of 2,EA,2019-04-01,9999-12-31,True
1227,P101585,Britannia Khakhra 400g,C01,Britannia,400g,EA,2019-04-01,9999-12-31,True
1228,P101592,Colgate Hair Oil 180ml,C07,Colgate,180ml,EA,2019-04-01,9999-12-31,True
1229,P101599,Surf Excel Floor Cleaner 500g,C08,Surf Excel,500g,EA,2019-04-01,9999-12-31,True
1230,P101603,Huggies Baby Soap Large,C09,Huggies,Large,EA,2019-04-01,9999-12-31,True
1231,P101613,Britannia Glucose Biscuit 250g,C01,Britannia,250g,EA,2019-04-01,9999-12-31,True
1232,P101622,Mother Dairy Paneer 500ml,C02,Mother Dairy,500ml,EA,2019-04-01,9999-12-31,True
1233,P101626,Mamypoko Baby Soap XL,C09,Mamypoko,XL,EA,2019-04-01,9999-12-31,True
1234,P101634,Bisleri Tea Leaf 1L,C03,Bisleri,1L,EA,2019-04-01,9999-12-31,True
1235,P101638,Camlin Ball Pen Pack of 5,C14,Camlin,Pack of 5,EA,2019-04-01,9999-12-31,True
1236,P101648,Eastern Turmeric Powder 50g,C06,Eastern,50g,EA,2019-04-01,9999-12-31,True
1237,P101656,Classmate Pencil Box 1 pc,C14,Classmate,1 pc,EA,2019-04-01,9999-12-31,True
1238,P101660,English Oven Pav Bun 6 pc,C11,English Oven,6 pc,EA,2019-04-01,9999-12-31,True
1239,P101669,English Oven Pav Bun 400g,C11,English Oven,400g,EA,2019-04-01,9999-12-31,True
1240,P101674,Real Mineral Water 600ml,C03,Real,600ml,EA,2019-04-01,9999-12-31,True
1241,P101681,Camlin Ball Pen Pack of 5,C14,Camlin,Pack of 5,EA,2019-04-01,9999-12-31,True
1242,P101690,Saffola Rice Bran Oil 5L,C05,Saffola,5L,EA,2019-04-01,9999-12-31,True
1243,P101697,Farm Fresh Onion Loose,C12,Farm Fresh,Loose,KG,2019-04-01,9999-12-31,True
1244,P101702,Vim Detergent Powder 500g,C08,Vim,500g,EA,2019-04-01,9999-12-31,True
1245,P101710,Nataraj Pencil Box 1 pc,C14,Nataraj,1 pc,EA,2019-04-01,9999-12-31,True
1246,P101720,Catch Garam Masala 100g,C06,Catch,100g,EA,2019-04-01,9999-12-31,True
1247,P101722,Gold Winner Rice Bran Oil 1L,C05,Gold Winner,1L,EA,2019-04-01,9999-12-31,True
1248,P101732,Pampers Baby Powder Medium,C09,Pampers,Medium,EA,2019-04-01,9999-12-31,True
1249,P101740,India Gate Sona Masoori Rice 1kg,C04,India Gate,1kg,EA,2019-04-01,9999-12-31,True
1250,P101747,Amul Ghee 200ml,C02,Amul,200ml,EA,2019-04-01,9999-12-31,True
1251,P101751,Thums Up Mineral Water 1L,C03,Thums Up,1L,EA,2019-04-01,9999-12-31,True
1252,P101762,Mamypoko Baby Wipes Medium,C09,Mamypoko,Medium,EA,2019-04-01,9999-12-31,True
1253,P101766,McCain Ready Paratha 400g,C10,McCain,400g,EA,2019-04-01,9999-12-31,True
1254,P101774,Mamypoko Baby Wipes Small,C09,Mamypoko,Small,EA,2019-04-01,9999-12-31,True
1255,P101779,Aachi Turmeric Powder 500g,C06,Aachi,500g,EA,2019-04-01,9999-12-31,True
1256,P101789,Mother Dairy Ghee 500g,C02,Mother Dairy,500g,EA,2019-04-01,9999-12-31,True
1257,P101796,Gold Winner Groundnut Oil 5L,C05,Gold Winner,5L,EA,2019-04-01,9999-12-31,True
1258,P101802,Everest Garam Masala 50g,C06,Everest,50g,EA,2019-04-01,9999-12-31,True
1259,P101810,Pampers Baby Powder XL,C09,Pampers,XL,EA,2019-04-01,9999-12-31,True
1260,P101813,Farm Fresh Apple Loose,C12,Farm Fresh,Loose,KG,2019-04-01,9999-12-31,True
1261,P101825,Harvest Gold Rusk Pack of 2,C11,Harvest Gold,Pack of 2,EA,2019-04-01,9999-12-31,True
1262,P101827,Fortune Mustard Oil 5L,C05,Fortune,5L,EA,2019-04-01,9999-12-31,True
1263,P101839,Classmate Ball Pen Pack of 5,C14,Classmate,Pack of 5,EA,2019-04-01,9999-12-31,True
1264,P101842,MDH Chilli Powder 500g,C06,MDH,500g,EA,2019-04-01,9999-12-31,True
1265,P101851,Daawat Chana Dal 1kg,C04,Daawat,1kg,EA,2019-04-01,9999-12-31,True
1266,P101859,Camlin A4 Paper Ream 1 pc,C14,Camlin,1 pc,EA,2019-04-01,9999-12-31,True
1267,P101864,Sunfeast Glucose Biscuit 250g,C01,Sunfeast,250g,EA,2019-04-01,9999-12-31,True
1268,P101874,Local Mandi Tomato Loose,C12,Local Mandi,Loose,KG,2019-04-01,9999-12-31,True
1269,P101876,English Oven Pav Bun 400g,C11,English Oven,400g,EA,2019-04-01,9999-12-31,True
1270,P101884,Sumeru Frozen Peas 1kg,C10,Sumeru,1kg,EA,2019-04-01,9999-12-31,True
1271,P101894,Mamypoko Baby Wipes Medium,C09,Mamypoko,Medium,EA,2019-04-01,9999-12-31,True
1272,P101899,Surf Excel Floor Cleaner 500ml,C08,Surf Excel,500ml,EA,2019-04-01,9999-12-31,True
1273,P101904,Mamaearth Body Lotion 75g,C07,Mamaearth,75g,EA,2019-04-01,9999-12-31,True
1274,P101911,Daawat Sona Masoori Rice 1kg,C04,Daawat,1kg,EA,2019-04-01,9999-12-31,True
1275,P101923,Comfort Dishwash Bar 500g,C08,Comfort,500g,EA,2019-04-01,9999-12-31,True
1276,P101925,Himalaya Body Lotion 180ml,C07,Himalaya,180ml,EA,2019-04-01,9999-12-31,True
1277,P101933,Mamypoko Baby Powder Medium,C09,Mamypoko,Medium,EA,2019-04-01,9999-12-31,True
1278,P101940,ITC Master Chef Idli Batter 1kg,C10,ITC Master Chef,1kg,EA,2019-04-01,9999-12-31,True
1279,P101949,Dhara Mustard Oil 1L,C05,Dhara,1L,EA,2019-04-01,9999-12-31,True
1280,P101955,Comfort Toilet Cleaner 200g,C08,Comfort,200g,EA,2019-04-01,9999-12-31,True
1281,P101961,Colgate Shampoo 100g,C07,Colgate,100g,EA,2019-04-01,9999-12-31,True
1282,P101968,Anmol Glucose Biscuit 100g,C01,Anmol,100g,EA,2019-04-01,9999-12-31,True
1283,P101974,Comfort Floor Cleaner 500g,C08,Comfort,500g,EA,2019-04-01,9999-12-31,True
1284,P101982,Himalaya Hair Oil 340ml,C07,Himalaya,340ml,EA,2019-04-01,9999-12-31,True
1285,P101990,Classmate Ball Pen Pack of 5,C14,Classmate,Pack of 5,EA,2019-04-01,9999-12-31,True
1286,P102000,Parle Cookies 60g,C01,Parle,60g,EA,2019-04-01,9999-12-31,True
1287,P102006,Fortune Toor Dal 10kg,C04,Fortune,10kg,EA,2019-04-01,9999-12-31,True
1288,P102014,Cadbury Candy Pack 50g,C13,Cadbury,50g,EA,2019-04-01,9999-12-31,True
1289,P102021,Classmate Notebook 500 sheets,C14,Classmate,500 sheets,EA,2019-04-01,9999-12-31,True
1290,P102023,McCain Frozen Peas 1kg,C10,McCain,1kg,EA,2019-04-01,9999-12-31,True
1291,P102035,Nandini Toned Milk 1L,C02,Nandini,1L,EA,2019-04-01,9999-12-31,True
1292,P102042,Milky Mist Cheese Slices 200ml,C02,Milky Mist,200ml,EA,2019-04-01,2024-05-31,False
1293,P102045,Paper Boat Cola 250g,C03,Paper Boat,250g,EA,2019-04-01,9999-12-31,True
1294,P102054,Harvest Gold Muffin 400g,C11,Harvest Gold,400g,EA,2019-04-01,9999-12-31,True
1295,P102060,Local Mandi Apple 500g,C12,Local Mandi,500g,KG,2019-04-01,9999-12-31,True
1296,P102067,Everest Chilli Powder 50g,C06,Everest,50g,EA,2019-04-01,9999-12-31,True
1297,P102074,Milky Mist Ghee 500ml,C02,Milky Mist,500ml,EA,2019-04-01,9999-12-31,True
1298,P102081,Tata Tea Cola 1L,C03,Tata Tea,1L,EA,2019-04-01,9999-12-31,True
1299,P102091,Safal Apple 1kg,C12,Safal,1kg,KG,2019-04-01,9999-12-31,True
1300,P102096,Pampers Baby Powder XL,C09,Pampers,XL,EA,2019-04-01,9999-12-31,True
1301,P102103,Surf Excel Fabric Conditioner 500ml,C08,Surf Excel,500ml,EA,2019-04-01,9999-12-31,True
1302,P102112,Sumeru Ready Paratha 1kg,C10,Sumeru,1kg,EA,2019-04-01,9999-12-31,True
1303,P102114,English Oven Sandwich Bread 400g,C11,English Oven,400g,EA,2019-04-01,9999-12-31,True
1304,P102122,Paper Boat Tea Leaf 600ml,C03,Paper Boat,600ml,EA,2019-04-01,9999-12-31,True
1305,P102129,Everest Chilli Powder 100g,C06,Everest,100g,EA,2019-04-01,9999-12-31,True
1306,P102139,Dhara Mustard Oil 5L,C05,Dhara,5L,EA,2019-04-01,9999-12-31,True
1307,P102142,Milky Mist Paneer 500ml,C02,Milky Mist,500ml,EA,2019-04-01,9999-12-31,True
1308,P102151,Sundrop Mustard Oil 2L,C05,Sundrop,2L,EA,2019-04-01,9999-12-31,True
1309,P102160,Mamypoko Baby Powder XL,C09,Mamypoko,XL,EA,2019-04-01,9999-12-31,True
1310,P102166,Harpic Dishwash Bar 1kg,C08,Harpic,1kg,EA,2019-04-01,9999-12-31,True
1311,P102175,Local Mandi Apple 1kg,C12,Local Mandi,1kg,KG,2019-04-01,9999-12-31,True
1312,P102181,24 Mantra Poha 5kg,C04,24 Mantra,5kg,EA,2019-04-01,9999-12-31,True
1313,P102184,Aashirvaad Whole Wheat Atta 10kg,C04,Aashirvaad,10kg,EA,2019-04-01,2024-05-31,False
1314,P102193,Real Mango Juice 1L,C03,Real,1L,EA,2019-04-01,9999-12-31,True
1315,P102202,Nestle Dark Chocolate 100g,C13,Nestle,100g,EA,2019-04-01,9999-12-31,True
1316,P102207,Classmate Ball Pen 1 pc,C14,Classmate,1 pc,EA,2019-04-01,9999-12-31,True
1317,P102217,Local Mandi Apple 500g,C12,Local Mandi,500g,KG,2019-04-01,9999-12-31,True
1318,P102219,Fortune Rice Bran Oil 2L,C05,Fortune,2L,EA,2019-04-01,9999-12-31,True
1319,P102230,Himalaya Face Wash 75g,C07,Himalaya,75g,EA,2019-04-01,9999-12-31,True
1320,P102236,Saffola Sunflower Oil 2L,C05,Saffola,2L,EA,2019-04-01,9999-12-31,True
1321,P102243,Eastern Turmeric Powder 100g,C06,Eastern,100g,EA,2019-04-01,9999-12-31,True
1322,P102248,Safal Carrot 500g,C12,Safal,500g,KG,2019-04-01,9999-12-31,True
1323,P102255,Farm Fresh Apple 1kg,C12,Farm Fresh,1kg,KG,2019-04-01,9999-12-31,True
1324,P102263,Classmate Pencil Box Pack of 5,C14,Classmate,Pack of 5,EA,2019-04-01,9999-12-31,True
1325,P102272,Pampers Baby Powder Small,C09,Pampers,Small,EA,2019-04-01,9999-12-31,True
1326,P102280,Nivea Bathing Soap 340ml,C07,Nivea,340ml,EA,2019-04-01,9999-12-31,True
1327,P102286,Real Instant Coffee 2L,C03,Real,2L,EA,2019-04-01,9999-12-31,True
1328,P102290,Huggies Baby Soap Medium,C09,Huggies,Medium,EA,2019-04-01,9999-12-31,True
1329,P102296,Amul Choco Chewing Gum Pack of 10,C13,Amul Choco,Pack of 10,EA,2019-04-01,9999-12-31,True
1330,P102305,ITC Master Chef Ready Paratha 200g,C10,ITC Master Chef,200g,EA,2019-04-01,9999-12-31,True
1331,P102311,Milky Mist Curd 200ml,C02,Milky Mist,200ml,EA,2019-04-01,9999-12-31,True
1332,P102321,Cello Ball Pen 1 pc,C14,Cello,1 pc,EA,2019-04-01,9999-12-31,True
1333,P102324,Heritage Cheese Slices 500ml,C02,Heritage,500ml,EA,2019-04-01,9999-12-31,True
1334,P102335,Perfetti Dark Chocolate 25g,C13,Perfetti,25g,EA,2019-04-01,9999-12-31,True
1335,P102342,Nataraj Pencil Box 1 pc,C14,Nataraj,1 pc,EA,2019-04-01,9999-12-31,True
1336,P102346,Cello A4 Paper Ream 500 sheets,C14,Cello,500 sheets,EA,2019-04-01,9999-12-31,True
1337,P102353,Eastern Garam Masala 200g,C06,Eastern,200g,EA,2019-04-01,9999-12-31,True
1338,P102364,Anmol Cream Biscuit 60g,C01,Anmol,60g,EA,2019-04-01,9999-12-31,True
1339,P102371,Local Mandi Tomato 500g,C12,Local Mandi,500g,KG,2019-04-01,9999-12-31,True
1340,P102375,Surf Excel Toilet Cleaner 500g,C08,Surf Excel,500g,EA,2019-04-01,9999-12-31,True
1341,P102383,Anmol Cookies 150g,C01,Anmol,150g,EA,2019-04-01,9999-12-31,True
1342,P102389,Dove Bathing Soap 180ml,C07,Dove,180ml,EA,2019-04-01,9999-12-31,True
1343,P102397,Nataraj Ball Pen 1 pc,C14,Nataraj,1 pc,EA,2019-04-01,9999-12-31,True
1344,P102404,Fortune Whole Wheat Atta 5kg,C04,Fortune,5kg,EA,2019-04-01,9999-12-31,True
1345,P102409,Catch Sambar Powder 50g,C06,Catch,50g,EA,2019-04-01,2024-05-31,False
1346,P102415,Dhara Sunflower Oil 5L,C05,Dhara,5L,EA,2019-04-01,9999-12-31,True
1347,P102424,Everest Coriander Powder 50g,C06,Everest,50g,EA,2019-04-01,9999-12-31,True
1348,P102432,Pampers Diapers Large,C09,Pampers,Large,EA,2019-04-01,9999-12-31,True
1349,P102436,Himalaya Hair Oil 340ml,C07,Himalaya,340ml,EA,2019-04-01,9999-12-31,True
1350,P102445,Parle Cream Biscuit 250g,C01,Parle,250g,EA,2019-04-01,9999-12-31,True
1351,P102452,Everest Garam Masala 500g,C06,Everest,500g,EA,2019-04-01,9999-12-31,True
1352,P102460,Amul Curd 500ml,C02,Amul,500ml,EA,2019-04-01,9999-12-31,True
1353,P102465,Dhara Groundnut Oil 1L,C05,Dhara,1L,EA,2019-04-01,9999-12-31,True
1354,P102471,Real Tea Leaf 1L,C03,Real,1L,EA,2019-04-01,9999-12-31,True
1355,P102480,Local Bakery Rusk 6 pc,C11,Local Bakery,6 pc,EA,2019-04-01,9999-12-31,True
1356,P102485,Modern Rusk 6 pc,C11,Modern,6 pc,EA,2019-04-01,9999-12-31,True
1357,P102494,Britannia Cookies 150g,C01,Britannia,150g,EA,2019-04-01,9999-12-31,True
1358,P102502,Harpic Dishwash Bar 200g,C08,Harpic,200g,EA,2019-04-01,9999-12-31,True
1359,P102510,Cello A4 Paper Ream 1 pc,C14,Cello,1 pc,EA,2019-04-01,9999-12-31,True
1360,P102516,Dhara Groundnut Oil 1L,C05,Dhara,1L,EA,2019-04-01,9999-12-31,True
1361,P102520,Saffola Mustard Oil 2L,C05,Saffola,2L,EA,2019-04-01,9999-12-31,True
1362,P102531,McCain Frozen Peas 200g,C10,McCain,200g,EA,2019-04-01,9999-12-31,True
1363,P102534,Anmol Namkeen Mix 150g,C01,Anmol,150g,EA,2019-04-01,9999-12-31,True
1364,P102546,Colgate Body Lotion 180ml,C07,Colgate,180ml,EA,2019-04-01,9999-12-31,True
1365,P102549,Milky Mist Butter 500g,C02,Milky Mist,500g,EA,2019-04-01,2024-05-31,False
1366,P102559,English Oven Pav Bun 400g,C11,English Oven,400g,EA,2019-04-01,9999-12-31,True
1367,P102566,Amul Toned Milk 1L,C02,Amul,1L,EA,2019-04-01,9999-12-31,True
1368,P102569,Cello Notebook 500 sheets,C14,Cello,500 sheets,EA,2019-04-01,9999-12-31,True
1369,P102581,English Oven Sandwich Bread 400g,C11,English Oven,400g,EA,2019-04-01,9999-12-31,True
1370,P102585,Eastern Turmeric Powder 200g,C06,Eastern,200g,EA,2019-04-01,9999-12-31,True
1371,P102593,Bikano Cookies 400g,C01,Bikano,400g,EA,2019-04-01,9999-12-31,True
1372,P102598,Farm Fresh Potato 500g,C12,Farm Fresh,500g,KG,2019-04-01,9999-12-31,True
1373,P102609,McCain Ready Paratha 1kg,C10,McCain,1kg,EA,2019-04-01,9999-12-31,True
1374,P102616,Anmol Namkeen Mix 60g,C01,Anmol,60g,EA,2019-04-01,9999-12-31,True
1375,P102623,Cello Ball Pen 500 sheets,C14,Cello,500 sheets,EA,2019-04-01,9999-12-31,True
1376,P102626,Classmate Notebook 1 pc,C14,Classmate,1 pc,EA,2019-04-01,9999-12-31,True
1377,P102636,Everest Coriander Powder 500g,C06,Everest,500g,EA,2019-04-01,9999-12-31,True
1378,P102640,Cadbury Candy Pack 25g,C13,Cadbury,25g,EA,2019-04-01,9999-12-31,True
1379,P102648,Comfort Dishwash Bar 500ml,C08,Comfort,500ml,EA,2019-04-01,9999-12-31,True
1380,P102656,Harvest Gold Sandwich Bread Pack of 2,C11,Harvest Gold,Pack of 2,EA,2019-04-01,9999-12-31,True
1381,P102664,Paper Boat Mango Juice 1L,C03,Paper Boat,1L,EA,2019-04-01,9999-12-31,True
1382,P102671,Perfetti Milk Chocolate Pack of 10,C13,Perfetti,Pack of 10,EA,2019-04-01,9999-12-31,True
1383,P102674,Himalaya Toothpaste 180ml,C07,Himalaya,180ml,EA,2019-04-01,9999-12-31,True
1384,P102682,Mother Dairy Paneer 200g,C02,Mother Dairy,200g,EA,2019-04-01,9999-12-31,True
1385,P102691,MDH Sambar Powder 100g,C06,MDH,100g,EA,2019-04-01,9999-12-31,True
1386,P102695,Pampers Baby Wipes Small,C09,Pampers,Small,EA,2019-04-01,9999-12-31,True
1387,P102707,iD Fresh Idli Batter 400g,C10,iD Fresh,400g,EA,2019-04-01,9999-12-31,True
1388,P102714,iD Fresh French Fries 1kg,C10,iD Fresh,1kg,EA,2019-04-01,9999-12-31,True
1389,P102718,Comfort Detergent Powder 500ml,C08,Comfort,500ml,EA,2019-04-01,9999-12-31,True
1390,P102724,Himalaya Body Lotion 100g,C07,Himalaya,100g,EA,2019-04-01,9999-12-31,True
1391,P102735,Nivea Toothpaste 340ml,C07,Nivea,340ml,EA,2019-04-01,9999-12-31,True
1392,P102738,Johnson's Baby Soap Large,C09,Johnson's,Large,EA,2019-04-01,2024-05-31,False
1393,P102744,English Oven Rusk Pack of 2,C11,English Oven,Pack of 2,EA,2019-04-01,9999-12-31,True
1394,P102755,Harvest Gold Pav Bun Pack of 2,C11,Harvest Gold,Pack of 2,EA,2019-04-01,9999-12-31,True
1395,P102761,Local Mandi Onion 500g,C12,Local Mandi,500g,KG,2019-04-01,9999-12-31,True
1396,P102768,Nestle Candy Pack Pack of 10,C13,Nestle,Pack of 10,EA,2019-04-01,9999-12-31,True
1397,P102772,Local Bakery Muffin Pack of 2,C11,Local Bakery,Pack of 2,EA,2019-04-01,9999-12-31,True
1398,P102779,Classmate Pencil Box Pack of 5,C14,Classmate,Pack of 5,EA,2019-04-01,9999-12-31,True
1399,P102788,Gold Winner Mustard Oil 5L,C05,Gold Winner,5L,EA,2019-04-01,9999-12-31,True
1400,P102794,India Gate Chana Dal 5kg,C04,India Gate,5kg,EA,2019-04-01,9999-12-31,True
1401,P102801,Lizol Fabric Conditioner 200g,C08,Lizol,200g,EA,2019-04-01,9999-12-31,True
1402,P102811,Heritage Butter 200g,C02,Heritage,200g,EA,2019-04-01,9999-12-31,True
1403,P102814,Milky Mist Butter 200g,C02,Milky Mist,200g,EA,2019-04-01,9999-12-31,True
1404,P102821,Aashirvaad Chana Dal 10kg,C04,Aashirvaad,10kg,EA,2019-04-01,9999-12-31,True
1405,P102833,Sundrop Rice Bran Oil 2L,C05,Sundrop,2L,EA,2019-04-01,9999-12-31,True
1406,P102835,Classmate A4 Paper Ream Pack of 5,C14,Classmate,Pack of 5,EA,2019-04-01,9999-12-31,True
1407,P102845,Milky Mist Cheese Slices 500g,C02,Milky Mist,500g,EA,2019-04-01,2024-05-31,False
1408,P102849,Mamypoko Diapers Large,C09,Mamypoko,Large,EA,2019-04-01,9999-12-31,True
1409,P102857,Bikano Glucose Biscuit 250g,C01,Bikano,250g,EA,2019-04-01,9999-12-31,True
1410,P102868,Paper Boat Mineral Water 2L,C03,Paper Boat,2L,EA,2019-04-01,9999-12-31,True
1411,P102874,Nandini Ghee 1L,C02,Nandini,1L,EA,2019-04-01,9999-12-31,True
1412,P102880,Saffola Rice Bran Oil 5L,C05,Saffola,5L,EA,2019-04-01,9999-12-31,True
1413,P102886,Harvest Gold Rusk 6 pc,C11,Harvest Gold,6 pc,EA,2019-04-01,9999-12-31,True
1414,P102892,Vim Detergent Powder 500g,C08,Vim,500g,EA,2019-04-01,9999-12-31,True
1415,P102903,Sunfeast Namkeen Mix 400g,C01,Sunfeast,400g,EA,2019-04-01,9999-12-31,True
1416,P102909,Safal Apple 1kg,C12,Safal,1kg,KG,2019-04-01,9999-12-31,True
1417,P102913,Cello Pencil Box 1 pc,C14,Cello,1 pc,EA,2019-04-01,9999-12-31,True
1418,P102922,Nestle Chewing Gum 25g,C13,Nestle,25g,EA,2019-04-01,9999-12-31,True
1419,P102931,Saffola Mustard Oil 2L,C05,Saffola,2L,EA,2019-04-01,2024-05-31,False
1420,P102933,Mamypoko Baby Wipes XL,C09,Mamypoko,XL,EA,2019-04-01,9999-12-31,True
1421,P102945,Bru Mango Juice 600ml,C03,Bru,600ml,EA,2019-04-01,9999-12-31,True
1422,P102947,Farm Fresh Banana 500g,C12,Farm Fresh,500g,KG,2019-04-01,9999-12-31,True
1423,P102954,McCain Ready Paratha 1kg,C10,McCain,1kg,EA,2019-04-01,9999-12-31,True
1424,P102963,Surf Excel Toilet Cleaner 1kg,C08,Surf Excel,1kg,EA,2019-04-01,9999-12-31,True
1425,P102972,iD Fresh French Fries 1kg,C10,iD Fresh,1kg,EA,2019-04-01,9999-12-31,True
1426,P102975,Nestle Candy Pack Pack of 10,C13,Nestle,Pack of 10,EA,2019-04-01,9999-12-31,True
1427,P102982,Amul Choco Milk Chocolate 50g,C13,Amul Choco,50g,EA,2019-04-01,9999-12-31,True
1428,P102993,Dhara Sunflower Oil 2L,C05,Dhara,2L,EA,2019-04-01,9999-12-31,True
1429,P102998,Thums Up Instant Coffee 600ml,C03,Thums Up,600ml,EA,2019-04-01,9999-12-31,True
1430,P103004,English Oven Pav Bun 6 pc,C11,English Oven,6 pc,EA,2019-04-01,9999-12-31,True
1431,P103012,iD Fresh French Fries 400g,C10,iD Fresh,400g,EA,2019-04-01,9999-12-31,True
1432,P103022,Classmate Ball Pen 500 sheets,C14,Classmate,500 sheets,EA,2019-04-01,9999-12-31,True
1433,P103029,Parle Cookies 60g,C01,Parle,60g,EA,2019-04-01,9999-12-31,True
1434,P103035,Sundrop Rice Bran Oil 5L,C05,Sundrop,5L,EA,2019-04-01,9999-12-31,True
1435,P103040,Mamaearth Face Wash 100g,C07,Mamaearth,100g,EA,2019-04-01,9999-12-31,True
1436,P103050,24 Mantra Chana Dal 5kg,C04,24 Mantra,5kg,EA,2019-04-01,9999-12-31,True
1437,P103054,Farm Fresh Banana 500g,C12,Farm Fresh,500g,KG,2019-04-01,9999-12-31,True
1438,P103062,Harvest Gold Sandwich Bread 6 pc,C11,Harvest Gold,6 pc,EA,2019-04-01,9999-12-31,True
1439,P103068,Amul Ghee 1L,C02,Amul,1L,EA,2019-04-01,9999-12-31,True
1440,P103074,Sunfeast Glucose Biscuit 150g,C01,Sunfeast,150g,EA,2019-04-01,9999-12-31,True
1441,P103081,Vim Toilet Cleaner 500ml,C08,Vim,500ml,EA,2019-04-01,9999-12-31,True
1442,P103090,Sundrop Sunflower Oil 2L,C05,Sundrop,2L,EA,2019-04-01,9999-12-31,True
1443,P103096,Bisleri Tea Leaf 250g,C03,Bisleri,250g,EA,2019-04-01,9999-12-31,True
1444,P103105,Paper Boat Cola 250g,C03,Paper Boat,250g,EA,2019-04-01,9999-12-31,True
1445,P103111,Mother Dairy Curd 200ml,C02,Mother Dairy,200ml,EA,2019-04-01,9999-12-31,True
1446,P103118,Modern Muffin 400g,C11,Modern,400g,EA,2019-04-01,9999-12-31,True
1447,P103124,Bisleri Mineral Water 1L,C03,Bisleri,1L,EA,2019-04-01,9999-12-31,True
1448,P103129,Cadbury Milk Chocolate 25g,C13,Cadbury,25g,EA,2019-04-01,9999-12-31,True
1449,P103137,Sumeru French Fries 1kg,C10,Sumeru,1kg,EA,2019-04-01,9999-12-31,True
1450,P103144,Modern Pav Bun 400g,C11,Modern,400g,EA,2019-04-01,9999-12-31,True
1451,P103155,Thums Up Tea Leaf 500g,C03,Thums Up,500g,EA,2019-04-01,9999-12-31,True
1452,P103159,Daawat Chana Dal 5kg,C04,Daawat,5kg,EA,2019-04-01,9999-12-31,True
1453,P103168,Mamypoko Diapers Medium,C09,Mamypoko,Medium,EA,2019-04-01,9999-12-31,True
1454,P103171,Modern Sandwich Bread 400g,C11,Modern,400g,EA,2019-04-01,9999-12-31,True
1455,P103178,Cadbury Candy Pack Pack of 10,C13,Cadbury,Pack of 10,EA,2019-04-01,9999-12-31,True
1456,P103188,Britannia Khakhra 250g,C01,Britannia,250g,EA,2019-04-01,9999-12-31,True
1457,P103197,Pampers Diapers Medium,C09,Pampers,Medium,EA,2019-04-01,9999-12-31,True
1458,P103202,Nataraj A4 Paper Ream 500 sheets,C14,Nataraj,500 sheets,EA,2019-04-01,9999-12-31,True
1459,P103206,Thums Up Mineral Water 2L,C03,Thums Up,2L,EA,2019-04-01,9999-12-31,True
1460,P103214,Gold Winner Groundnut Oil 5L,C05,Gold Winner,5L,EA,2019-04-01,9999-12-31,True
1692,P104842,Cello Notebook 1 pc,C14,Cello,1 pc,EA,2019-04-01,9999-12-31,True
1461,P103222,Nataraj Pencil Box 500 sheets,C14,Nataraj,500 sheets,EA,2019-04-01,9999-12-31,True
1462,P103231,Milky Mist Toned Milk 200g,C02,Milky Mist,200g,EA,2019-04-01,9999-12-31,True
1463,P103234,Tata Tea Tea Leaf 600ml,C03,Tata Tea,600ml,EA,2019-04-01,9999-12-31,True
1464,P103243,Aachi Chilli Powder 200g,C06,Aachi,200g,EA,2019-04-01,9999-12-31,True
1465,P103249,Milky Mist Butter 200g,C02,Milky Mist,200g,EA,2019-04-01,9999-12-31,True
1466,P103259,Safal Apple 1kg,C12,Safal,1kg,KG,2019-04-01,9999-12-31,True
1467,P103262,Modern Pav Bun 6 pc,C11,Modern,6 pc,EA,2019-04-01,9999-12-31,True
1468,P103273,Camlin Pencil Box 1 pc,C14,Camlin,1 pc,EA,2019-04-01,9999-12-31,True
1469,P103281,Harpic Dishwash Bar 1kg,C08,Harpic,1kg,EA,2019-04-01,9999-12-31,True
1470,P103283,Local Bakery Pav Bun 6 pc,C11,Local Bakery,6 pc,EA,2019-04-01,9999-12-31,True
1471,P103294,Heritage Butter 1L,C02,Heritage,1L,EA,2019-04-01,9999-12-31,True
1472,P103299,Lizol Dishwash Bar 500ml,C08,Lizol,500ml,EA,2019-04-01,9999-12-31,True
1473,P103309,Local Bakery Muffin 400g,C11,Local Bakery,400g,EA,2019-04-01,9999-12-31,True
1474,P103316,Huggies Diapers Small,C09,Huggies,Small,EA,2019-04-01,9999-12-31,True
1475,P103319,Aachi Sambar Powder 500g,C06,Aachi,500g,EA,2019-04-01,9999-12-31,True
1476,P103328,Nivea Shampoo 340ml,C07,Nivea,340ml,EA,2019-04-01,9999-12-31,True
1477,P103337,MDH Sambar Powder 500g,C06,MDH,500g,EA,2019-04-01,9999-12-31,True
1478,P103340,Surf Excel Fabric Conditioner 500g,C08,Surf Excel,500g,EA,2019-04-01,9999-12-31,True
1479,P103348,Gold Winner Mustard Oil 1L,C05,Gold Winner,1L,EA,2019-04-01,9999-12-31,True
1480,P103354,India Gate Toor Dal 10kg,C04,India Gate,10kg,EA,2019-04-01,9999-12-31,True
1481,P103364,Safal Banana 500g,C12,Safal,500g,KG,2019-04-01,9999-12-31,True
1482,P103372,Anmol Cream Biscuit 100g,C01,Anmol,100g,EA,2019-04-01,9999-12-31,True
1483,P103374,Bikano Namkeen Mix 100g,C01,Bikano,100g,EA,2019-04-01,9999-12-31,True
1484,P103382,MDH Garam Masala 500g,C06,MDH,500g,EA,2019-04-01,9999-12-31,True
1485,P103389,Perfetti Milk Chocolate 25g,C13,Perfetti,25g,EA,2019-04-01,9999-12-31,True
1486,P103397,Aashirvaad Basmati Rice 10kg,C04,Aashirvaad,10kg,EA,2019-04-01,9999-12-31,True
1487,P103406,Pampers Baby Powder XL,C09,Pampers,XL,EA,2019-04-01,9999-12-31,True
1488,P103413,Gold Winner Rice Bran Oil 1L,C05,Gold Winner,1L,EA,2019-04-01,9999-12-31,True
1489,P103416,Bru Soda 500g,C03,Bru,500g,EA,2019-04-01,9999-12-31,True
1490,P103424,ITC Master Chef Idli Batter 200g,C10,ITC Master Chef,200g,EA,2019-04-01,9999-12-31,True
1491,P103435,Comfort Toilet Cleaner 200g,C08,Comfort,200g,EA,2019-04-01,9999-12-31,True
1492,P103438,Heritage Ghee 500ml,C02,Heritage,500ml,EA,2019-04-01,9999-12-31,True
1493,P103449,Everest Sambar Powder 100g,C06,Everest,100g,EA,2019-04-01,9999-12-31,True
1494,P103452,Gold Winner Groundnut Oil 5L,C05,Gold Winner,5L,EA,2019-04-01,9999-12-31,True
1495,P103461,Cello Pencil Box Pack of 5,C14,Cello,Pack of 5,EA,2019-04-01,9999-12-31,True
1496,P103465,Harpic Detergent Powder 200g,C08,Harpic,200g,EA,2019-04-01,9999-12-31,True
1497,P103473,iD Fresh French Fries 200g,C10,iD Fresh,200g,EA,2019-04-01,9999-12-31,True
1498,P103484,Perfetti Dark Chocolate 100g,C13,Perfetti,100g,EA,2019-04-01,9999-12-31,True
1499,P103487,Sumeru Frozen Peas 400g,C10,Sumeru,400g,EA,2019-04-01,9999-12-31,True
1500,P103496,Perfetti Candy Pack Pack of 10,C13,Perfetti,Pack of 10,EA,2019-04-01,9999-12-31,True
1501,P103504,Sumeru French Fries 400g,C10,Sumeru,400g,EA,2019-04-01,9999-12-31,True
1502,P103510,MDH Garam Masala 500g,C06,MDH,500g,EA,2019-04-01,9999-12-31,True
1503,P103517,Farm Fresh Apple Loose,C12,Farm Fresh,Loose,KG,2019-04-01,9999-12-31,True
1504,P103525,Aachi Sambar Powder 500g,C06,Aachi,500g,EA,2019-04-01,9999-12-31,True
1505,P103530,Bisleri Mango Juice 250g,C03,Bisleri,250g,EA,2019-04-01,9999-12-31,True
1506,P103538,Catch Sambar Powder 200g,C06,Catch,200g,EA,2019-04-01,9999-12-31,True
1507,P103542,Cello Pencil Box 500 sheets,C14,Cello,500 sheets,EA,2019-04-01,9999-12-31,True
1508,P103552,Local Mandi Onion 1kg,C12,Local Mandi,1kg,KG,2019-04-01,9999-12-31,True
1509,P103559,Dhara Mustard Oil 2L,C05,Dhara,2L,EA,2019-04-01,9999-12-31,True
1510,P103563,Sunfeast Cookies 60g,C01,Sunfeast,60g,EA,2019-04-01,9999-12-31,True
1511,P103575,MDH Turmeric Powder 500g,C06,MDH,500g,EA,2019-04-01,9999-12-31,True
1512,P103577,Nataraj Ball Pen 500 sheets,C14,Nataraj,500 sheets,EA,2019-04-01,9999-12-31,True
1513,P103584,Nivea Face Wash 75g,C07,Nivea,75g,EA,2019-04-01,9999-12-31,True
1514,P103591,Cadbury Dark Chocolate 50g,C13,Cadbury,50g,EA,2019-04-01,9999-12-31,True
1515,P103600,Everest Sambar Powder 200g,C06,Everest,200g,EA,2019-04-01,9999-12-31,True
1516,P103606,Local Bakery Rusk 6 pc,C11,Local Bakery,6 pc,EA,2019-04-01,9999-12-31,True
1517,P103616,Saffola Rice Bran Oil 2L,C05,Saffola,2L,EA,2019-04-01,9999-12-31,True
1518,P103620,24 Mantra Sona Masoori Rice 10kg,C04,24 Mantra,10kg,EA,2019-04-01,9999-12-31,True
1519,P103629,Bisleri Cola 500g,C03,Bisleri,500g,EA,2019-04-01,9999-12-31,True
1520,P103637,Vim Dishwash Bar 500g,C08,Vim,500g,EA,2019-04-01,9999-12-31,True
1521,P103645,Local Mandi Potato 1kg,C12,Local Mandi,1kg,KG,2019-04-01,9999-12-31,True
1522,P103647,Farm Fresh Banana 1kg,C12,Farm Fresh,1kg,KG,2019-04-01,9999-12-31,True
1523,P103654,Heritage Toned Milk 500g,C02,Heritage,500g,EA,2019-04-01,9999-12-31,True
1524,P103661,Cadbury Candy Pack Pack of 10,C13,Cadbury,Pack of 10,EA,2019-04-01,9999-12-31,True
1525,P103668,Gold Winner Rice Bran Oil 1L,C05,Gold Winner,1L,EA,2019-04-01,9999-12-31,True
1526,P103680,Daawat Basmati Rice 10kg,C04,Daawat,10kg,EA,2019-04-01,9999-12-31,True
1527,P103682,Nivea Face Wash 340ml,C07,Nivea,340ml,EA,2019-04-01,9999-12-31,True
1528,P103693,Local Mandi Apple 1kg,C12,Local Mandi,1kg,KG,2019-04-01,9999-12-31,True
1529,P103701,Gold Winner Groundnut Oil 2L,C05,Gold Winner,2L,EA,2019-04-01,9999-12-31,True
1530,P103704,Paper Boat Mineral Water 1L,C03,Paper Boat,1L,EA,2019-04-01,9999-12-31,True
1531,P103712,Pampers Baby Wipes Large,C09,Pampers,Large,EA,2019-04-01,9999-12-31,True
1532,P103719,Mamypoko Baby Wipes Medium,C09,Mamypoko,Medium,EA,2019-04-01,9999-12-31,True
1533,P103727,McCain French Fries 1kg,C10,McCain,1kg,EA,2019-04-01,9999-12-31,True
1534,P103732,Eastern Sambar Powder 200g,C06,Eastern,200g,EA,2019-04-01,9999-12-31,True
1535,P103743,Daawat Sona Masoori Rice 1kg,C04,Daawat,1kg,EA,2019-04-01,9999-12-31,True
1536,P103749,Unibic Cream Biscuit 60g,C01,Unibic,60g,EA,2019-04-01,9999-12-31,True
1537,P103757,Local Bakery Pav Bun 400g,C11,Local Bakery,400g,EA,2019-04-01,9999-12-31,True
1538,P103760,Britannia Marie Gold 400g,C01,Britannia,400g,EA,2019-04-01,9999-12-31,True
1539,P103766,Eastern Garam Masala 200g,C06,Eastern,200g,EA,2019-04-01,9999-12-31,True
1540,P103777,Aachi Sambar Powder 50g,C06,Aachi,50g,EA,2019-04-01,9999-12-31,True
1541,P103785,Classmate Notebook Pack of 5,C14,Classmate,Pack of 5,EA,2019-04-01,9999-12-31,True
1542,P103792,Heritage Cheese Slices 200ml,C02,Heritage,200ml,EA,2019-04-01,9999-12-31,True
1543,P103794,Saffola Mustard Oil 2L,C05,Saffola,2L,EA,2019-04-01,9999-12-31,True
1544,P103806,Fortune Basmati Rice 10kg,C04,Fortune,10kg,EA,2019-04-01,9999-12-31,True
1545,P103811,Daawat Chana Dal 10kg,C04,Daawat,10kg,EA,2019-04-01,9999-12-31,True
1546,P103816,Nestle Chewing Gum 50g,C13,Nestle,50g,EA,2019-04-01,9999-12-31,True
1547,P103822,Himalaya Bathing Soap 75g,C07,Himalaya,75g,EA,2019-04-01,9999-12-31,True
1548,P103833,Sundrop Groundnut Oil 2L,C05,Sundrop,2L,EA,2019-04-01,9999-12-31,True
1549,P103839,Perfetti Candy Pack 25g,C13,Perfetti,25g,EA,2019-04-01,9999-12-31,True
1550,P103843,Colgate Body Lotion 340ml,C07,Colgate,340ml,EA,2019-04-01,9999-12-31,True
1551,P103855,Tata Tea Mango Juice 2L,C03,Tata Tea,2L,EA,2019-04-01,9999-12-31,True
1552,P103861,Local Bakery Sandwich Bread Pack of 2,C11,Local Bakery,Pack of 2,EA,2019-04-01,9999-12-31,True
1553,P103864,Dhara Mustard Oil 2L,C05,Dhara,2L,EA,2019-04-01,9999-12-31,True
1554,P103871,Modern Rusk 400g,C11,Modern,400g,EA,2019-04-01,9999-12-31,True
1555,P103882,Lizol Dishwash Bar 500ml,C08,Lizol,500ml,EA,2019-04-01,9999-12-31,True
1556,P103886,Fortune Whole Wheat Atta 1kg,C04,Fortune,1kg,EA,2019-04-01,9999-12-31,True
1557,P103896,Harpic Detergent Powder 1kg,C08,Harpic,1kg,EA,2019-04-01,9999-12-31,True
1558,P103904,Gold Winner Groundnut Oil 1L,C05,Gold Winner,1L,EA,2019-04-01,9999-12-31,True
1559,P103908,Cello Ball Pen Pack of 5,C14,Cello,Pack of 5,EA,2019-04-01,9999-12-31,True
1560,P103918,Milky Mist Ghee 500g,C02,Milky Mist,500g,EA,2019-04-01,9999-12-31,True
1561,P103922,Unibic Cookies 100g,C01,Unibic,100g,EA,2019-04-01,9999-12-31,True
1562,P103927,Harvest Gold Pav Bun Pack of 2,C11,Harvest Gold,Pack of 2,EA,2019-04-01,9999-12-31,True
1563,P103934,Real Instant Coffee 500g,C03,Real,500g,EA,2019-04-01,9999-12-31,True
1564,P103946,India Gate Chana Dal 10kg,C04,India Gate,10kg,EA,2019-04-01,9999-12-31,True
1565,P103950,Fortune Sunflower Oil 5L,C05,Fortune,5L,EA,2019-04-01,9999-12-31,True
1566,P103958,Britannia Glucose Biscuit 60g,C01,Britannia,60g,EA,2019-04-01,9999-12-31,True
1567,P103964,Local Bakery Sandwich Bread 6 pc,C11,Local Bakery,6 pc,EA,2019-04-01,9999-12-31,True
1568,P103973,Sunfeast Khakhra 400g,C01,Sunfeast,400g,EA,2019-04-01,9999-12-31,True
1569,P103978,Catch Chilli Powder 200g,C06,Catch,200g,EA,2019-04-01,9999-12-31,True
1570,P103986,Thums Up Cola 250g,C03,Thums Up,250g,EA,2019-04-01,9999-12-31,True
1571,P103994,Local Mandi Onion 1kg,C12,Local Mandi,1kg,KG,2019-04-01,9999-12-31,True
1572,P103999,Local Bakery Rusk Pack of 2,C11,Local Bakery,Pack of 2,EA,2019-04-01,9999-12-31,True
1573,P104008,Local Bakery Sandwich Bread Pack of 2,C11,Local Bakery,Pack of 2,EA,2019-04-01,9999-12-31,True
1574,P104011,Nandini Ghee 500g,C02,Nandini,500g,EA,2019-04-01,9999-12-31,True
1575,P104023,Amul Butter 500g,C02,Amul,500g,EA,2019-04-01,9999-12-31,True
1576,P104026,Local Bakery Muffin 400g,C11,Local Bakery,400g,EA,2019-04-01,9999-12-31,True
1577,P104032,Patanjali Face Wash 180ml,C07,Patanjali,180ml,EA,2019-04-01,9999-12-31,True
1578,P104042,McCain Idli Batter 200g,C10,McCain,200g,EA,2019-04-01,9999-12-31,True
1579,P104048,McCain Ready Paratha 1kg,C10,McCain,1kg,EA,2019-04-01,9999-12-31,True
1580,P104058,Himalaya Shampoo 180ml,C07,Himalaya,180ml,EA,2019-04-01,9999-12-31,True
1581,P104064,iD Fresh Frozen Peas 400g,C10,iD Fresh,400g,EA,2019-04-01,9999-12-31,True
1582,P104072,Sundrop Rice Bran Oil 5L,C05,Sundrop,5L,EA,2019-04-01,9999-12-31,True
1583,P104079,Farm Fresh Onion Loose,C12,Farm Fresh,Loose,KG,2019-04-01,9999-12-31,True
1584,P104081,India Gate Basmati Rice 5kg,C04,India Gate,5kg,EA,2019-04-01,9999-12-31,True
1585,P104089,Colgate Bathing Soap 75g,C07,Colgate,75g,EA,2019-04-01,9999-12-31,True
1586,P104097,iD Fresh French Fries 200g,C10,iD Fresh,200g,EA,2019-04-01,9999-12-31,True
1587,P104107,Harpic Fabric Conditioner 500ml,C08,Harpic,500ml,EA,2019-04-01,9999-12-31,True
1588,P104112,McCain French Fries 200g,C10,McCain,200g,EA,2019-04-01,2024-05-31,False
1589,P104121,Amul Choco Candy Pack 25g,C13,Amul Choco,25g,EA,2019-04-01,9999-12-31,True
1590,P104123,ITC Master Chef Idli Batter 400g,C10,ITC Master Chef,400g,EA,2019-04-01,9999-12-31,True
1591,P104133,Local Mandi Apple 500g,C12,Local Mandi,500g,KG,2019-04-01,9999-12-31,True
1592,P104139,Farm Fresh Carrot 500g,C12,Farm Fresh,500g,KG,2019-04-01,9999-12-31,True
1593,P104149,Eastern Sambar Powder 500g,C06,Eastern,500g,EA,2019-04-01,9999-12-31,True
1594,P104155,Aashirvaad Basmati Rice 5kg,C04,Aashirvaad,5kg,EA,2019-04-01,9999-12-31,True
1595,P104160,Local Mandi Banana 1kg,C12,Local Mandi,1kg,KG,2019-04-01,9999-12-31,True
1596,P104168,Amul Cheese Slices 1L,C02,Amul,1L,EA,2019-04-01,9999-12-31,True
1597,P104175,India Gate Whole Wheat Atta 5kg,C04,India Gate,5kg,EA,2019-04-01,9999-12-31,True
1598,P104181,McCain Ready Paratha 1kg,C10,McCain,1kg,EA,2019-04-01,9999-12-31,True
1599,P104187,Catch Chilli Powder 500g,C06,Catch,500g,EA,2019-04-01,9999-12-31,True
1600,P104194,Bisleri Mineral Water 600ml,C03,Bisleri,600ml,EA,2019-04-01,9999-12-31,True
1601,P104202,Safal Banana Loose,C12,Safal,Loose,KG,2019-04-01,9999-12-31,True
1602,P104212,Lizol Floor Cleaner 200g,C08,Lizol,200g,EA,2019-04-01,9999-12-31,True
1603,P104219,Mamypoko Diapers XL,C09,Mamypoko,XL,EA,2019-04-01,9999-12-31,True
1604,P104226,Fortune Poha 1kg,C04,Fortune,1kg,EA,2019-04-01,9999-12-31,True
1605,P104233,Sundrop Rice Bran Oil 5L,C05,Sundrop,5L,EA,2019-04-01,9999-12-31,True
1606,P104236,Paper Boat Tea Leaf 2L,C03,Paper Boat,2L,EA,2019-04-01,9999-12-31,True
1607,P104242,ITC Master Chef Ready Paratha 400g,C10,ITC Master Chef,400g,EA,2019-04-01,9999-12-31,True
1608,P104251,Sunfeast Marie Gold 150g,C01,Sunfeast,150g,EA,2019-04-01,9999-12-31,True
1609,P104257,Aachi Turmeric Powder 500g,C06,Aachi,500g,EA,2019-04-01,9999-12-31,True
1610,P104266,Dove Toothpaste 180ml,C07,Dove,180ml,EA,2019-04-01,9999-12-31,True
1611,P104270,Saffola Groundnut Oil 1L,C05,Saffola,1L,EA,2019-04-01,9999-12-31,True
1612,P104277,ITC Master Chef Ready Paratha 400g,C10,ITC Master Chef,400g,EA,2019-04-01,9999-12-31,True
1613,P104285,Mother Dairy Cheese Slices 200g,C02,Mother Dairy,200g,EA,2019-04-01,9999-12-31,True
1614,P104294,McCain Idli Batter 200g,C10,McCain,200g,EA,2019-04-01,9999-12-31,True
1615,P104302,Mamypoko Diapers Medium,C09,Mamypoko,Medium,EA,2019-04-01,9999-12-31,True
1616,P104308,Bikano Marie Gold 60g,C01,Bikano,60g,EA,2019-04-01,9999-12-31,True
1617,P104316,Real Mango Juice 2L,C03,Real,2L,EA,2019-04-01,9999-12-31,True
1618,P104320,Local Mandi Banana Loose,C12,Local Mandi,Loose,KG,2019-04-01,9999-12-31,True
1619,P104328,Heritage Ghee 1L,C02,Heritage,1L,EA,2019-04-01,9999-12-31,True
1620,P104334,Nandini Ghee 1L,C02,Nandini,1L,EA,2019-04-01,9999-12-31,True
1621,P104344,Thums Up Cola 600ml,C03,Thums Up,600ml,EA,2019-04-01,9999-12-31,True
1622,P104351,Saffola Sunflower Oil 5L,C05,Saffola,5L,EA,2019-04-01,9999-12-31,True
1623,P104358,Pampers Diapers Small,C09,Pampers,Small,EA,2019-04-01,9999-12-31,True
1624,P104361,Pampers Baby Soap Large,C09,Pampers,Large,EA,2019-04-01,9999-12-31,True
1625,P104372,Everest Coriander Powder 50g,C06,Everest,50g,EA,2019-04-01,9999-12-31,True
1626,P104378,Cello Pencil Box Pack of 5,C14,Cello,Pack of 5,EA,2019-04-01,9999-12-31,True
1627,P104382,Nandini Cheese Slices 500g,C02,Nandini,500g,EA,2019-04-01,9999-12-31,True
1628,P104389,Cadbury Candy Pack 50g,C13,Cadbury,50g,EA,2019-04-01,9999-12-31,True
1629,P104401,ITC Master Chef French Fries 400g,C10,ITC Master Chef,400g,EA,2019-04-01,9999-12-31,True
1630,P104404,Johnson's Baby Powder XL,C09,Johnson's,XL,EA,2019-04-01,9999-12-31,True
1631,P104410,Tata Tea Instant Coffee 2L,C03,Tata Tea,2L,EA,2019-04-01,9999-12-31,True
1632,P104417,iD Fresh Frozen Peas 1kg,C10,iD Fresh,1kg,EA,2019-04-01,9999-12-31,True
1633,P104427,Harpic Dishwash Bar 500g,C08,Harpic,500g,EA,2019-04-01,9999-12-31,True
1634,P104435,McCain Ready Paratha 1kg,C10,McCain,1kg,EA,2019-04-01,9999-12-31,True
1635,P104439,Parle Cookies 150g,C01,Parle,150g,EA,2019-04-01,9999-12-31,True
1636,P104446,Unibic Cream Biscuit 150g,C01,Unibic,150g,EA,2019-04-01,9999-12-31,True
1637,P104454,Harvest Gold Sandwich Bread 6 pc,C11,Harvest Gold,6 pc,EA,2019-04-01,9999-12-31,True
1638,P104462,Eastern Turmeric Powder 50g,C06,Eastern,50g,EA,2019-04-01,9999-12-31,True
1639,P104469,Huggies Baby Wipes XL,C09,Huggies,XL,EA,2019-04-01,9999-12-31,True
1640,P104478,Anmol Namkeen Mix 150g,C01,Anmol,150g,EA,2019-04-01,9999-12-31,True
1641,P104485,Pampers Baby Powder Large,C09,Pampers,Large,EA,2019-04-01,9999-12-31,True
1642,P104487,Nataraj A4 Paper Ream Pack of 5,C14,Nataraj,Pack of 5,EA,2019-04-01,9999-12-31,True
1643,P104497,Amul Cheese Slices 500g,C02,Amul,500g,EA,2019-04-01,9999-12-31,True
1644,P104501,Aashirvaad Whole Wheat Atta 1kg,C04,Aashirvaad,1kg,EA,2019-04-01,9999-12-31,True
1645,P104512,Harvest Gold Pav Bun 6 pc,C11,Harvest Gold,6 pc,EA,2019-04-01,9999-12-31,True
1646,P104517,Daawat Poha 10kg,C04,Daawat,10kg,EA,2019-04-01,9999-12-31,True
1647,P104526,Mother Dairy Butter 200ml,C02,Mother Dairy,200ml,EA,2019-04-01,9999-12-31,True
1648,P104533,Eastern Chilli Powder 50g,C06,Eastern,50g,EA,2019-04-01,9999-12-31,True
1649,P104541,Gold Winner Rice Bran Oil 2L,C05,Gold Winner,2L,EA,2019-04-01,9999-12-31,True
1650,P104544,Aachi Chilli Powder 50g,C06,Aachi,50g,EA,2019-04-01,9999-12-31,True
1651,P104554,Johnson's Baby Powder Small,C09,Johnson's,Small,EA,2019-04-01,9999-12-31,True
1652,P104558,iD Fresh French Fries 200g,C10,iD Fresh,200g,EA,2019-04-01,9999-12-31,True
1653,P104567,McCain French Fries 400g,C10,McCain,400g,EA,2019-04-01,9999-12-31,True
1654,P104572,English Oven Pav Bun 6 pc,C11,English Oven,6 pc,EA,2019-04-01,9999-12-31,True
1655,P104579,Local Mandi Banana 500g,C12,Local Mandi,500g,KG,2019-04-01,9999-12-31,True
1656,P104587,Everest Sambar Powder 200g,C06,Everest,200g,EA,2019-04-01,9999-12-31,True
1657,P104593,Huggies Baby Wipes Small,C09,Huggies,Small,EA,2019-04-01,9999-12-31,True
1658,P104600,Modern Pav Bun 400g,C11,Modern,400g,EA,2019-04-01,9999-12-31,True
1659,P104606,Sumeru Frozen Peas 200g,C10,Sumeru,200g,EA,2019-04-01,9999-12-31,True
1660,P104617,Anmol Cream Biscuit 250g,C01,Anmol,250g,EA,2019-04-01,9999-12-31,True
1661,P104625,Local Mandi Potato 1kg,C12,Local Mandi,1kg,KG,2019-04-01,9999-12-31,True
1662,P104628,Nestle Milk Chocolate 100g,C13,Nestle,100g,EA,2019-04-01,9999-12-31,True
1663,P104637,ITC Master Chef Frozen Peas 400g,C10,ITC Master Chef,400g,EA,2019-04-01,9999-12-31,True
1664,P104645,Aashirvaad Sona Masoori Rice 10kg,C04,Aashirvaad,10kg,EA,2019-04-01,9999-12-31,True
1665,P104651,Johnson's Baby Powder Large,C09,Johnson's,Large,EA,2019-04-01,9999-12-31,True
1666,P104658,Amul Paneer 500g,C02,Amul,500g,EA,2019-04-01,9999-12-31,True
1667,P104665,McCain Ready Paratha 1kg,C10,McCain,1kg,EA,2019-04-01,9999-12-31,True
1668,P104670,Sunfeast Khakhra 150g,C01,Sunfeast,150g,EA,2019-04-01,9999-12-31,True
1669,P104676,Bikano Cookies 60g,C01,Bikano,60g,EA,2019-04-01,9999-12-31,True
1670,P104688,English Oven Muffin Pack of 2,C11,English Oven,Pack of 2,EA,2019-04-01,9999-12-31,True
1671,P104695,Catch Sambar Powder 200g,C06,Catch,200g,EA,2019-04-01,9999-12-31,True
1672,P104700,Daawat Basmati Rice 1kg,C04,Daawat,1kg,EA,2019-04-01,9999-12-31,True
1673,P104708,Paper Boat Tea Leaf 1L,C03,Paper Boat,1L,EA,2019-04-01,2024-05-31,False
1674,P104715,Comfort Detergent Powder 1kg,C08,Comfort,1kg,EA,2019-04-01,9999-12-31,True
1675,P104718,Sumeru Frozen Peas 1kg,C10,Sumeru,1kg,EA,2019-04-01,9999-12-31,True
1676,P104725,Amul Choco Milk Chocolate Pack of 10,C13,Amul Choco,Pack of 10,EA,2019-04-01,2024-05-31,False
1677,P104733,Mamaearth Face Wash 100g,C07,Mamaearth,100g,EA,2019-04-01,9999-12-31,True
1678,P104739,Real Tea Leaf 2L,C03,Real,2L,EA,2019-04-01,9999-12-31,True
1679,P104747,Sumeru Idli Batter 400g,C10,Sumeru,400g,EA,2019-04-01,9999-12-31,True
1680,P104756,Mamypoko Baby Wipes Large,C09,Mamypoko,Large,EA,2019-04-01,9999-12-31,True
1681,P104765,Nataraj Ball Pen 1 pc,C14,Nataraj,1 pc,EA,2019-04-01,9999-12-31,True
1682,P104772,Bisleri Mineral Water 2L,C03,Bisleri,2L,EA,2019-04-01,9999-12-31,True
1683,P104774,Local Bakery Rusk Pack of 2,C11,Local Bakery,Pack of 2,EA,2019-04-01,9999-12-31,True
1684,P104784,Cello Notebook Pack of 5,C14,Cello,Pack of 5,EA,2019-04-01,9999-12-31,True
1685,P104789,Local Mandi Tomato 1kg,C12,Local Mandi,1kg,KG,2019-04-01,9999-12-31,True
1686,P104800,Pampers Diapers XL,C09,Pampers,XL,EA,2019-04-01,9999-12-31,True
1687,P104802,Perfetti Chewing Gum 100g,C13,Perfetti,100g,EA,2019-04-01,9999-12-31,True
1688,P104811,Patanjali Body Lotion 180ml,C07,Patanjali,180ml,EA,2019-04-01,9999-12-31,True
1689,P104820,Tata Tea Mineral Water 2L,C03,Tata Tea,2L,EA,2019-04-01,9999-12-31,True
1690,P104827,Farm Fresh Tomato 1kg,C12,Farm Fresh,1kg,KG,2019-04-01,9999-12-31,True
1691,P104831,Pampers Baby Powder Small,C09,Pampers,Small,EA,2019-04-01,9999-12-31,True
1693,P104844,Heritage Ghee 500g,C02,Heritage,500g,EA,2019-04-01,9999-12-31,True
1694,P104854,Farm Fresh Potato 1kg,C12,Farm Fresh,1kg,KG,2019-04-01,9999-12-31,True
1695,P104858,McCain Ready Paratha 1kg,C10,McCain,1kg,EA,2019-04-01,9999-12-31,True
1696,P104867,Local Bakery Pav Bun Pack of 2,C11,Local Bakery,Pack of 2,EA,2019-04-01,9999-12-31,True
1697,P104872,Classmate Notebook 1 pc,C14,Classmate,1 pc,EA,2019-04-01,9999-12-31,True
1698,P104883,Amul Butter 200g,C02,Amul,200g,EA,2019-04-01,9999-12-31,True
1699,P104891,Johnson's Baby Soap Small,C09,Johnson's,Small,EA,2019-04-01,9999-12-31,True
1700,P104898,Local Bakery Rusk 400g,C11,Local Bakery,400g,EA,2019-04-01,9999-12-31,True
1701,P104902,Harpic Fabric Conditioner 500ml,C08,Harpic,500ml,EA,2019-04-01,9999-12-31,True
1702,P104909,Farm Fresh Tomato Loose,C12,Farm Fresh,Loose,KG,2019-04-01,9999-12-31,True
1703,P104916,Lizol Fabric Conditioner 500ml,C08,Lizol,500ml,EA,2019-04-01,9999-12-31,True
1704,P104921,Dove Body Lotion 340ml,C07,Dove,340ml,EA,2019-04-01,9999-12-31,True
1705,P104933,Colgate Bathing Soap 75g,C07,Colgate,75g,EA,2019-04-01,9999-12-31,True
1706,P104938,Mamypoko Baby Wipes Small,C09,Mamypoko,Small,EA,2019-04-01,9999-12-31,True
1707,P104944,Perfetti Dark Chocolate 25g,C13,Perfetti,25g,EA,2019-04-01,9999-12-31,True
1708,P104950,Sunfeast Cookies 400g,C01,Sunfeast,400g,EA,2019-04-01,9999-12-31,True
1709,P104956,Cadbury Chewing Gum 50g,C13,Cadbury,50g,EA,2019-04-01,9999-12-31,True
1710,P104965,Harvest Gold Muffin Pack of 2,C11,Harvest Gold,Pack of 2,EA,2019-04-01,9999-12-31,True
1711,P104975,Fortune Whole Wheat Atta 1kg,C04,Fortune,1kg,EA,2019-04-01,9999-12-31,True
1712,P104980,English Oven Sandwich Bread Pack of 2,C11,English Oven,Pack of 2,EA,2019-04-01,9999-12-31,True
1713,P104986,Cadbury Milk Chocolate Pack of 10,C13,Cadbury,Pack of 10,EA,2019-04-01,9999-12-31,True
1714,P104992,Aashirvaad Toor Dal 10kg,C04,Aashirvaad,10kg,EA,2019-04-01,9999-12-31,True
1715,P105003,Lizol Detergent Powder 200g,C08,Lizol,200g,EA,2019-04-01,9999-12-31,True
1716,P105009,Bikano Glucose Biscuit 250g,C01,Bikano,250g,EA,2019-04-01,9999-12-31,True
1717,P105017,Vim Dishwash Bar 500ml,C08,Vim,500ml,EA,2019-04-01,9999-12-31,True
1718,P105021,Mamypoko Baby Powder Small,C09,Mamypoko,Small,EA,2019-04-01,9999-12-31,True
1719,P105030,Amul Choco Milk Chocolate 25g,C13,Amul Choco,25g,EA,2019-04-01,9999-12-31,True
1720,P105035,Safal Potato 1kg,C12,Safal,1kg,KG,2019-04-01,9999-12-31,True
1721,P105042,Parle Cookies 60g,C01,Parle,60g,EA,2019-04-01,9999-12-31,True
1722,P105050,Nandini Curd 200ml,C02,Nandini,200ml,EA,2019-04-01,9999-12-31,True
1723,P105057,Nestle Dark Chocolate 50g,C13,Nestle,50g,EA,2019-04-01,9999-12-31,True
1724,P105062,Anmol Cream Biscuit 400g,C01,Anmol,400g,EA,2019-04-01,9999-12-31,True
1725,P105069,Tata Tea Instant Coffee 2L,C03,Tata Tea,2L,EA,2019-04-01,9999-12-31,True
1726,P105075,Britannia Glucose Biscuit 400g,C01,Britannia,400g,EA,2019-04-01,9999-12-31,True
1727,P105083,Harpic Floor Cleaner 500ml,C08,Harpic,500ml,EA,2019-04-01,9999-12-31,True
1728,P105092,Bisleri Instant Coffee 2L,C03,Bisleri,2L,EA,2019-04-01,2024-05-31,False
1729,P105100,Nestle Candy Pack 25g,C13,Nestle,25g,EA,2019-04-01,9999-12-31,True
1730,P105106,Sunfeast Marie Gold 100g,C01,Sunfeast,100g,EA,2019-04-01,9999-12-31,True
1731,P105112,Modern Rusk Pack of 2,C11,Modern,Pack of 2,EA,2019-04-01,9999-12-31,True
1732,P105119,Amul Choco Milk Chocolate 50g,C13,Amul Choco,50g,EA,2019-04-01,9999-12-31,True
1733,P105127,Local Bakery Muffin 400g,C11,Local Bakery,400g,EA,2019-04-01,9999-12-31,True
1734,P105136,Farm Fresh Potato 1kg,C12,Farm Fresh,1kg,KG,2019-04-01,9999-12-31,True
1735,P105139,iD Fresh Idli Batter 200g,C10,iD Fresh,200g,EA,2019-04-01,9999-12-31,True
1736,P105145,India Gate Whole Wheat Atta 1kg,C04,India Gate,1kg,EA,2019-04-01,9999-12-31,True
1737,P105155,Eastern Turmeric Powder 500g,C06,Eastern,500g,EA,2019-04-01,9999-12-31,True
1738,P105164,India Gate Basmati Rice 5kg,C04,India Gate,5kg,EA,2019-04-01,9999-12-31,True
1739,P105167,Dhara Sunflower Oil 2L,C05,Dhara,2L,EA,2019-04-01,9999-12-31,True
1740,P105176,Dove Toothpaste 180ml,C07,Dove,180ml,EA,2019-04-01,9999-12-31,True
1741,P105180,Parle Marie Gold 60g,C01,Parle,60g,EA,2019-04-01,9999-12-31,True
1742,P105187,Fortune Chana Dal 5kg,C04,Fortune,5kg,EA,2019-04-01,9999-12-31,True
1743,P105198,Cello A4 Paper Ream Pack of 5,C14,Cello,Pack of 5,EA,2019-04-01,9999-12-31,True
1744,P105201,Gold Winner Mustard Oil 5L,C05,Gold Winner,5L,EA,2019-04-01,9999-12-31,True
1745,P105209,Lizol Floor Cleaner 500ml,C08,Lizol,500ml,EA,2019-04-01,9999-12-31,True
1746,P105219,Himalaya Toothpaste 75g,C07,Himalaya,75g,EA,2019-04-01,9999-12-31,True
1747,P105227,Cello Ball Pen Pack of 5,C14,Cello,Pack of 5,EA,2019-04-01,9999-12-31,True
1748,P105230,Nataraj Ball Pen 500 sheets,C14,Nataraj,500 sheets,EA,2019-04-01,9999-12-31,True
1749,P105236,Pampers Baby Powder Small,C09,Pampers,Small,EA,2019-04-01,9999-12-31,True
1750,P105246,Sundrop Groundnut Oil 1L,C05,Sundrop,1L,EA,2019-04-01,9999-12-31,True
1751,P105252,Anmol Cookies 400g,C01,Anmol,400g,EA,2019-04-01,9999-12-31,True
1752,P105260,Camlin Notebook Pack of 5,C14,Camlin,Pack of 5,EA,2019-04-01,9999-12-31,True
1753,P105268,Amul Choco Milk Chocolate Pack of 10,C13,Amul Choco,Pack of 10,EA,2019-04-01,9999-12-31,True
1754,P105272,iD Fresh Frozen Peas 1kg,C10,iD Fresh,1kg,EA,2019-04-01,9999-12-31,True
1755,P105280,Heritage Paneer 200ml,C02,Heritage,200ml,EA,2019-04-01,9999-12-31,True
1756,P105288,Safal Carrot Loose,C12,Safal,Loose,KG,2019-04-01,9999-12-31,True
1757,P105294,Cadbury Candy Pack 50g,C13,Cadbury,50g,EA,2019-04-01,9999-12-31,True
1758,P105302,Mother Dairy Toned Milk 200ml,C02,Mother Dairy,200ml,EA,2019-04-01,9999-12-31,True
1759,P105307,Gold Winner Sunflower Oil 2L,C05,Gold Winner,2L,EA,2019-04-01,9999-12-31,True
1760,P105313,Local Mandi Tomato 500g,C12,Local Mandi,500g,KG,2019-04-01,9999-12-31,True
1761,P105323,Catch Coriander Powder 200g,C06,Catch,200g,EA,2019-04-01,9999-12-31,True
1762,P105331,Nandini Toned Milk 1L,C02,Nandini,1L,EA,2019-04-01,9999-12-31,True
1763,P105337,Local Bakery Sandwich Bread 400g,C11,Local Bakery,400g,EA,2019-04-01,9999-12-31,True
1764,P105345,Aachi Coriander Powder 200g,C06,Aachi,200g,EA,2019-04-01,9999-12-31,True
1765,P105351,Cadbury Milk Chocolate 25g,C13,Cadbury,25g,EA,2019-04-01,9999-12-31,True
1766,P105356,MDH Sambar Powder 100g,C06,MDH,100g,EA,2019-04-01,9999-12-31,True
1767,P105365,Johnson's Baby Wipes Large,C09,Johnson's,Large,EA,2019-04-01,9999-12-31,True
1768,P105369,Nestle Candy Pack 25g,C13,Nestle,25g,EA,2019-04-01,9999-12-31,True
2002,P107012,Modern Rusk 400g,C11,Modern,400g,EA,2019-04-01,9999-12-31,True
1769,P105377,Classmate Ball Pen 500 sheets,C14,Classmate,500 sheets,EA,2019-04-01,9999-12-31,True
1770,P105384,McCain Idli Batter 1kg,C10,McCain,1kg,EA,2019-04-01,9999-12-31,True
1771,P105394,Tata Tea Soda 1L,C03,Tata Tea,1L,EA,2019-04-01,9999-12-31,True
1772,P105400,Unibic Namkeen Mix 150g,C01,Unibic,150g,EA,2019-04-01,9999-12-31,True
1773,P105405,Sundrop Mustard Oil 5L,C05,Sundrop,5L,EA,2019-04-01,9999-12-31,True
1774,P105413,Huggies Diapers Small,C09,Huggies,Small,EA,2019-04-01,2024-05-31,False
1775,P105418,Perfetti Dark Chocolate 50g,C13,Perfetti,50g,EA,2019-04-01,9999-12-31,True
1776,P105425,Saffola Rice Bran Oil 5L,C05,Saffola,5L,EA,2019-04-01,9999-12-31,True
1777,P105433,Amul Choco Candy Pack 50g,C13,Amul Choco,50g,EA,2019-04-01,9999-12-31,True
1778,P105440,Modern Pav Bun 6 pc,C11,Modern,6 pc,EA,2019-04-01,9999-12-31,True
1779,P105450,Safal Onion 500g,C12,Safal,500g,KG,2019-04-01,9999-12-31,True
1780,P105453,Mamaearth Toothpaste 75g,C07,Mamaearth,75g,EA,2019-04-01,9999-12-31,True
1781,P105460,Perfetti Candy Pack Pack of 10,C13,Perfetti,Pack of 10,EA,2019-04-01,9999-12-31,True
1782,P105468,Sundrop Groundnut Oil 1L,C05,Sundrop,1L,EA,2019-04-01,9999-12-31,True
1783,P105479,iD Fresh Ready Paratha 400g,C10,iD Fresh,400g,EA,2019-04-01,9999-12-31,True
1784,P105483,Perfetti Milk Chocolate 50g,C13,Perfetti,50g,EA,2019-04-01,9999-12-31,True
1785,P105490,Real Cola 1L,C03,Real,1L,EA,2019-04-01,9999-12-31,True
1786,P105497,Camlin Ball Pen Pack of 5,C14,Camlin,Pack of 5,EA,2019-04-01,9999-12-31,True
1787,P105507,Safal Potato 500g,C12,Safal,500g,KG,2019-04-01,9999-12-31,True
1788,P105511,Patanjali Hair Oil 75g,C07,Patanjali,75g,EA,2019-04-01,9999-12-31,True
1789,P105518,Colgate Shampoo 180ml,C07,Colgate,180ml,EA,2019-04-01,9999-12-31,True
1790,P105524,Anmol Glucose Biscuit 250g,C01,Anmol,250g,EA,2019-04-01,9999-12-31,True
1791,P105531,Sumeru Idli Batter 400g,C10,Sumeru,400g,EA,2019-04-01,9999-12-31,True
1792,P105541,Vim Fabric Conditioner 200g,C08,Vim,200g,EA,2019-04-01,9999-12-31,True
1793,P105547,iD Fresh Ready Paratha 200g,C10,iD Fresh,200g,EA,2019-04-01,9999-12-31,True
1794,P105553,Mamypoko Diapers Large,C09,Mamypoko,Large,EA,2019-04-01,9999-12-31,True
1795,P105562,ITC Master Chef Idli Batter 200g,C10,ITC Master Chef,200g,EA,2019-04-01,2024-05-31,False
1796,P105570,Nandini Ghee 500ml,C02,Nandini,500ml,EA,2019-04-01,9999-12-31,True
1797,P105575,Nandini Paneer 200ml,C02,Nandini,200ml,EA,2019-04-01,9999-12-31,True
1798,P105583,Real Mango Juice 2L,C03,Real,2L,EA,2019-04-01,9999-12-31,True
1799,P105589,Unibic Cookies 60g,C01,Unibic,60g,EA,2019-04-01,9999-12-31,True
1800,P105594,McCain Ready Paratha 400g,C10,McCain,400g,EA,2019-04-01,9999-12-31,True
1801,P105603,Real Tea Leaf 600ml,C03,Real,600ml,EA,2019-04-01,9999-12-31,True
1802,P105609,Daawat Basmati Rice 5kg,C04,Daawat,5kg,EA,2019-04-01,9999-12-31,True
1803,P105614,Colgate Shampoo 100g,C07,Colgate,100g,EA,2019-04-01,9999-12-31,True
1804,P105624,Nandini Toned Milk 500ml,C02,Nandini,500ml,EA,2019-04-01,9999-12-31,True
1805,P105633,Harvest Gold Sandwich Bread 6 pc,C11,Harvest Gold,6 pc,EA,2019-04-01,9999-12-31,True
1806,P105636,Daawat Chana Dal 5kg,C04,Daawat,5kg,EA,2019-04-01,9999-12-31,True
1807,P105643,Aashirvaad Sona Masoori Rice 10kg,C04,Aashirvaad,10kg,EA,2019-04-01,9999-12-31,True
1808,P105651,Nestle Dark Chocolate 100g,C13,Nestle,100g,EA,2019-04-01,9999-12-31,True
1809,P105656,24 Mantra Basmati Rice 5kg,C04,24 Mantra,5kg,EA,2019-04-01,9999-12-31,True
1810,P105666,Daawat Basmati Rice 1kg,C04,Daawat,1kg,EA,2019-04-01,9999-12-31,True
1811,P105672,Safal Apple 1kg,C12,Safal,1kg,KG,2019-04-01,9999-12-31,True
1812,P105677,Bikano Cookies 250g,C01,Bikano,250g,EA,2019-04-01,9999-12-31,True
1813,P105684,Dhara Rice Bran Oil 1L,C05,Dhara,1L,EA,2019-04-01,9999-12-31,True
1814,P105695,English Oven Rusk 6 pc,C11,English Oven,6 pc,EA,2019-04-01,9999-12-31,True
1815,P105698,Nestle Dark Chocolate 25g,C13,Nestle,25g,EA,2019-04-01,9999-12-31,True
1816,P105707,Camlin Pencil Box 500 sheets,C14,Camlin,500 sheets,EA,2019-04-01,9999-12-31,True
1817,P105713,MDH Garam Masala 50g,C06,MDH,50g,EA,2019-04-01,9999-12-31,True
1818,P105720,Safal Carrot Loose,C12,Safal,Loose,KG,2019-04-01,9999-12-31,True
1819,P105729,Bikano Khakhra 400g,C01,Bikano,400g,EA,2019-04-01,9999-12-31,True
1820,P105733,Patanjali Toothpaste 75g,C07,Patanjali,75g,EA,2019-04-01,9999-12-31,True
1821,P105740,Sunfeast Khakhra 250g,C01,Sunfeast,250g,EA,2019-04-01,9999-12-31,True
1822,P105747,Nestle Chewing Gum 50g,C13,Nestle,50g,EA,2019-04-01,9999-12-31,True
1823,P105757,Aachi Turmeric Powder 50g,C06,Aachi,50g,EA,2019-04-01,9999-12-31,True
1824,P105765,Dove Body Lotion 340ml,C07,Dove,340ml,EA,2019-04-01,9999-12-31,True
1825,P105772,Colgate Body Lotion 340ml,C07,Colgate,340ml,EA,2019-04-01,9999-12-31,True
1826,P105775,Farm Fresh Apple 1kg,C12,Farm Fresh,1kg,KG,2019-04-01,9999-12-31,True
1827,P105784,Safal Onion Loose,C12,Safal,Loose,KG,2019-04-01,9999-12-31,True
1828,P105789,Perfetti Milk Chocolate 100g,C13,Perfetti,100g,EA,2019-04-01,9999-12-31,True
1829,P105797,Surf Excel Fabric Conditioner 500g,C08,Surf Excel,500g,EA,2019-04-01,9999-12-31,True
1830,P105805,Safal Banana Loose,C12,Safal,Loose,KG,2019-04-01,9999-12-31,True
1831,P105815,McCain Ready Paratha 200g,C10,McCain,200g,EA,2019-04-01,9999-12-31,True
1832,P105819,Dove Toothpaste 100g,C07,Dove,100g,EA,2019-04-01,9999-12-31,True
1833,P105827,Amul Ghee 500ml,C02,Amul,500ml,EA,2019-04-01,9999-12-31,True
1834,P105835,Milky Mist Toned Milk 200ml,C02,Milky Mist,200ml,EA,2019-04-01,9999-12-31,True
1835,P105838,Aashirvaad Poha 5kg,C04,Aashirvaad,5kg,EA,2019-04-01,9999-12-31,True
1836,P105845,Perfetti Dark Chocolate 25g,C13,Perfetti,25g,EA,2019-04-01,9999-12-31,True
1837,P105855,Local Bakery Pav Bun Pack of 2,C11,Local Bakery,Pack of 2,EA,2019-04-01,9999-12-31,True
1838,P105860,Safal Tomato Loose,C12,Safal,Loose,KG,2019-04-01,2024-05-31,False
1839,P105868,Modern Pav Bun 6 pc,C11,Modern,6 pc,EA,2019-04-01,9999-12-31,True
1840,P105878,Eastern Sambar Powder 100g,C06,Eastern,100g,EA,2019-04-01,9999-12-31,True
1841,P105882,Amul Choco Milk Chocolate 100g,C13,Amul Choco,100g,EA,2019-04-01,9999-12-31,True
1842,P105890,Dhara Mustard Oil 2L,C05,Dhara,2L,EA,2019-04-01,9999-12-31,True
1843,P105897,Nataraj A4 Paper Ream 1 pc,C14,Nataraj,1 pc,EA,2019-04-01,9999-12-31,True
1844,P105901,McCain Idli Batter 200g,C10,McCain,200g,EA,2019-04-01,9999-12-31,True
1845,P105908,Saffola Sunflower Oil 5L,C05,Saffola,5L,EA,2019-04-01,9999-12-31,True
1846,P105918,Harpic Fabric Conditioner 500g,C08,Harpic,500g,EA,2019-04-01,9999-12-31,True
1847,P105923,Eastern Coriander Powder 50g,C06,Eastern,50g,EA,2019-04-01,9999-12-31,True
1848,P105929,Britannia Glucose Biscuit 100g,C01,Britannia,100g,EA,2019-04-01,9999-12-31,True
1849,P105937,Cadbury Dark Chocolate 25g,C13,Cadbury,25g,EA,2019-04-01,9999-12-31,True
1850,P105944,Huggies Baby Powder Medium,C09,Huggies,Medium,EA,2019-04-01,9999-12-31,True
1851,P105950,Fortune Sona Masoori Rice 1kg,C04,Fortune,1kg,EA,2019-04-01,9999-12-31,True
1852,P105959,Bisleri Soda 500g,C03,Bisleri,500g,EA,2019-04-01,9999-12-31,True
1853,P105965,Harvest Gold Rusk 400g,C11,Harvest Gold,400g,EA,2019-04-01,9999-12-31,True
1854,P105971,Fortune Mustard Oil 5L,C05,Fortune,5L,EA,2019-04-01,9999-12-31,True
1855,P105980,Nataraj Pencil Box Pack of 5,C14,Nataraj,Pack of 5,EA,2019-04-01,9999-12-31,True
1856,P105988,Modern Pav Bun 400g,C11,Modern,400g,EA,2019-04-01,9999-12-31,True
1857,P105997,Local Bakery Pav Bun 6 pc,C11,Local Bakery,6 pc,EA,2019-04-01,9999-12-31,True
1858,P106004,Aachi Chilli Powder 200g,C06,Aachi,200g,EA,2019-04-01,9999-12-31,True
1859,P106009,Catch Sambar Powder 100g,C06,Catch,100g,EA,2019-04-01,2024-05-31,False
1860,P106015,Sumeru Frozen Peas 200g,C10,Sumeru,200g,EA,2019-04-01,9999-12-31,True
1861,P106024,Harpic Toilet Cleaner 1kg,C08,Harpic,1kg,EA,2019-04-01,9999-12-31,True
1862,P106027,Aashirvaad Whole Wheat Atta 1kg,C04,Aashirvaad,1kg,EA,2019-04-01,9999-12-31,True
1863,P106035,Cadbury Candy Pack 25g,C13,Cadbury,25g,EA,2019-04-01,9999-12-31,True
1864,P106044,Real Cola 1L,C03,Real,1L,EA,2019-04-01,9999-12-31,True
1865,P106048,Mamypoko Baby Wipes Medium,C09,Mamypoko,Medium,EA,2019-04-01,9999-12-31,True
1866,P106059,Harpic Floor Cleaner 200g,C08,Harpic,200g,EA,2019-04-01,9999-12-31,True
1867,P106067,Milky Mist Cheese Slices 500g,C02,Milky Mist,500g,EA,2019-04-01,9999-12-31,True
1868,P106072,Nataraj Pencil Box 1 pc,C14,Nataraj,1 pc,EA,2019-04-01,9999-12-31,True
1869,P106080,Cello Notebook Pack of 5,C14,Cello,Pack of 5,EA,2019-04-01,9999-12-31,True
1870,P106084,Dhara Groundnut Oil 5L,C05,Dhara,5L,EA,2019-04-01,9999-12-31,True
1871,P106093,Classmate Pencil Box 500 sheets,C14,Classmate,500 sheets,EA,2019-04-01,9999-12-31,True
1872,P106098,Johnson's Baby Wipes Small,C09,Johnson's,Small,EA,2019-04-01,9999-12-31,True
1873,P106106,Harpic Dishwash Bar 1kg,C08,Harpic,1kg,EA,2019-04-01,9999-12-31,True
1874,P106115,Sunfeast Cream Biscuit 150g,C01,Sunfeast,150g,EA,2019-04-01,9999-12-31,True
1875,P106123,24 Mantra Whole Wheat Atta 1kg,C04,24 Mantra,1kg,EA,2019-04-01,9999-12-31,True
1876,P106130,Fortune Sona Masoori Rice 1kg,C04,Fortune,1kg,EA,2019-04-01,9999-12-31,True
1877,P106133,Bisleri Cola 250g,C03,Bisleri,250g,EA,2019-04-01,9999-12-31,True
1878,P106143,Comfort Dishwash Bar 1kg,C08,Comfort,1kg,EA,2019-04-01,9999-12-31,True
1879,P106151,Cello Ball Pen 1 pc,C14,Cello,1 pc,EA,2019-04-01,9999-12-31,True
1880,P106158,Sundrop Sunflower Oil 1L,C05,Sundrop,1L,EA,2019-04-01,9999-12-31,True
1881,P106162,Daawat Sona Masoori Rice 1kg,C04,Daawat,1kg,EA,2019-04-01,9999-12-31,True
1882,P106169,Vim Toilet Cleaner 1kg,C08,Vim,1kg,EA,2019-04-01,9999-12-31,True
1883,P106174,Local Mandi Apple Loose,C12,Local Mandi,Loose,KG,2019-04-01,9999-12-31,True
1884,P106181,Aashirvaad Chana Dal 1kg,C04,Aashirvaad,1kg,EA,2019-04-01,9999-12-31,True
1885,P106191,24 Mantra Sona Masoori Rice 5kg,C04,24 Mantra,5kg,EA,2019-04-01,9999-12-31,True
1886,P106200,Mamypoko Diapers Small,C09,Mamypoko,Small,EA,2019-04-01,9999-12-31,True
1887,P106207,Patanjali Hair Oil 100g,C07,Patanjali,100g,EA,2019-04-01,9999-12-31,True
1888,P106209,Nataraj Pencil Box 500 sheets,C14,Nataraj,500 sheets,EA,2019-04-01,9999-12-31,True
1889,P106221,Unibic Glucose Biscuit 150g,C01,Unibic,150g,EA,2019-04-01,9999-12-31,True
1890,P106228,Amul Choco Chewing Gum Pack of 10,C13,Amul Choco,Pack of 10,EA,2019-04-01,9999-12-31,True
1891,P106234,Classmate Notebook 1 pc,C14,Classmate,1 pc,EA,2019-04-01,9999-12-31,True
1892,P106239,Fortune Basmati Rice 1kg,C04,Fortune,1kg,EA,2019-04-01,9999-12-31,True
1893,P106244,McCain Frozen Peas 200g,C10,McCain,200g,EA,2019-04-01,9999-12-31,True
1894,P106254,India Gate Whole Wheat Atta 5kg,C04,India Gate,5kg,EA,2019-04-01,9999-12-31,True
1895,P106258,Dhara Rice Bran Oil 5L,C05,Dhara,5L,EA,2019-04-01,9999-12-31,True
1896,P106270,Aashirvaad Chana Dal 1kg,C04,Aashirvaad,1kg,EA,2019-04-01,9999-12-31,True
1897,P106277,Nandini Ghee 1L,C02,Nandini,1L,EA,2019-04-01,9999-12-31,True
1898,P106282,Mamaearth Body Lotion 100g,C07,Mamaearth,100g,EA,2019-04-01,9999-12-31,True
1899,P106288,Amul Ghee 200g,C02,Amul,200g,EA,2019-04-01,9999-12-31,True
1900,P106297,Thums Up Cola 600ml,C03,Thums Up,600ml,EA,2019-04-01,9999-12-31,True
1901,P106300,Classmate Pencil Box 500 sheets,C14,Classmate,500 sheets,EA,2019-04-01,9999-12-31,True
1902,P106310,Lizol Detergent Powder 200g,C08,Lizol,200g,EA,2019-04-01,9999-12-31,True
1903,P106317,Sumeru Frozen Peas 200g,C10,Sumeru,200g,EA,2019-04-01,9999-12-31,True
1904,P106323,Aachi Coriander Powder 50g,C06,Aachi,50g,EA,2019-04-01,9999-12-31,True
1905,P106330,Comfort Toilet Cleaner 200g,C08,Comfort,200g,EA,2019-04-01,9999-12-31,True
1906,P106336,Bru Mineral Water 250g,C03,Bru,250g,EA,2019-04-01,9999-12-31,True
1907,P106344,Aashirvaad Whole Wheat Atta 5kg,C04,Aashirvaad,5kg,EA,2019-04-01,9999-12-31,True
1908,P106353,Paper Boat Instant Coffee 1L,C03,Paper Boat,1L,EA,2019-04-01,9999-12-31,True
1909,P106357,Pampers Baby Powder Small,C09,Pampers,Small,EA,2019-04-01,9999-12-31,True
1910,P106367,Mother Dairy Butter 200ml,C02,Mother Dairy,200ml,EA,2019-04-01,9999-12-31,True
1911,P106373,Eastern Chilli Powder 50g,C06,Eastern,50g,EA,2019-04-01,9999-12-31,True
1912,P106382,Farm Fresh Potato 500g,C12,Farm Fresh,500g,KG,2019-04-01,9999-12-31,True
1913,P106388,India Gate Whole Wheat Atta 10kg,C04,India Gate,10kg,EA,2019-04-01,9999-12-31,True
1914,P106391,Gold Winner Rice Bran Oil 2L,C05,Gold Winner,2L,EA,2019-04-01,9999-12-31,True
1915,P106399,Mamypoko Diapers XL,C09,Mamypoko,XL,EA,2019-04-01,2024-05-31,False
1916,P106405,Patanjali Bathing Soap 100g,C07,Patanjali,100g,EA,2019-04-01,9999-12-31,True
1917,P106415,Mamypoko Baby Wipes XL,C09,Mamypoko,XL,EA,2019-04-01,9999-12-31,True
1918,P106424,Amul Paneer 200g,C02,Amul,200g,EA,2019-04-01,9999-12-31,True
1919,P106426,Unibic Khakhra 60g,C01,Unibic,60g,EA,2019-04-01,9999-12-31,True
1920,P106434,Classmate Notebook Pack of 5,C14,Classmate,Pack of 5,EA,2019-04-01,9999-12-31,True
1921,P106443,Eastern Coriander Powder 500g,C06,Eastern,500g,EA,2019-04-01,9999-12-31,True
1922,P106452,Modern Rusk Pack of 2,C11,Modern,Pack of 2,EA,2019-04-01,9999-12-31,True
1923,P106454,Milky Mist Ghee 500ml,C02,Milky Mist,500ml,EA,2019-04-01,9999-12-31,True
1924,P106464,Huggies Baby Powder Medium,C09,Huggies,Medium,EA,2019-04-01,9999-12-31,True
1925,P106473,Thums Up Mineral Water 600ml,C03,Thums Up,600ml,EA,2019-04-01,9999-12-31,True
1926,P106478,Catch Sambar Powder 500g,C06,Catch,500g,EA,2019-04-01,9999-12-31,True
1927,P106486,Mamypoko Diapers XL,C09,Mamypoko,XL,EA,2019-04-01,9999-12-31,True
1928,P106490,India Gate Chana Dal 5kg,C04,India Gate,5kg,EA,2019-04-01,9999-12-31,True
1929,P106501,Comfort Toilet Cleaner 200g,C08,Comfort,200g,EA,2019-04-01,9999-12-31,True
1930,P106506,Unibic Marie Gold 60g,C01,Unibic,60g,EA,2019-04-01,9999-12-31,True
1931,P106512,Lizol Floor Cleaner 500ml,C08,Lizol,500ml,EA,2019-04-01,9999-12-31,True
1932,P106522,Dhara Mustard Oil 5L,C05,Dhara,5L,EA,2019-04-01,9999-12-31,True
1933,P106528,Mamypoko Diapers Medium,C09,Mamypoko,Medium,EA,2019-04-01,9999-12-31,True
1934,P106534,Harpic Detergent Powder 200g,C08,Harpic,200g,EA,2019-04-01,9999-12-31,True
1935,P106542,Bikano Namkeen Mix 250g,C01,Bikano,250g,EA,2019-04-01,9999-12-31,True
1936,P106550,Perfetti Chewing Gum 25g,C13,Perfetti,25g,EA,2019-04-01,9999-12-31,True
1937,P106553,Lizol Detergent Powder 500g,C08,Lizol,500g,EA,2019-04-01,9999-12-31,True
1938,P106563,Mamypoko Baby Wipes Small,C09,Mamypoko,Small,EA,2019-04-01,9999-12-31,True
1939,P106566,Colgate Body Lotion 75g,C07,Colgate,75g,EA,2019-04-01,9999-12-31,True
1940,P106577,Modern Muffin Pack of 2,C11,Modern,Pack of 2,EA,2019-04-01,9999-12-31,True
1941,P106584,Farm Fresh Banana Loose,C12,Farm Fresh,Loose,KG,2019-04-01,9999-12-31,True
1942,P106592,Dhara Sunflower Oil 2L,C05,Dhara,2L,EA,2019-04-01,9999-12-31,True
1943,P106599,Milky Mist Paneer 200ml,C02,Milky Mist,200ml,EA,2019-04-01,9999-12-31,True
1944,P106602,Heritage Paneer 1L,C02,Heritage,1L,EA,2019-04-01,9999-12-31,True
1945,P106611,Cello Pencil Box Pack of 5,C14,Cello,Pack of 5,EA,2019-04-01,9999-12-31,True
1946,P106620,Pampers Diapers XL,C09,Pampers,XL,EA,2019-04-01,9999-12-31,True
1947,P106624,Daawat Toor Dal 5kg,C04,Daawat,5kg,EA,2019-04-01,9999-12-31,True
1948,P106629,Unibic Glucose Biscuit 400g,C01,Unibic,400g,EA,2019-04-01,9999-12-31,True
1949,P106639,Camlin Notebook 500 sheets,C14,Camlin,500 sheets,EA,2019-04-01,9999-12-31,True
1950,P106648,Milky Mist Ghee 200ml,C02,Milky Mist,200ml,EA,2019-04-01,9999-12-31,True
1951,P106651,Fortune Toor Dal 5kg,C04,Fortune,5kg,EA,2019-04-01,9999-12-31,True
1952,P106659,iD Fresh Ready Paratha 1kg,C10,iD Fresh,1kg,EA,2019-04-01,9999-12-31,True
1953,P106669,Everest Garam Masala 500g,C06,Everest,500g,EA,2019-04-01,9999-12-31,True
1954,P106671,Local Bakery Pav Bun 400g,C11,Local Bakery,400g,EA,2019-04-01,9999-12-31,True
1955,P106679,Local Mandi Carrot 500g,C12,Local Mandi,500g,KG,2019-04-01,9999-12-31,True
1956,P106686,Everest Chilli Powder 200g,C06,Everest,200g,EA,2019-04-01,9999-12-31,True
1957,P106697,Sumeru Frozen Peas 200g,C10,Sumeru,200g,EA,2019-04-01,9999-12-31,True
1958,P106703,Modern Sandwich Bread Pack of 2,C11,Modern,Pack of 2,EA,2019-04-01,9999-12-31,True
1959,P106710,Bru Cola 600ml,C03,Bru,600ml,EA,2019-04-01,9999-12-31,True
1960,P106718,Dove Hair Oil 75g,C07,Dove,75g,EA,2019-04-01,9999-12-31,True
1961,P106720,Perfetti Candy Pack 50g,C13,Perfetti,50g,EA,2019-04-01,9999-12-31,True
1962,P106731,Local Mandi Onion 500g,C12,Local Mandi,500g,KG,2019-04-01,9999-12-31,True
1963,P106735,Thums Up Tea Leaf 250g,C03,Thums Up,250g,EA,2019-04-01,9999-12-31,True
1964,P106745,Surf Excel Fabric Conditioner 500ml,C08,Surf Excel,500ml,EA,2019-04-01,9999-12-31,True
1965,P106751,English Oven Muffin Pack of 2,C11,English Oven,Pack of 2,EA,2019-04-01,9999-12-31,True
1966,P106757,Amul Paneer 500g,C02,Amul,500g,EA,2019-04-01,9999-12-31,True
1967,P106765,Nestle Dark Chocolate 50g,C13,Nestle,50g,EA,2019-04-01,9999-12-31,True
1968,P106773,Harpic Fabric Conditioner 200g,C08,Harpic,200g,EA,2019-04-01,9999-12-31,True
1969,P106776,Amul Paneer 200g,C02,Amul,200g,EA,2019-04-01,9999-12-31,True
1970,P106783,Mamaearth Hair Oil 100g,C07,Mamaearth,100g,EA,2019-04-01,9999-12-31,True
1971,P106793,Dhara Groundnut Oil 1L,C05,Dhara,1L,EA,2019-04-01,9999-12-31,True
1972,P106802,Fortune Mustard Oil 2L,C05,Fortune,2L,EA,2019-04-01,9999-12-31,True
1973,P106807,Comfort Fabric Conditioner 200g,C08,Comfort,200g,EA,2019-04-01,9999-12-31,True
1974,P106813,Mamypoko Baby Powder Medium,C09,Mamypoko,Medium,EA,2019-04-01,9999-12-31,True
1975,P106823,ITC Master Chef Ready Paratha 400g,C10,ITC Master Chef,400g,EA,2019-04-01,9999-12-31,True
1976,P106830,Parle Cookies 100g,C01,Parle,100g,EA,2019-04-01,9999-12-31,True
1977,P106833,Colgate Hair Oil 100g,C07,Colgate,100g,EA,2019-04-01,9999-12-31,True
1978,P106844,Unibic Marie Gold 400g,C01,Unibic,400g,EA,2019-04-01,9999-12-31,True
1979,P106848,Local Mandi Potato 1kg,C12,Local Mandi,1kg,KG,2019-04-01,9999-12-31,True
1980,P106858,Patanjali Body Lotion 100g,C07,Patanjali,100g,EA,2019-04-01,9999-12-31,True
1981,P106865,Paper Boat Mango Juice 250g,C03,Paper Boat,250g,EA,2019-04-01,9999-12-31,True
1982,P106872,Sunfeast Cream Biscuit 150g,C01,Sunfeast,150g,EA,2019-04-01,9999-12-31,True
1983,P106877,Fortune Basmati Rice 1kg,C04,Fortune,1kg,EA,2019-04-01,9999-12-31,True
1984,P106885,Bikano Namkeen Mix 400g,C01,Bikano,400g,EA,2019-04-01,9999-12-31,True
1985,P106891,Nandini Ghee 200ml,C02,Nandini,200ml,EA,2019-04-01,9999-12-31,True
1986,P106900,Nandini Toned Milk 500g,C02,Nandini,500g,EA,2019-04-01,9999-12-31,True
1987,P106907,Aashirvaad Basmati Rice 10kg,C04,Aashirvaad,10kg,EA,2019-04-01,9999-12-31,True
1988,P106911,24 Mantra Chana Dal 1kg,C04,24 Mantra,1kg,EA,2019-04-01,9999-12-31,True
1989,P106920,India Gate Poha 10kg,C04,India Gate,10kg,EA,2019-04-01,9999-12-31,True
1990,P106927,Local Bakery Rusk Pack of 2,C11,Local Bakery,Pack of 2,EA,2019-04-01,9999-12-31,True
1991,P106934,Aashirvaad Whole Wheat Atta 1kg,C04,Aashirvaad,1kg,EA,2019-04-01,9999-12-31,True
1992,P106942,English Oven Rusk 400g,C11,English Oven,400g,EA,2019-04-01,9999-12-31,True
1993,P106948,MDH Sambar Powder 500g,C06,MDH,500g,EA,2019-04-01,9999-12-31,True
1994,P106955,Amul Curd 1L,C02,Amul,1L,EA,2019-04-01,9999-12-31,True
1995,P106958,Colgate Face Wash 75g,C07,Colgate,75g,EA,2019-04-01,9999-12-31,True
1996,P106965,Modern Sandwich Bread 400g,C11,Modern,400g,EA,2019-04-01,9999-12-31,True
1997,P106975,Nestle Candy Pack 25g,C13,Nestle,25g,EA,2019-04-01,9999-12-31,True
1998,P106984,English Oven Rusk 400g,C11,English Oven,400g,EA,2019-04-01,9999-12-31,True
1999,P106989,Unibic Cookies 60g,C01,Unibic,60g,EA,2019-04-01,9999-12-31,True
2000,P106997,Camlin Notebook 500 sheets,C14,Camlin,500 sheets,EA,2019-04-01,9999-12-31,True
2001,P107003,Daawat Sona Masoori Rice 10kg,C04,Daawat,10kg,EA,2019-04-01,9999-12-31,True
2003,P107018,Everest Turmeric Powder 200g,C06,Everest,200g,EA,2019-04-01,9999-12-31,True
2004,P107026,Surf Excel Floor Cleaner 1kg,C08,Surf Excel,1kg,EA,2019-04-01,9999-12-31,True
2005,P107028,Bikano Khakhra 100g,C01,Bikano,100g,EA,2019-04-01,9999-12-31,True
2006,P107040,Amul Butter 500g,C02,Amul,500g,EA,2019-04-01,9999-12-31,True
2007,P107047,Camlin Pencil Box Pack of 5,C14,Camlin,Pack of 5,EA,2019-04-01,9999-12-31,True
2008,P107053,Milky Mist Toned Milk 200ml,C02,Milky Mist,200ml,EA,2019-04-01,9999-12-31,True
2009,P107056,Bisleri Mineral Water 2L,C03,Bisleri,2L,EA,2019-04-01,9999-12-31,True
2010,P107063,McCain Frozen Peas 1kg,C10,McCain,1kg,EA,2019-04-01,9999-12-31,True
2011,P107072,iD Fresh Idli Batter 1kg,C10,iD Fresh,1kg,EA,2019-04-01,2024-05-31,False
2012,P107078,Local Mandi Tomato 1kg,C12,Local Mandi,1kg,KG,2019-04-01,9999-12-31,True
2013,P107089,Mother Dairy Cheese Slices 200ml,C02,Mother Dairy,200ml,EA,2019-04-01,9999-12-31,True
2014,P107094,Comfort Floor Cleaner 500g,C08,Comfort,500g,EA,2019-04-01,9999-12-31,True
2015,P107100,Cello Ball Pen 1 pc,C14,Cello,1 pc,EA,2019-04-01,9999-12-31,True
2016,P107110,Unibic Marie Gold 250g,C01,Unibic,250g,EA,2019-04-01,9999-12-31,True
2017,P107115,Modern Sandwich Bread 400g,C11,Modern,400g,EA,2019-04-01,9999-12-31,True
2018,P107119,Cadbury Milk Chocolate 50g,C13,Cadbury,50g,EA,2019-04-01,9999-12-31,True
2019,P107126,Cello Pencil Box 500 sheets,C14,Cello,500 sheets,EA,2019-04-01,9999-12-31,True
2020,P107137,Farm Fresh Apple 500g,C12,Farm Fresh,500g,KG,2019-04-01,9999-12-31,True
2021,P107145,iD Fresh French Fries 400g,C10,iD Fresh,400g,EA,2019-04-01,9999-12-31,True
2022,P107149,Bru Soda 600ml,C03,Bru,600ml,EA,2019-04-01,9999-12-31,True
2023,P107158,Nestle Candy Pack 100g,C13,Nestle,100g,EA,2019-04-01,9999-12-31,True
2024,P107163,Everest Sambar Powder 200g,C06,Everest,200g,EA,2019-04-01,9999-12-31,True
2025,P107171,Nataraj Ball Pen 500 sheets,C14,Nataraj,500 sheets,EA,2019-04-01,9999-12-31,True
2026,P107178,Classmate Notebook Pack of 5,C14,Classmate,Pack of 5,EA,2019-04-01,9999-12-31,True
2027,P107182,Amul Choco Chewing Gum Pack of 10,C13,Amul Choco,Pack of 10,EA,2019-04-01,9999-12-31,True
2028,P107190,Nestle Milk Chocolate Pack of 10,C13,Nestle,Pack of 10,EA,2019-04-01,9999-12-31,True
2029,P107197,Nivea Face Wash 340ml,C07,Nivea,340ml,EA,2019-04-01,9999-12-31,True
2030,P107208,Nandini Cheese Slices 200g,C02,Nandini,200g,EA,2019-04-01,9999-12-31,True
2031,P107215,Pampers Baby Powder Medium,C09,Pampers,Medium,EA,2019-04-01,9999-12-31,True
2032,P107217,ITC Master Chef Ready Paratha 1kg,C10,ITC Master Chef,1kg,EA,2019-04-01,9999-12-31,True
2033,P107226,Paper Boat Tea Leaf 500g,C03,Paper Boat,500g,EA,2019-04-01,9999-12-31,True
2034,P107231,Daawat Toor Dal 5kg,C04,Daawat,5kg,EA,2019-04-01,9999-12-31,True
2035,P107242,Amul Curd 500ml,C02,Amul,500ml,EA,2019-04-01,9999-12-31,True
2036,P107246,Tata Tea Soda 500g,C03,Tata Tea,500g,EA,2019-04-01,9999-12-31,True
2037,P107253,Local Mandi Apple 500g,C12,Local Mandi,500g,KG,2019-04-01,9999-12-31,True
2038,P107264,Bru Mineral Water 500g,C03,Bru,500g,EA,2019-04-01,9999-12-31,True
2039,P107266,English Oven Rusk 6 pc,C11,English Oven,6 pc,EA,2019-04-01,9999-12-31,True
2040,P107278,Classmate A4 Paper Ream Pack of 5,C14,Classmate,Pack of 5,EA,2019-04-01,9999-12-31,True
2041,P107282,Aashirvaad Sona Masoori Rice 1kg,C04,Aashirvaad,1kg,EA,2019-04-01,9999-12-31,True
2042,P107292,Cello Notebook 500 sheets,C14,Cello,500 sheets,EA,2019-04-01,9999-12-31,True
2043,P107294,Local Bakery Muffin 400g,C11,Local Bakery,400g,EA,2019-04-01,9999-12-31,True
2044,P107301,Daawat Sona Masoori Rice 1kg,C04,Daawat,1kg,EA,2019-04-01,9999-12-31,True
2045,P107308,Bru Mango Juice 250g,C03,Bru,250g,EA,2019-04-01,9999-12-31,True
2046,P107320,Camlin A4 Paper Ream 500 sheets,C14,Camlin,500 sheets,EA,2019-04-01,9999-12-31,True
2047,P107327,Aashirvaad Sona Masoori Rice 10kg,C04,Aashirvaad,10kg,EA,2019-04-01,9999-12-31,True
2048,P107330,Paper Boat Instant Coffee 2L,C03,Paper Boat,2L,EA,2019-04-01,9999-12-31,True
2049,P107337,Catch Turmeric Powder 500g,C06,Catch,500g,EA,2019-04-01,9999-12-31,True
2050,P107346,Dhara Groundnut Oil 1L,C05,Dhara,1L,EA,2019-04-01,9999-12-31,True
2051,P107354,McCain French Fries 400g,C10,McCain,400g,EA,2019-04-01,9999-12-31,True
2052,P107362,Bru Soda 600ml,C03,Bru,600ml,EA,2019-04-01,9999-12-31,True
2053,P107365,Mamypoko Baby Wipes Large,C09,Mamypoko,Large,EA,2019-04-01,9999-12-31,True
2054,P107373,Safal Banana 1kg,C12,Safal,1kg,KG,2019-04-01,9999-12-31,True
2055,P107381,McCain French Fries 400g,C10,McCain,400g,EA,2019-04-01,9999-12-31,True
2056,P107385,Saffola Mustard Oil 1L,C05,Saffola,1L,EA,2019-04-01,9999-12-31,True
2057,P107393,Cello Pencil Box Pack of 5,C14,Cello,Pack of 5,EA,2019-04-01,9999-12-31,True
2058,P107400,Amul Choco Milk Chocolate Pack of 10,C13,Amul Choco,Pack of 10,EA,2019-04-01,9999-12-31,True
2059,P107409,Mother Dairy Paneer 500ml,C02,Mother Dairy,500ml,EA,2019-04-01,9999-12-31,True
2060,P107414,Mother Dairy Toned Milk 1L,C02,Mother Dairy,1L,EA,2019-04-01,9999-12-31,True
2061,P107422,Amul Paneer 1L,C02,Amul,1L,EA,2019-04-01,9999-12-31,True
2062,P107432,Nandini Cheese Slices 200g,C02,Nandini,200g,EA,2019-04-01,9999-12-31,True
2063,P107435,Dove Bathing Soap 340ml,C07,Dove,340ml,EA,2019-04-01,9999-12-31,True
2064,P107446,Himalaya Toothpaste 100g,C07,Himalaya,100g,EA,2019-04-01,9999-12-31,True
2065,P107449,Mamypoko Baby Soap XL,C09,Mamypoko,XL,EA,2019-04-01,9999-12-31,True
2066,P107458,Aashirvaad Toor Dal 10kg,C04,Aashirvaad,10kg,EA,2019-04-01,9999-12-31,True
2067,P107463,Patanjali Hair Oil 100g,C07,Patanjali,100g,EA,2019-04-01,9999-12-31,True
2068,P107472,Eastern Garam Masala 200g,C06,Eastern,200g,EA,2019-04-01,9999-12-31,True
2069,P107477,English Oven Pav Bun Pack of 2,C11,English Oven,Pack of 2,EA,2019-04-01,9999-12-31,True
2070,P107488,Cadbury Chewing Gum 25g,C13,Cadbury,25g,EA,2019-04-01,9999-12-31,True
2071,P107495,Nataraj Pencil Box 500 sheets,C14,Nataraj,500 sheets,EA,2019-04-01,9999-12-31,True
2072,P107502,Surf Excel Floor Cleaner 200g,C08,Surf Excel,200g,EA,2019-04-01,9999-12-31,True
2073,P107508,Pampers Diapers Medium,C09,Pampers,Medium,EA,2019-04-01,9999-12-31,True
2074,P107516,Himalaya Face Wash 340ml,C07,Himalaya,340ml,EA,2019-04-01,9999-12-31,True
2075,P107520,Dhara Mustard Oil 2L,C05,Dhara,2L,EA,2019-04-01,9999-12-31,True
2076,P107526,Perfetti Milk Chocolate 50g,C13,Perfetti,50g,EA,2019-04-01,9999-12-31,True
2077,P107536,Aashirvaad Toor Dal 1kg,C04,Aashirvaad,1kg,EA,2019-04-01,9999-12-31,True
2078,P107542,Local Mandi Onion Loose,C12,Local Mandi,Loose,KG,2019-04-01,9999-12-31,True
2079,P107549,Anmol Cream Biscuit 150g,C01,Anmol,150g,EA,2019-04-01,9999-12-31,True
2080,P107555,Fortune Poha 5kg,C04,Fortune,5kg,EA,2019-04-01,9999-12-31,True
2081,P107564,Classmate A4 Paper Ream 500 sheets,C14,Classmate,500 sheets,EA,2019-04-01,9999-12-31,True
2082,P107568,Local Bakery Rusk Pack of 2,C11,Local Bakery,Pack of 2,EA,2019-04-01,9999-12-31,True
2083,P107575,Local Mandi Onion 500g,C12,Local Mandi,500g,KG,2019-04-01,9999-12-31,True
2084,P107581,Sumeru Ready Paratha 1kg,C10,Sumeru,1kg,EA,2019-04-01,9999-12-31,True
2085,P107589,Harpic Fabric Conditioner 500ml,C08,Harpic,500ml,EA,2019-04-01,9999-12-31,True
2086,P107597,Milky Mist Ghee 200g,C02,Milky Mist,200g,EA,2019-04-01,9999-12-31,True
2087,P107605,Johnson's Baby Wipes Medium,C09,Johnson's,Medium,EA,2019-04-01,9999-12-31,True
2088,P107609,Britannia Glucose Biscuit 100g,C01,Britannia,100g,EA,2019-04-01,9999-12-31,True
2089,P107621,Safal Banana Loose,C12,Safal,Loose,KG,2019-04-01,9999-12-31,True
2090,P107623,Patanjali Hair Oil 340ml,C07,Patanjali,340ml,EA,2019-04-01,9999-12-31,True
2091,P107630,Bisleri Soda 1L,C03,Bisleri,1L,EA,2019-04-01,9999-12-31,True
2092,P107639,McCain Idli Batter 400g,C10,McCain,400g,EA,2019-04-01,9999-12-31,True
2093,P107646,Aachi Sambar Powder 500g,C06,Aachi,500g,EA,2019-04-01,9999-12-31,True
2094,P107654,ITC Master Chef Ready Paratha 400g,C10,ITC Master Chef,400g,EA,2019-04-01,9999-12-31,True
2095,P107662,Amul Choco Milk Chocolate 50g,C13,Amul Choco,50g,EA,2019-04-01,9999-12-31,True
2096,P107667,McCain Idli Batter 200g,C10,McCain,200g,EA,2019-04-01,9999-12-31,True
2097,P107676,Everest Sambar Powder 50g,C06,Everest,50g,EA,2019-04-01,9999-12-31,True
2098,P107681,Himalaya Hair Oil 340ml,C07,Himalaya,340ml,EA,2019-04-01,9999-12-31,True
2099,P107686,Comfort Toilet Cleaner 200g,C08,Comfort,200g,EA,2019-04-01,9999-12-31,True
2100,P107695,Comfort Dishwash Bar 500ml,C08,Comfort,500ml,EA,2019-04-01,9999-12-31,True
2101,P107705,Mamypoko Baby Wipes Medium,C09,Mamypoko,Medium,EA,2019-04-01,9999-12-31,True
2102,P107708,India Gate Toor Dal 10kg,C04,India Gate,10kg,EA,2019-04-01,9999-12-31,True
2103,P107715,Patanjali Face Wash 340ml,C07,Patanjali,340ml,EA,2019-04-01,9999-12-31,True
2104,P107721,Safal Banana Loose,C12,Safal,Loose,KG,2019-04-01,9999-12-31,True
2105,P107733,Harvest Gold Pav Bun 400g,C11,Harvest Gold,400g,EA,2019-04-01,9999-12-31,True
2106,P107740,Mamypoko Baby Wipes Large,C09,Mamypoko,Large,EA,2019-04-01,9999-12-31,True
2107,P107743,McCain French Fries 1kg,C10,McCain,1kg,EA,2019-04-01,9999-12-31,True
2108,P107753,Farm Fresh Banana 500g,C12,Farm Fresh,500g,KG,2019-04-01,9999-12-31,True
2109,P107759,Fortune Basmati Rice 10kg,C04,Fortune,10kg,EA,2019-04-01,9999-12-31,True
2110,P107767,Dhara Mustard Oil 5L,C05,Dhara,5L,EA,2019-04-01,9999-12-31,True
2111,P107775,Sundrop Groundnut Oil 1L,C05,Sundrop,1L,EA,2019-04-01,9999-12-31,True
2112,P107777,Farm Fresh Banana 1kg,C12,Farm Fresh,1kg,KG,2019-04-01,9999-12-31,True
2113,P107784,Pampers Baby Wipes XL,C09,Pampers,XL,EA,2019-04-01,9999-12-31,True
2114,P107795,Camlin Notebook 500 sheets,C14,Camlin,500 sheets,EA,2019-04-01,9999-12-31,True
2115,P107799,Milky Mist Ghee 500g,C02,Milky Mist,500g,EA,2019-04-01,9999-12-31,True
2116,P107807,Heritage Cheese Slices 200g,C02,Heritage,200g,EA,2019-04-01,9999-12-31,True
2117,P107815,iD Fresh French Fries 200g,C10,iD Fresh,200g,EA,2019-04-01,9999-12-31,True
2118,P107822,Parle Marie Gold 100g,C01,Parle,100g,EA,2019-04-01,9999-12-31,True
2119,P107826,Cadbury Dark Chocolate 50g,C13,Cadbury,50g,EA,2019-04-01,2024-05-31,False
2120,P107837,Tata Tea Cola 2L,C03,Tata Tea,2L,EA,2019-04-01,9999-12-31,True
2121,P107843,Colgate Shampoo 180ml,C07,Colgate,180ml,EA,2019-04-01,9999-12-31,True
2122,P107848,Eastern Coriander Powder 500g,C06,Eastern,500g,EA,2019-04-01,9999-12-31,True
2123,P107859,Sundrop Mustard Oil 5L,C05,Sundrop,5L,EA,2019-04-01,9999-12-31,True
2124,P107863,Harpic Fabric Conditioner 500g,C08,Harpic,500g,EA,2019-04-01,9999-12-31,True
2125,P107872,Gold Winner Rice Bran Oil 2L,C05,Gold Winner,2L,EA,2019-04-01,9999-12-31,True
2126,P107880,Heritage Curd 1L,C02,Heritage,1L,EA,2019-04-01,9999-12-31,True
2127,P107884,Parle Cream Biscuit 60g,C01,Parle,60g,EA,2019-04-01,9999-12-31,True
2128,P107890,Modern Rusk 400g,C11,Modern,400g,EA,2019-04-01,9999-12-31,True
2129,P107899,English Oven Muffin 6 pc,C11,English Oven,6 pc,EA,2019-04-01,9999-12-31,True
2130,P107903,Himalaya Bathing Soap 75g,C07,Himalaya,75g,EA,2019-04-01,2024-05-31,False
2131,P107914,Comfort Fabric Conditioner 1kg,C08,Comfort,1kg,EA,2019-04-01,9999-12-31,True
2132,P107920,Sunfeast Namkeen Mix 250g,C01,Sunfeast,250g,EA,2019-04-01,9999-12-31,True
2133,P107925,Fortune Rice Bran Oil 5L,C05,Fortune,5L,EA,2019-04-01,9999-12-31,True
2134,P107933,Johnson's Diapers Large,C09,Johnson's,Large,EA,2019-04-01,9999-12-31,True
2135,P107943,Cadbury Dark Chocolate 100g,C13,Cadbury,100g,EA,2019-04-01,9999-12-31,True
2136,P107946,Daawat Whole Wheat Atta 1kg,C04,Daawat,1kg,EA,2019-04-01,9999-12-31,True
2137,P107952,24 Mantra Toor Dal 10kg,C04,24 Mantra,10kg,EA,2019-04-01,9999-12-31,True
2138,P107960,Huggies Diapers Small,C09,Huggies,Small,EA,2019-04-01,9999-12-31,True
2139,P107966,India Gate Whole Wheat Atta 5kg,C04,India Gate,5kg,EA,2019-04-01,9999-12-31,True
2140,P107973,Amul Curd 500ml,C02,Amul,500ml,EA,2019-04-01,9999-12-31,True
2141,P107984,Surf Excel Floor Cleaner 200g,C08,Surf Excel,200g,EA,2019-04-01,9999-12-31,True
2142,P107989,Comfort Floor Cleaner 500g,C08,Comfort,500g,EA,2019-04-01,9999-12-31,True
2143,P107996,Fortune Groundnut Oil 5L,C05,Fortune,5L,EA,2019-04-01,9999-12-31,True
2144,P108001,Local Mandi Banana Loose,C12,Local Mandi,Loose,KG,2019-04-01,9999-12-31,True
2145,P108008,Bisleri Cola 2L,C03,Bisleri,2L,EA,2019-04-01,9999-12-31,True
2146,P108017,Safal Banana 500g,C12,Safal,500g,KG,2019-04-01,9999-12-31,True
2147,P108026,Parle Marie Gold 60g,C01,Parle,60g,EA,2019-04-01,9999-12-31,True
2148,P108032,Huggies Baby Powder Small,C09,Huggies,Small,EA,2019-04-01,9999-12-31,True
2149,P108041,Camlin Notebook Pack of 5,C14,Camlin,Pack of 5,EA,2019-04-01,9999-12-31,True
2150,P108046,Parle Cream Biscuit 150g,C01,Parle,150g,EA,2019-04-01,9999-12-31,True
2151,P108050,Saffola Mustard Oil 2L,C05,Saffola,2L,EA,2019-04-01,9999-12-31,True
2152,P108060,Nivea Face Wash 340ml,C07,Nivea,340ml,EA,2019-04-01,9999-12-31,True
2153,P108067,Fortune Toor Dal 10kg,C04,Fortune,10kg,EA,2019-04-01,9999-12-31,True
2154,P108076,Nestle Candy Pack 100g,C13,Nestle,100g,EA,2019-04-01,9999-12-31,True
2155,P108082,Real Soda 600ml,C03,Real,600ml,EA,2019-04-01,9999-12-31,True
2156,P108090,Harvest Gold Sandwich Bread 6 pc,C11,Harvest Gold,6 pc,EA,2019-04-01,9999-12-31,True
2157,P108097,Sumeru Ready Paratha 200g,C10,Sumeru,200g,EA,2019-04-01,9999-12-31,True
2158,P108101,Mamypoko Baby Wipes XL,C09,Mamypoko,XL,EA,2019-04-01,9999-12-31,True
2159,P108110,Bikano Namkeen Mix 150g,C01,Bikano,150g,EA,2019-04-01,9999-12-31,True
2160,P108118,English Oven Pav Bun 400g,C11,English Oven,400g,EA,2019-04-01,9999-12-31,True
2161,P108125,Safal Onion Loose,C12,Safal,Loose,KG,2019-04-01,9999-12-31,True
2162,P108131,Nandini Butter 1L,C02,Nandini,1L,EA,2019-04-01,9999-12-31,True
2163,P108135,Daawat Toor Dal 5kg,C04,Daawat,5kg,EA,2019-04-01,9999-12-31,True
2164,P108144,iD Fresh Ready Paratha 200g,C10,iD Fresh,200g,EA,2019-04-01,9999-12-31,True
2165,P108149,Fortune Basmati Rice 10kg,C04,Fortune,10kg,EA,2019-04-01,9999-12-31,True
2166,P108159,Aashirvaad Chana Dal 1kg,C04,Aashirvaad,1kg,EA,2019-04-01,9999-12-31,True
2167,P108162,Everest Garam Masala 500g,C06,Everest,500g,EA,2019-04-01,9999-12-31,True
2168,P108174,Eastern Garam Masala 500g,C06,Eastern,500g,EA,2019-04-01,9999-12-31,True
2169,P108179,Cello A4 Paper Ream 500 sheets,C14,Cello,500 sheets,EA,2019-04-01,9999-12-31,True
2170,P108186,Cello A4 Paper Ream 1 pc,C14,Cello,1 pc,EA,2019-04-01,9999-12-31,True
2171,P108191,Catch Turmeric Powder 200g,C06,Catch,200g,EA,2019-04-01,9999-12-31,True
2172,P108200,McCain Frozen Peas 200g,C10,McCain,200g,EA,2019-04-01,9999-12-31,True
2173,P108206,Daawat Poha 10kg,C04,Daawat,10kg,EA,2019-04-01,2024-05-31,False
2174,P108216,English Oven Rusk 400g,C11,English Oven,400g,EA,2019-04-01,9999-12-31,True
2175,P108221,Unibic Namkeen Mix 150g,C01,Unibic,150g,EA,2019-04-01,9999-12-31,True
2176,P108227,Daawat Toor Dal 5kg,C04,Daawat,5kg,EA,2019-04-01,9999-12-31,True
2177,P108234,Sunfeast Marie Gold 60g,C01,Sunfeast,60g,EA,2019-04-01,9999-12-31,True
2178,P108239,Cadbury Milk Chocolate 50g,C13,Cadbury,50g,EA,2019-04-01,9999-12-31,True
2179,P108247,Comfort Detergent Powder 200g,C08,Comfort,200g,EA,2019-04-01,9999-12-31,True
2180,P108258,Anmol Cream Biscuit 250g,C01,Anmol,250g,EA,2019-04-01,9999-12-31,True
2181,P108262,Patanjali Face Wash 180ml,C07,Patanjali,180ml,EA,2019-04-01,9999-12-31,True
2182,P108272,McCain Idli Batter 400g,C10,McCain,400g,EA,2019-04-01,9999-12-31,True
2183,P108275,Mamaearth Bathing Soap 340ml,C07,Mamaearth,340ml,EA,2019-04-01,9999-12-31,True
2184,P108282,Nandini Cheese Slices 1L,C02,Nandini,1L,EA,2019-04-01,9999-12-31,True
2185,P108292,Farm Fresh Apple 1kg,C12,Farm Fresh,1kg,KG,2019-04-01,9999-12-31,True
2186,P108300,Patanjali Bathing Soap 100g,C07,Patanjali,100g,EA,2019-04-01,9999-12-31,True
2187,P108302,Sundrop Groundnut Oil 2L,C05,Sundrop,2L,EA,2019-04-01,9999-12-31,True
2188,P108313,ITC Master Chef Frozen Peas 1kg,C10,ITC Master Chef,1kg,EA,2019-04-01,9999-12-31,True
2189,P108319,Sundrop Mustard Oil 5L,C05,Sundrop,5L,EA,2019-04-01,9999-12-31,True
2190,P108326,Classmate Ball Pen 1 pc,C14,Classmate,1 pc,EA,2019-04-01,9999-12-31,True
2191,P108335,Farm Fresh Onion 500g,C12,Farm Fresh,500g,KG,2019-04-01,9999-12-31,True
2192,P108338,Amul Choco Chewing Gum 25g,C13,Amul Choco,25g,EA,2019-04-01,9999-12-31,True
2193,P108346,Milky Mist Ghee 200ml,C02,Milky Mist,200ml,EA,2019-04-01,9999-12-31,True
2194,P108356,Camlin Pencil Box Pack of 5,C14,Camlin,Pack of 5,EA,2019-04-01,9999-12-31,True
2195,P108361,India Gate Chana Dal 10kg,C04,India Gate,10kg,EA,2019-04-01,9999-12-31,True
2196,P108369,Paper Boat Mineral Water 1L,C03,Paper Boat,1L,EA,2019-04-01,9999-12-31,True
2197,P108374,Fortune Toor Dal 5kg,C04,Fortune,5kg,EA,2019-04-01,9999-12-31,True
2198,P108379,Sumeru Frozen Peas 1kg,C10,Sumeru,1kg,EA,2019-04-01,9999-12-31,True
2199,P108389,Gold Winner Sunflower Oil 1L,C05,Gold Winner,1L,EA,2019-04-01,9999-12-31,True
2200,P108397,Sumeru Ready Paratha 400g,C10,Sumeru,400g,EA,2019-04-01,9999-12-31,True
2201,P102931,Safal Tomato Loose,C12,Safal,Loose,EA,2024-06-01,9999-12-31,True
2202,P105860,Sundrop Rice Bran Oil 2L,C05,Sundrop,2L,EA,2024-06-01,9999-12-31,True
2203,P102738,McCain Ready Paratha 1kg,C10,McCain,1kg,EA,2024-06-01,9999-12-31,True
2204,P105413,Nataraj Notebook Pack of 5,C14,Nataraj,Pack of 5,EA,2024-06-01,9999-12-31,True
2205,P100784,Camlin A4 Paper Ream Pack of 5,C14,Camlin,Pack of 5,EA,2024-06-01,9999-12-31,True
2206,P101359,Amul Choco Chewing Gum 50g,C13,Amul Choco,50g,EA,2024-06-01,9999-12-31,True
2207,P102042,Pampers Diapers Medium,C09,Pampers,Medium,EA,2024-06-01,9999-12-31,True
2208,P101004,Mother Dairy Cheese Slices 500g,C02,Mother Dairy,500g,EA,2024-06-01,9999-12-31,True
2209,P102409,Real Instant Coffee 500g,C03,Real,500g,EA,2024-06-01,9999-12-31,True
2210,P107903,Sunfeast Marie Gold 100g,C01,Sunfeast,100g,EA,2024-06-01,9999-12-31,True
2211,P105092,Colgate Shampoo 340ml,C07,Colgate,340ml,EA,2024-06-01,9999-12-31,True
2212,P102184,Surf Excel Floor Cleaner 500ml,C08,Surf Excel,500ml,EA,2024-06-01,9999-12-31,True
2213,P100621,Cadbury Chewing Gum 50g,C13,Cadbury,50g,EA,2024-06-01,9999-12-31,True
2214,P104112,Catch Chilli Powder 200g,C06,Catch,200g,EA,2024-06-01,9999-12-31,True
2215,P104708,Mother Dairy Curd 500ml,C02,Mother Dairy,500ml,EA,2024-06-01,9999-12-31,True
2216,P104725,Dove Toothpaste 100g,C07,Dove,100g,EA,2024-06-01,9999-12-31,True
2217,P108206,Local Mandi Apple 1kg,C12,Local Mandi,1kg,EA,2024-06-01,9999-12-31,True
2218,P105562,Vim Fabric Conditioner 500ml,C08,Vim,500ml,EA,2024-06-01,9999-12-31,True
2219,P106399,Modern Muffin 6 pc,C11,Modern,6 pc,EA,2024-06-01,9999-12-31,True
2220,P102845,Aachi Coriander Powder 50g,C06,Aachi,50g,EA,2024-06-01,9999-12-31,True
2221,P107072,Farm Fresh Onion 1kg,C12,Farm Fresh,1kg,EA,2024-06-01,9999-12-31,True
2222,P106009,Camlin Notebook Pack of 5,C14,Camlin,Pack of 5,EA,2024-06-01,9999-12-31,True
2223,P102549,Farm Fresh Carrot 1kg,C12,Farm Fresh,1kg,EA,2024-06-01,9999-12-31,True
2224,P107826,iD Fresh Ready Paratha 400g,C10,iD Fresh,400g,EA,2024-06-01,9999-12-31,True
