threshold,label,survives,candidate_count
0.3,same,False,10021
0.3,different,True,11314
0.3,same,True,8126
0.3,different,True,8945
0.3,different,True,9769
0.3,different,True,8311
0.3,different,True,10203
0.3,different,True,10493
0.3,same,True,11345
0.3,same,True,10816
0.3,same,True,10585
0.3,different,True,7188
0.3,different,True,10962
0.3,different,True,7825
0.3,different,True,11135
0.3,same,True,11836
0.3,different,False,9096
0.3,same,True,10937
0.3,different,True,9999
0.3,different,False,11160
0.3,different,True,10124
0.3,same,True,10979
0.3,different,True,11879
0.3,different,True,8238
0.3,same,True,10548
0.3,different,True,10485
0.3,different,True,10709
0.3,different,True,10770
0.3,different,True,11294
0.3,different,True,11374
0.3,different,True,11948
0.3,different,False,10061
0.3,different,True,6729
0.3,different,True,11454
0.3,different,True,10194
0.3,same,True,11917
0.3,different,True,11319
0.3,same,True,11877
0.3,different,True,9972
0.3,different,False,10397
0.3,same,True,11070
0.3,different,True,11945
0.3,different,True,6106
0.3,same,True,8016
0.3,different,True,10806
0.3,same,False,10511
0.3,different,True,11151
0.3,different,True,11349
0.3,different,True,11611
0.3,same,True,11867
0.3,same,True,9788
0.3,different,True,11898
0.3,different,True,7441
0.3,different,True,8929
0.3,different,True,9355
0.3,same,True,11592
0.3,same,True,11084
0.3,same,True,11957
0.3,different,True,9966
0.3,different,True,8679
0.3,same,True,9217
0.3,different,True,10054
0.3,different,False,10487
0.3,different,True,11942
0.3,different,True,11214
0.3,different,True,7914
0.3,same,True,10551
0.3,different,True,11258
0.3,different,True,9594
0.3,same,True,11113
0.3,different,True,11507
0.3,same,True,10821
0.3,different,True,10662
0.3,different,True,11521
0.3,different,True,9976
0.3,different,True,9063
0.3,different,False,7304
0.3,different,True,8495
0.3,different,True,10050
0.3,same,True,10329
0.3,different,True,10517
0.3,same,True,10530
0.3,different,True,8606
0.3,same,True,10776
0.3,different,True,9709
0.3,same,True,11343
0.3,different,True,11951
0.3,different,True,8552
0.3,same,True,10218
0.3,different,True,10307
0.3,same,True,11382
0.3,same,True,10226
0.3,same,True,10389
0.3,different,True,11285
0.3,different,True,11374
0.3,different,True,7276
0.3,different,True,9193
0.3,different,True,11217
0.3,different,True,10424
0.3,different,True,11887
0.3,different,True,9315
0.3,different,True,9656
0.3,different,False,10789
0.3,different,False,8795
0.3,different,True,11297
0.3,different,True,9287
0.3,same,True,11555
0.3,different,True,9535
0.3,same,True,11124
0.3,different,True,11918
0.3,different,True,11446
0.3,different,True,11373
0.3,different,True,8090
0.3,different,True,11947
0.3,different,False,11258
0.3,same,True,6523
0.3,different,True,7716
0.3,same,True,10999
0.3,same,True,11502
0.3,different,False,10622
0.3,different,True,10238
0.3,same,True,10505
0.3,different,True,11948
0.3,different,True,10831
0.3,different,False,10008
0.3,same,True,8160
0.3,same,True,11652
0.3,same,True,10788
0.3,same,True,10711
0.3,different,True,11264
0.3,different,True,11634
0.3,different,False,8116
0.3,same,True,11281
0.3,same,True,7698
0.3,different,True,10558
0.3,different,True,11913
0.3,same,True,11955
0.3,different,True,9452
0.3,different,True,11479
0.3,same,True,10975
0.3,different,True,10145
0.3,different,True,7500
0.3,different,False,6902
0.3,same,True,11801
0.3,different,False,10343
0.3,different,True,11307
0.3,different,True,10913
0.3,different,True,9412
0.3,different,True,11271
0.3,different,False,10640
0.3,different,True,10865
0.3,different,True,11168
0.3,different,True,11096
0.3,different,True,10621
0.3,different,True,11475
0.3,different,True,8934
0.3,different,False,10896
0.3,different,True,7786
0.3,different,True,11329
0.3,different,True,11165
0.3,different,True,11910
0.3,different,False,5572
0.3,same,True,8070
0.3,different,True,11208
0.3,same,True,11300
0.3,different,True,11035
0.3,different,True,10411
0.3,different,True,9100
0.3,different,True,8151
0.3,different,True,10326
0.3,different,True,10963
0.3,same,True,10824
0.3,different,True,8598
0.3,different,False,7377
0.3,different,True,11610
0.3,same,True,11528
0.3,different,True,7265
0.3,same,False,11230
0.3,same,True,8875
0.3,different,True,10579
0.3,different,True,9972
0.3,different,False,7193
0.3,different,False,10256
0.3,different,True,10546
0.3,same,True,11941
0.3,different,True,11881
0.3,different,True,10477
0.3,different,True,10258
0.3,different,True,11801
0.3,different,True,11299
0.3,different,True,11771
0.3,different,True,10161
0.3,different,True,11321
0.3,different,True,8204
0.3,different,True,11284
0.3,same,True,11604
0.3,same,True,11494
0.3,different,True,11855
0.3,different,True,11878
0.3,different,True,10959
0.3,different,False,9185
0.3,different,True,10468
0.3,same,True,10843
0.3,different,False,10268
0.3,different,True,8471
0.3,different,True,11890
0.3,different,False,10296
0.3,different,True,11889
0.3,same,True,11242
0.3,different,True,9574
0.3,same,True,8297
0.3,different,True,11039
0.3,different,True,9585
0.3,same,True,10703
0.3,different,True,11314
0.3,different,True,10358
0.3,different,False,6273
0.3,same,True,11200
0.3,different,False,8123
0.3,different,True,7545
0.3,different,True,10604
0.3,same,True,9873
0.3,different,True,11774
0.3,same,True,10993
0.3,different,True,8191
0.3,different,False,8942
0.3,different,True,11906
0.3,different,True,9432
0.3,same,True,8072
0.3,different,True,11070
0.3,different,True,9404
0.3,different,True,7883
0.3,different,True,6657
0.3,different,True,8875
0.3,different,True,11440
0.3,different,True,9070
0.3,different,True,10717
0.3,different,True,11434
0.3,different,True,9355
0.3,same,True,11579
0.3,same,True,10732
0.3,different,True,11595
0.3,different,False,6713
0.3,same,True,11312
0.3,different,True,11324
0.3,different,True,11355
0.3,different,True,11873
0.3,different,False,10576
0.3,same,True,9323
0.3,different,True,11575
0.3,different,False,10368
0.3,different,True,11243
0.3,same,True,11156
0.3,different,True,11563
0.3,same,True,11645
0.3,same,True,10775
0.3,different,True,10567
0.3,different,True,11369
0.3,different,True,11114
0.3,different,False,8318
0.3,different,True,10913
0.3,different,True,11897
0.3,different,True,11369
0.3,different,True,11681
0.3,different,True,10289
0.3,different,False,9186
0.3,different,True,5836
0.3,different,True,11046
0.3,same,True,11340
0.3,same,True,11468
0.3,different,True,10740
0.3,different,True,8311
0.3,same,True,11266
0.3,same,True,10521
0.3,different,True,10427
0.3,different,True,10834
0.3,same,True,11478
0.3,different,True,10330
0.3,same,True,10713
0.3,different,True,11017
0.3,same,True,9765
0.3,same,True,11911
0.3,same,True,10863
0.3,different,False,9422
0.3,same,True,10064
0.3,different,True,11720
0.3,different,True,11717
0.3,different,True,11274
0.3,different,False,7823
0.3,different,True,10347
0.3,same,True,11406
0.3,same,True,11232
0.3,same,True,10568
0.3,different,True,10636
0.3,different,True,10669
0.3,different,True,9034
0.3,same,True,11891
0.3,different,False,10806
0.3,different,True,10346
0.3,same,True,10488
0.3,different,True,10532
0.3,different,True,11166
0.3,different,True,10919
0.3,different,True,10399
0.3,different,True,9489
0.3,different,True,10198
0.3,same,True,10728
0.3,different,True,11939
0.3,different,True,11317
0.3,same,True,9892
0.3,different,True,10644
0.3,same,True,11927
0.3,same,True,11087
0.3,same,True,10517
0.3,same,True,11202
0.3,same,True,9094
0.3,different,True,10945
0.3,different,True,8308
0.3,different,True,9461
0.3,different,True,10916
0.3,different,False,7796
0.3,different,False,10409
0.3,different,True,11387
0.3,different,True,9853
0.3,different,False,7718
0.3,different,True,8117
0.3,different,False,9848
0.3,different,True,11460
0.3,different,False,7458
0.3,same,True,9193
0.3,same,True,10528
0.3,different,True,11280
0.3,same,True,11778
0.3,different,True,10715
0.3,same,True,10989
0.3,same,True,11079
0.3,different,True,7475
0.3,different,False,10553
0.3,different,True,6723
0.3,different,True,9581
0.3,same,True,11395
0.3,different,True,11047
0.3,same,True,10910
0.3,different,True,10593
0.3,different,True,11206
0.3,same,True,10377
0.3,same,True,11141
0.3,same,True,11271
0.3,different,True,11566
0.3,same,True,11846
0.3,different,True,10184
0.3,same,True,11179
0.3,different,False,6790
0.3,same,True,11912
0.3,same,True,8037
0.3,same,True,10891
0.3,different,False,10046
0.3,same,True,11095
0.3,different,True,10628
0.3,different,True,10486
0.3,same,True,9562
0.3,same,True,11946
0.3,different,True,9841
0.3,different,True,11715
0.3,different,True,10546
0.3,different,True,10270
0.3,same,True,10184
0.3,different,True,10318
0.3,different,True,8929
0.3,same,True,11951
0.3,different,True,9431
0.3,same,True,5685
0.3,different,True,10475
0.3,different,True,10165
0.3,different,False,8352
0.3,same,True,11318
0.3,different,True,6941
0.3,different,True,11381
0.3,different,True,10275
0.3,same,True,10216
0.3,different,True,11303
0.3,different,True,8534
0.3,different,True,10365
0.3,different,True,10605
0.3,different,False,11729
0.3,different,True,11868
0.3,different,True,11036
0.3,different,True,9789
0.3,different,False,10619
0.3,different,False,8041
0.3,different,True,11297
0.3,same,True,10389
0.3,different,False,8059
0.3,different,False,7436
0.3,different,True,10742
0.3,same,True,11150
0.3,different,True,10892
0.3,different,True,11017
0.3,different,True,11503
0.3,same,True,11519
0.3,different,True,11143
0.3,different,True,11262
0.3,different,True,11516
0.3,different,True,11432
0.3,different,True,11478
0.3,different,True,11783
0.3,different,True,8041
0.3,different,True,10305
0.3,different,True,11140
0.3,same,True,11852
0.3,same,True,11382
0.3,different,True,11259
0.3,different,True,11327
0.3,different,True,11461
0.3,different,True,11461
0.3,same,True,11354
0.3,different,True,7256
0.3,different,True,11387
0.3,same,True,9335
0.3,different,True,7610
0.3,different,True,8847
0.3,same,True,11484
0.3,different,False,8979
0.3,different,True,7485
0.3,different,True,11462
0.3,different,True,10521
0.3,different,True,8249
0.3,different,True,8726
0.3,different,True,8346
0.3,different,True,10533
0.3,different,True,10235
0.3,different,False,8502
0.3,different,True,10428
0.3,different,True,8529
0.3,different,True,10607
0.3,same,True,11015
0.3,same,True,10788
0.3,different,True,11439
0.3,different,True,10486
0.3,same,True,11900
0.3,different,True,10206
0.3,same,True,9979
0.3,same,True,9535
0.3,different,True,10948
0.3,different,True,10359
0.3,different,False,9958
0.3,same,True,11917
0.3,different,True,10471
0.3,same,False,10620
0.3,same,True,9792
0.3,different,True,11349
0.3,same,True,11076
0.3,different,True,10478
0.3,same,True,10661
0.3,different,True,9938
0.3,different,True,11445
0.3,different,True,10932
0.3,same,True,10845
0.3,different,True,8256
0.3,same,True,11112
0.3,different,True,11122
0.3,different,True,10411
0.3,same,True,11591
0.3,same,True,5758
0.3,different,True,10357
0.3,same,True,11068
0.3,different,True,11130
0.3,same,True,6896
0.3,same,True,11139
0.3,same,True,11679
0.3,different,True,10347
0.3,different,True,9432
0.3,same,True,11928
0.3,different,True,10085
0.3,different,False,5761
0.3,different,True,9616
0.3,same,True,10817
0.3,different,True,11271
0.3,different,True,10341
0.3,different,True,10318
0.3,different,True,10519
0.3,different,True,10839
0.3,different,True,11326
0.3,different,True,7545
0.3,different,True,10415
0.3,same,True,10105
0.3,different,True,9366
0.3,same,True,10443
0.3,same,True,10443
0.3,different,True,8603
0.3,different,True,8875
0.3,same,True,11942
0.3,different,True,11563
0.3,different,True,11058
0.3,different,True,11236
0.3,different,True,7812
0.3,different,True,9800
0.3,same,True,11138
0.3,same,True,11911
0.3,same,False,7716
0.3,different,True,6259
0.3,different,True,11227
0.3,same,True,10888
0.3,different,True,8122
0.3,different,True,11886
0.3,different,False,8474
0.3,different,True,11047
0.3,different,True,10502
0.3,same,True,11950
0.3,different,True,9003
0.3,same,True,8414
0.3,same,True,11247
0.3,same,True,11953
0.3,different,True,9393
0.3,different,True,11219
0.3,different,True,6557
0.3,different,True,11358
0.3,different,True,10914
0.3,different,True,10543
0.3,different,True,10186
0.3,same,True,11519
0.3,different,True,5572
0.3,same,True,11295
0.3,different,True,11868
0.3,different,True,5600
0.3,different,True,10022
0.3,different,True,11892
0.3,different,True,8496
0.3,different,True,10255
0.3,different,True,10107
0.3,different,True,11784
0.3,different,False,10428
0.3,different,False,8733
0.3,different,True,11543
0.3,same,True,11358
0.3,same,True,10500
0.3,different,True,11143
0.3,same,True,11838
0.3,different,True,11454
0.3,different,False,9581
0.3,same,True,11904
0.3,different,False,10238
0.3,different,True,11260
0.3,different,False,10281
0.3,same,True,10692
0.3,different,True,11259
0.3,different,True,11550
0.3,same,True,10284
0.3,same,True,11311
0.3,same,True,10566
0.3,different,True,7504
0.3,different,True,11939
0.3,different,True,10707
0.3,different,True,10273
0.3,same,True,11615
0.3,same,True,11597
0.3,same,True,11519
0.3,same,True,10276
0.3,same,True,11013
0.3,different,True,10709
0.3,different,True,10679
0.3,same,True,11106
0.3,different,True,10476
0.3,same,True,7846
0.3,different,True,11172
0.3,same,True,11249
0.3,same,False,5950
0.3,different,True,9759
0.3,same,True,11402
0.3,different,True,11545
0.3,different,True,10674
0.3,same,True,10091
0.3,different,True,11318
0.3,different,True,11394
0.3,same,True,11676
0.3,same,True,7724
0.3,different,True,11151
0.3,different,True,8807
0.3,same,True,8900
0.3,same,True,10152
0.3,different,False,10578
0.3,same,True,11480
0.3,different,False,9383
0.3,different,False,10696
0.3,same,True,11480
0.3,different,True,10682
0.3,same,True,10537
0.3,different,True,10824
0.3,different,True,10310
0.3,same,True,10537
0.3,different,True,11378
0.3,different,True,9966
0.3,different,True,11691
0.3,different,True,10073
0.3,same,True,8696
0.3,different,True,9871
0.3,different,True,10419
0.3,same,True,11331
0.3,same,True,10699
0.3,different,False,7440
0.3,different,True,8811
0.3,same,True,11397
0.3,different,True,11894
0.3,same,True,11652
0.3,same,True,10353
0.3,different,True,11684
0.3,same,True,11911
0.3,same,True,8278
0.3,different,True,11351
0.3,same,True,7921
0.3,different,True,8061
0.3,same,False,7177
0.3,different,True,10300
0.3,different,True,10823
0.3,different,True,11329
0.3,same,True,11066
0.3,different,False,7975
0.3,same,True,8341
0.3,different,True,10664
0.3,same,True,7697
0.3,different,True,11677
0.3,different,True,11242
0.3,different,True,10881
0.3,different,True,9635
0.3,different,True,8282
0.3,different,True,11213
0.3,same,True,11312
0.3,same,True,11297
0.3,different,True,10791
0.3,different,True,9226
0.3,different,True,11897
0.3,different,True,11885
0.3,different,True,11951
0.3,different,True,11376
0.3,different,True,6561
0.3,different,False,10284
0.3,different,True,10574
0.3,same,True,11498
0.3,different,True,9928
0.3,different,True,10504
0.3,different,True,10952
0.3,different,True,9811
0.3,different,True,9762
0.3,different,True,10117
0.3,different,True,11852
0.3,different,True,11143
0.3,different,True,7921
0.3,different,False,11305
0.3,same,True,10261
0.3,different,True,11013
0.3,same,True,11943
0.3,same,True,10831
0.3,different,True,11324
0.3,different,True,9158
0.3,different,True,10693
0.3,different,True,9704
0.3,different,True,9546
0.3,different,True,6671
0.3,different,True,11270
0.3,different,True,11461
0.3,different,True,10842
0.3,different,True,10520
0.3,different,True,11369
0.3,different,True,6443
0.3,different,True,10028
0.3,same,True,11363
0.3,different,True,10318
0.3,same,True,9749
0.3,same,True,11520
0.3,same,True,10560
0.3,different,False,10169
0.3,different,True,10164
0.3,different,True,11134
0.3,same,True,11341
0.3,different,True,11451
0.3,different,True,10539
0.3,different,False,5563
0.3,different,True,11630
0.3,same,True,11963
0.3,same,True,7263
0.3,different,True,10785
0.3,same,True,11324
0.3,different,True,8433
0.3,different,False,10008
0.3,different,True,10544
0.3,different,True,11908
0.3,different,True,11904
0.3,different,True,11436
0.3,same,True,10523
0.3,same,True,10359
0.3,different,False,10684
0.3,different,False,10349
0.3,different,True,10745
0.3,same,True,8743
0.3,different,True,10145
0.3,different,False,11189
0.3,different,True,10279
0.3,same,True,10973
0.3,different,True,10673
0.3,different,True,6886
0.3,different,True,9311
0.3,different,True,11498
0.3,same,True,11882
0.3,different,True,11570
0.3,same,True,8555
0.3,different,True,8297
0.3,same,True,11324
0.3,same,True,11619
0.3,different,True,11416
0.3,different,True,11946
0.3,same,True,7743
0.3,different,True,11945
0.3,same,True,11923
0.3,different,True,10091
0.3,different,True,10805
0.3,different,True,11133
0.3,different,True,11472
0.3,same,True,11204
0.3,same,True,11631
0.3,different,True,7587
0.3,different,True,10995
0.3,different,True,10764
0.3,different,True,10499
0.3,different,False,9851
0.3,different,True,9226
0.3,different,True,11801
0.3,same,True,10112
0.3,different,True,11404
0.3,different,True,11108
0.3,different,True,10725
0.3,same,False,6151
0.3,different,True,11272
0.3,different,True,11202
0.3,same,True,10651
0.3,different,True,11744
0.3,different,True,10922
0.3,same,True,10091
0.3,different,True,5637
0.3,same,True,11908
0.3,different,True,10424
0.3,same,True,11929
0.3,different,True,11373
0.3,different,False,7638
0.3,different,True,9861
0.3,different,True,10745
0.3,different,True,11151
0.3,different,True,11478
0.3,different,True,9888
0.3,same,True,10977
0.3,different,True,11198
0.3,different,True,11766
0.3,different,True,10856
0.3,same,True,11905
0.3,same,True,11226
0.3,different,True,11766
0.3,same,True,11248
0.3,different,True,11079
0.3,different,True,10361
0.3,different,True,11324
0.3,different,True,11028
0.3,same,True,11216
0.3,different,False,9954
0.3,different,False,6844
0.3,different,True,10703
0.3,same,True,11507
0.3,different,True,10847
0.3,different,True,9705
0.3,same,True,11950
0.3,different,True,10001
0.3,different,True,10168
0.3,same,True,10822
0.3,same,True,6671
0.3,same,True,11466
0.3,same,True,11612
0.3,same,True,11876
0.3,different,True,2339
0.3,different,True,9605
0.3,different,True,11300
0.3,different,True,11830
0.3,different,True,6337
0.3,different,True,10707
0.3,different,True,10312
0.3,different,True,10993
0.3,different,True,10433
0.3,different,True,9833
0.3,different,True,10404
0.3,different,True,11251
0.3,same,True,7631
0.3,same,True,10604
0.3,different,True,11664
0.3,same,True,10598
0.3,different,True,9500
0.3,different,True,10313
0.3,different,True,11684
0.3,different,True,10952
0.3,different,True,11332
0.3,same,True,11066
0.3,same,True,6646
0.3,different,True,5650
0.3,same,True,10674
0.3,different,True,11211
0.3,different,False,9668
0.3,different,True,10911
0.3,different,True,10539
0.3,different,True,11259
0.3,same,True,11800
0.3,different,True,11611
0.3,different,True,11710
0.3,different,True,11395
0.3,same,True,10832
0.3,same,True,11379
0.3,different,True,11245
0.3,different,False,6790
0.3,same,True,10657
0.3,different,False,7551
0.3,same,True,11652
0.3,same,True,9015
0.3,different,True,8262
0.3,different,True,11420
0.3,different,True,9485
0.3,different,False,9031
0.3,same,True,11946
0.3,same,True,10863
0.3,different,True,10676
0.3,different,True,9151
0.3,same,True,10368
0.3,different,True,10168
0.3,same,True,10651
0.3,different,True,11878
0.3,different,True,11430
0.3,different,True,11906
0.3,different,True,10419
0.3,same,True,10486
0.3,different,True,11180
0.3,same,True,10614
0.3,same,True,10538
0.3,different,True,10503
0.3,different,True,10115
0.3,different,True,10475
0.3,different,True,11724
0.3,different,True,11200
0.3,different,True,8445
0.3,different,True,11156
0.3,different,True,11521
0.3,different,True,10885
0.3,different,True,10533
0.3,different,True,10790
0.3,different,True,11955
0.3,different,True,11106
0.3,different,True,10570
0.3,same,True,11336
0.3,different,True,10749
0.3,same,True,10249
0.3,same,True,11242
0.3,different,True,11885
0.3,different,True,11934
0.3,same,True,11897
0.3,different,False,7131
0.3,different,False,9141
0.3,different,True,11367
0.3,different,True,11175
0.3,same,True,10933
0.3,different,True,11321
0.3,different,True,7191
0.3,same,True,10118
0.3,different,True,9828
0.3,same,True,10112
0.3,same,True,11314
0.3,same,True,7985
0.3,different,True,10737
0.3,different,False,8088
0.3,different,False,5939
0.3,same,True,11877
0.3,different,True,11034
0.3,different,True,11669
0.3,same,True,11219
0.3,same,True,10557
0.3,different,True,11071
0.3,same,True,11265
0.3,different,True,11587
0.3,different,True,10411
0.3,different,True,10557
0.3,same,True,10947
0.3,same,True,9871
0.3,different,True,10564
0.3,different,True,10268
0.3,different,True,11722
0.3,different,True,11889
0.3,different,False,7587
0.3,different,True,10443
0.3,different,True,10979
0.3,same,True,10828
0.3,different,True,11221
0.3,different,True,10650
0.3,same,True,11650
0.3,different,True,10404
0.3,different,True,8781
0.3,different,True,11403
0.3,same,True,11960
0.3,same,True,11559
0.4,same,False,7744
0.4,different,False,9843
0.4,same,False,5517
0.4,different,False,3355
0.4,different,True,8241
0.4,different,True,5830
0.4,different,True,6584
0.4,different,False,6692
0.4,same,True,10439
0.4,same,True,6639
0.4,same,True,7806
0.4,different,True,2810
0.4,different,True,6554
0.4,different,False,6304
0.4,different,True,7433
0.4,same,True,9407
0.4,different,False,5723
0.4,same,True,6644
0.4,different,True,6710
0.4,different,False,8661
0.4,different,False,4934
0.4,same,True,8892
0.4,different,True,9755
0.4,different,False,3190
0.4,same,True,6443
0.4,different,True,8126
0.4,different,True,7654
0.4,different,True,9510
0.4,different,True,9478
0.4,different,True,10489
0.4,different,True,10267
0.4,different,False,7585
0.4,different,False,3082
0.4,different,True,7296
0.4,different,False,6251
0.4,same,True,8849
0.4,different,False,7804
0.4,same,True,8881
0.4,different,True,6109
0.4,different,False,7560
0.4,same,True,9520
0.4,different,True,10608
0.4,different,True,2641
0.4,same,False,1188
0.4,different,True,8427
0.4,same,False,8296
0.4,different,True,7325
0.4,different,True,10335
0.4,different,True,8936
0.4,same,True,8640
0.4,same,True,4767
0.4,different,True,8467
0.4,different,False,3201
0.4,different,False,6487
0.4,different,True,6397
0.4,same,True,8820
0.4,same,True,8917
0.4,same,True,10414
0.4,different,True,6998
0.4,different,True,6546
0.4,same,True,5168
0.4,different,True,4958
0.4,different,False,8011
0.4,different,True,10097
0.4,different,True,8915
0.4,different,True,6451
0.4,same,False,7884
0.4,different,True,10256
0.4,different,True,6975
0.4,same,True,8946
0.4,different,True,10364
0.4,same,True,8779
0.4,different,True,8466
0.4,different,True,10609
0.4,different,True,6277
0.4,different,True,6386
0.4,different,False,4830
0.4,different,True,5673
0.4,different,True,8355
0.4,same,True,5949
0.4,different,True,7139
0.4,same,True,8557
0.4,different,False,3088
0.4,same,True,9106
0.4,different,True,6471
0.4,same,True,8799
0.4,different,False,10521
0.4,different,True,6145
0.4,same,True,7194
0.4,different,True,8193
0.4,same,True,8944
0.4,same,True,7353
0.4,same,True,5546
0.4,different,True,9900
0.4,different,True,9577
0.4,different,True,3473
0.4,different,True,7375
0.4,different,False,3144
0.4,different,False,4822
0.4,different,True,9959
0.4,different,True,3358
0.4,different,True,7505
0.4,different,False,7401
0.4,different,False,4917
0.4,different,True,7088
0.4,different,False,3818
0.4,same,True,8302
0.4,different,True,7577
0.4,same,True,8680
0.4,different,True,10574
0.4,different,True,10180
0.4,different,True,10042
0.4,different,True,5792
0.4,different,True,10281
0.4,different,False,9400
0.4,same,False,2634
0.4,different,True,6321
0.4,same,True,8307
0.4,same,True,10698
0.4,different,False,7304
0.4,different,True,7346
0.4,same,False,8755
0.4,different,False,9721
0.4,different,True,7195
0.4,different,False,3769
0.4,same,True,5494
0.4,same,True,9212
0.4,same,True,8927
0.4,same,True,9414
0.4,different,True,9300
0.4,different,True,6178
0.4,different,False,5100
0.4,same,True,8262
0.4,same,True,3452
0.4,different,True,8376
0.4,different,True,8754
0.4,same,True,10277
0.4,different,True,7878
0.4,different,True,9303
0.4,same,True,8604
0.4,different,False,7176
0.4,different,True,2913
0.4,different,False,3482
0.4,same,True,7864
0.4,different,False,8084
0.4,different,True,9936
0.4,different,True,8775
0.4,different,True,5051
0.4,different,False,6313
0.4,different,False,7041
0.4,different,True,7475
0.4,different,True,10005
0.4,different,False,7254
0.4,different,True,8414
0.4,different,True,7169
0.4,different,True,6581
0.4,different,False,8738
0.4,different,True,5581
0.4,different,True,9338
0.4,different,True,8929
0.4,different,True,9600
0.4,different,False,2442
0.4,same,True,5581
0.4,different,True,9343
0.4,same,True,8822
0.4,different,True,9409
0.4,different,True,7331
0.4,different,True,6692
0.4,different,True,3232
0.4,different,True,3302
0.4,different,True,8744
0.4,same,True,9151
0.4,different,True,3692
0.4,different,False,6142
0.4,different,True,8531
0.4,same,True,7302
0.4,different,True,6338
0.4,same,False,6753
0.4,same,True,4970
0.4,different,True,7698
0.4,different,True,6100
0.4,different,False,6401
0.4,different,False,6756
0.4,different,True,7562
0.4,same,True,10583
0.4,different,False,7156
0.4,different,True,8352
0.4,different,True,6184
0.4,different,True,6482
0.4,different,True,8757
0.4,different,True,8155
0.4,different,True,7910
0.4,different,True,8966
0.4,different,True,5683
0.4,different,True,10239
0.4,same,True,8949
0.4,same,True,10481
0.4,different,False,9402
0.4,different,True,10010
0.4,different,True,9450
0.4,different,False,7439
0.4,different,True,8609
0.4,same,True,6006
0.4,different,False,6443
0.4,different,True,6102
0.4,different,True,8054
0.4,different,False,8793
0.4,different,True,8811
0.4,same,True,7872
0.4,different,True,5131
0.4,same,True,2549
0.4,different,True,7890
0.4,different,False,6751
0.4,same,True,8819
0.4,different,True,9843
0.4,different,True,4665
0.4,different,False,2622
0.4,same,True,7352
0.4,different,False,2449
0.4,different,False,3603
0.4,different,True,3726
0.4,same,True,8506
0.4,different,False,8059
0.4,same,True,8431
0.4,different,True,4855
0.4,different,False,5072
0.4,different,True,6862
0.4,different,False,5014
0.4,same,True,5522
0.4,different,False,8772
0.4,different,True,7580
0.4,different,True,5539
0.4,different,True,2879
0.4,different,True,6520
0.4,different,True,10076
0.4,different,True,5446
0.4,different,True,8463
0.4,different,True,9766
0.4,different,True,6397
0.4,same,True,10356
0.4,same,True,9383
0.4,different,True,10037
0.4,different,False,2926
0.4,same,True,9529
0.4,different,False,8413
0.4,different,True,10478
0.4,different,True,8564
0.4,different,False,6737
0.4,same,True,5228
0.4,different,False,7455
0.4,different,False,7959
0.4,different,True,8726
0.4,same,False,9421
0.4,different,True,8674
0.4,same,True,8705
0.4,same,False,6305
0.4,different,True,8851
0.4,different,True,9221
0.4,different,False,8494
0.4,different,False,6573
0.4,different,False,8027
0.4,different,True,9675
0.4,different,True,6351
0.4,different,True,8725
0.4,different,True,8056
0.4,different,False,4446
0.4,different,False,2670
0.4,different,True,9206
0.4,same,True,9643
0.4,same,True,8596
0.4,different,False,6604
0.4,different,True,6355
0.4,same,True,8932
0.4,same,True,7870
0.4,different,False,6089
0.4,different,True,8398
0.4,same,True,7258
0.4,different,False,8272
0.4,same,True,8512
0.4,different,True,7968
0.4,same,True,6394
0.4,same,True,10584
0.4,same,True,9906
0.4,different,False,5750
0.4,same,True,8358
0.4,different,True,8890
0.4,different,False,3760
0.4,different,False,8756
0.4,different,False,2985
0.4,different,True,8310
0.4,same,True,9944
0.4,same,True,9655
0.4,same,True,7605
0.4,different,False,8174
0.4,different,True,8651
0.4,different,True,6123
0.4,same,False,9721
0.4,different,False,8427
0.4,different,True,7888
0.4,same,False,6250
0.4,different,False,8095
0.4,different,False,7694
0.4,different,True,9300
0.4,different,True,5413
0.4,different,False,3529
0.4,different,True,5822
0.4,same,True,6368
0.4,different,True,9853
0.4,different,True,6809
0.4,same,True,5490
0.4,different,True,8079
0.4,same,True,10118
0.4,same,False,8886
0.4,same,False,5625
0.4,same,True,10206
0.4,same,True,7317
0.4,different,True,9797
0.4,different,True,5538
0.4,different,True,5917
0.4,different,True,9164
0.4,different,False,6258
0.4,different,False,3100
0.4,different,True,9648
0.4,different,True,6485
0.4,different,False,6198
0.4,different,True,5713
0.4,different,False,3455
0.4,different,True,9501
0.4,different,False,6237
0.4,same,True,7375
0.4,same,True,7496
0.4,different,True,10335
0.4,same,True,7963
0.4,different,True,6812
0.4,same,True,7857
0.4,same,True,10491
0.4,different,False,3740
0.4,different,True,6637
0.4,different,False,2712
0.4,different,False,3779
0.4,same,True,10693
0.4,different,True,5707
0.4,same,True,7654
0.4,different,True,8655
0.4,different,False,8451
0.4,same,True,7726
0.4,same,True,9433
0.4,same,True,8758
0.4,different,True,10259
0.4,same,True,8601
0.4,different,True,8076
0.4,same,True,7748
0.4,different,False,6236
0.4,same,True,10437
0.4,same,True,5452
0.4,same,True,8774
0.4,different,False,6480
0.4,same,True,9323
0.4,different,True,8971
0.4,different,True,7962
0.4,same,True,3478
0.4,same,True,9913
0.4,different,True,6610
0.4,different,False,7400
0.4,different,True,7649
0.4,different,True,7240
0.4,same,True,7015
0.4,different,True,6456
0.4,different,True,6426
0.4,same,True,10322
0.4,different,False,6488
0.4,same,True,1480
0.4,different,False,7603
0.4,different,True,7134
0.4,different,False,3953
0.4,same,True,9078
0.4,different,True,2652
0.4,different,True,6803
0.4,different,True,7949
0.4,same,True,8291
0.4,different,False,9329
0.4,different,True,5970
0.4,different,True,8184
0.4,different,True,7978
0.4,different,False,6133
0.4,different,True,8763
0.4,different,True,8714
0.4,different,True,7526
0.4,different,False,7461
0.4,different,False,3069
0.4,different,True,9299
0.4,same,True,6986
0.4,different,False,3532
0.4,different,False,6227
0.4,different,True,8411
0.4,same,True,8831
0.4,different,True,8648
0.4,different,True,7997
0.4,different,True,8374
0.4,same,True,10330
0.4,different,True,9609
0.4,different,True,9942
0.4,different,True,10110
0.4,different,True,5099
0.4,different,True,7258
0.4,different,True,7296
0.4,different,True,3069
0.4,different,False,6195
0.4,different,True,8850
0.4,same,True,7775
0.4,same,True,10046
0.4,different,True,10221
0.4,different,False,9241
0.4,different,False,8837
0.4,different,True,8938
0.4,same,True,9957
0.4,different,False,3239
0.4,different,True,10083
0.4,same,True,3831
0.4,different,True,6284
0.4,different,True,6183
0.4,same,True,9141
0.4,different,False,6374
0.4,different,True,6249
0.4,different,True,9901
0.4,different,True,7870
0.4,different,False,5563
0.4,different,True,6210
0.4,different,True,5436
0.4,different,True,8753
0.4,different,False,8415
0.4,different,False,6317
0.4,different,False,6559
0.4,different,True,1605
0.4,different,True,9005
0.4,same,True,8722
0.4,same,True,7508
0.4,different,True,8077
0.4,different,True,6343
0.4,same,False,8686
0.4,different,False,7072
0.4,same,True,7444
0.4,same,True,5009
0.4,different,True,7038
0.4,different,True,8421
0.4,different,False,6334
0.4,same,True,9895
0.4,different,False,6552
0.4,same,False,9552
0.4,same,True,6328
0.4,different,True,10181
0.4,same,True,6532
0.4,different,True,8536
0.4,same,True,7047
0.4,different,False,7798
0.4,different,True,5623
0.4,different,True,9231
0.4,same,True,9835
0.4,different,True,5824
0.4,same,True,9358
0.4,different,True,9705
0.4,different,True,8367
0.4,same,True,8744
0.4,same,True,3452
0.4,different,True,8806
0.4,same,True,10111
0.4,different,True,7234
0.4,same,False,6306
0.4,same,True,8785
0.4,same,True,9098
0.4,different,True,8310
0.4,different,True,5014
0.4,same,True,9735
0.4,different,False,5789
0.4,different,False,2492
0.4,different,False,6354
0.4,same,True,7281
0.4,different,False,8374
0.4,different,True,6932
0.4,different,True,6291
0.4,different,True,7082
0.4,different,True,7383
0.4,different,True,8341
0.4,different,True,3603
0.4,different,True,7599
0.4,same,True,5938
0.4,different,False,3749
0.4,same,True,6638
0.4,same,True,5440
0.4,different,True,6300
0.4,different,True,6520
0.4,same,True,10395
0.4,different,True,8674
0.4,different,True,8077
0.4,different,True,8876
0.4,different,True,5509
0.4,different,True,7044
0.4,same,True,7956
0.4,same,True,10503
0.4,same,False,5663
0.4,different,False,3045
0.4,different,True,9458
0.4,same,True,9461
0.4,different,True,5732
0.4,different,True,9381
0.4,different,False,3815
0.4,different,False,5707
0.4,different,True,8634
0.4,same,True,9763
0.4,different,True,4962
0.4,same,True,6543
0.4,same,True,8734
0.4,same,True,10840
0.4,different,True,3538
0.4,different,True,9149
0.4,different,True,3472
0.4,different,False,9532
0.4,different,True,9536
0.4,different,True,6868
0.4,different,True,4840
0.4,same,True,10612
0.4,different,True,2442
0.4,same,True,10230
0.4,different,True,9545
0.4,different,True,2544
0.4,different,True,6359
0.4,different,True,9097
0.4,different,True,3982
0.4,different,True,8729
0.4,different,False,7977
0.4,different,True,7879
0.4,different,False,8605
0.4,different,False,6524
0.4,different,True,10235
0.4,same,True,8321
0.4,same,True,8476
0.4,different,True,9609
0.4,same,True,9375
0.4,different,True,7006
0.4,different,False,3779
0.4,same,False,10396
0.4,different,False,8631
0.4,different,True,9699
0.4,different,False,8177
0.4,same,True,9009
0.4,different,True,10221
0.4,different,True,8927
0.4,same,True,6599
0.4,same,True,10205
0.4,same,True,7599
0.4,different,True,6163
0.4,different,True,9978
0.4,different,True,8482
0.4,different,True,4488
0.4,same,True,7657
0.4,same,True,9239
0.4,same,True,10612
0.4,same,True,7205
0.4,same,True,9243
0.4,different,False,7654
0.4,different,True,7972
0.4,same,True,9834
0.4,different,True,8292
0.4,same,False,6367
0.4,different,True,9700
0.4,same,True,7683
0.4,same,False,2520
0.4,different,True,6988
0.4,same,True,10783
0.4,different,True,8837
0.4,different,True,7855
0.4,same,True,8379
0.4,different,True,9170
0.4,different,True,7344
0.4,same,True,9368
0.4,same,False,6317
0.4,different,True,7260
0.4,different,False,5928
0.4,same,True,6590
0.4,same,True,6609
0.4,different,False,8288
0.4,same,True,9663
0.4,different,False,4820
0.4,different,False,7344
0.4,same,True,5956
0.4,different,True,7054
0.4,same,True,7168
0.4,different,False,5270
0.4,different,True,7184
0.4,same,True,8675
0.4,different,True,9271
0.4,different,True,7588
0.4,different,True,6583
0.4,different,True,7021
0.4,same,True,5806
0.4,different,False,7626
0.4,different,True,8039
0.4,same,True,10589
0.4,same,True,7843
0.4,different,False,6300
0.4,different,True,5856
0.4,same,True,6627
0.4,different,True,9170
0.4,same,True,8758
0.4,same,True,7252
0.4,different,True,8956
0.4,same,True,9605
0.4,same,False,6364
0.4,different,True,6288
0.4,same,True,2894
0.4,different,False,3417
0.4,same,False,5594
0.4,different,False,9528
0.4,different,True,5953
0.4,different,True,10231
0.4,same,True,9174
0.4,different,False,3029
0.4,same,True,5016
0.4,different,False,4334
0.4,same,True,2932
0.4,different,True,7362
0.4,different,True,6595
0.4,different,True,7267
0.4,different,True,6525
0.4,different,True,6456
0.4,different,True,9247
0.4,same,True,9890
0.4,same,True,9336
0.4,different,True,8114
0.4,different,True,6374
0.4,different,False,8977
0.4,different,True,8080
0.4,different,True,10261
0.4,different,True,8091
0.4,different,False,2995
0.4,different,False,6599
0.4,different,False,6365
0.4,same,True,10463
0.4,different,True,7308
0.4,different,True,8656
0.4,different,True,9059
0.4,different,True,6538
0.4,different,True,4825
0.4,different,True,4582
0.4,different,False,9674
0.4,different,True,9609
0.4,different,True,2894
0.4,different,False,9480
0.4,same,True,8375
0.4,different,True,9243
0.4,same,True,9726
0.4,same,True,7195
0.4,different,True,9367
0.4,different,True,5917
0.4,different,False,6729
0.4,different,True,6031
0.4,different,True,6447
0.4,different,True,2691
0.4,different,False,8861
0.4,different,False,5826
0.4,different,False,7477
0.4,different,True,9044
0.4,different,True,6351
0.4,different,True,3084
0.4,different,False,7715
0.4,same,True,7205
0.4,different,True,6291
0.4,same,True,6951
0.4,same,True,7207
0.4,same,True,7713
0.4,different,False,7248
0.4,different,False,5823
0.4,different,True,8744
0.4,same,True,9881
0.4,different,False,10205
0.4,different,True,7047
0.4,different,False,2493
0.4,different,True,10058
0.4,same,True,10333
0.4,same,False,3083
0.4,different,True,10029
0.4,same,True,10065
0.4,different,True,6218
0.4,different,True,7924
0.4,different,False,8643
0.4,different,True,9311
0.4,different,True,8637
0.4,different,True,10459
0.4,same,True,7624
0.4,same,True,8421
0.4,different,False,8136
0.4,different,False,7190
0.4,different,False,8310
0.4,same,True,6666
0.4,different,True,7176
0.4,different,False,7829
0.4,different,True,7892
0.4,same,True,7737
0.4,different,True,7325
0.4,different,True,4286
0.4,different,True,6593
0.4,different,False,8458
0.4,same,True,9334
0.4,different,False,7041
0.4,same,False,5918
0.4,different,True,2549
0.4,same,True,9810
0.4,same,True,8674
0.4,different,True,4683
0.4,different,True,10106
0.4,same,True,6378
0.4,different,True,10421
0.4,same,True,8839
0.4,different,True,7443
0.4,different,False,7738
0.4,different,True,8219
0.4,different,True,8883
0.4,same,True,9887
0.4,same,True,7923
0.4,different,False,4984
0.4,different,True,5544
0.4,different,True,7847
0.4,different,False,5493
0.4,different,False,6659
0.4,different,False,6374
0.4,different,False,6482
0.4,same,True,5656
0.4,different,True,9016
0.4,different,True,7134
0.4,different,True,6926
0.4,same,False,2863
0.4,different,True,8865
0.4,different,True,9240
0.4,same,False,7133
0.4,different,False,7769
0.4,different,True,8631
0.4,same,True,7443
0.4,different,True,2433
0.4,same,True,9556
0.4,different,False,7865
0.4,same,True,9449
0.4,different,False,7343
0.4,different,False,6091
0.4,different,True,6706
0.4,different,True,8310
0.4,different,True,7325
0.4,different,True,9083
0.4,different,True,7919
0.4,same,True,6886
0.4,different,True,9596
0.4,different,False,8105
0.4,different,True,8017
0.4,same,True,9830
0.4,same,True,10209
0.4,different,False,8105
0.4,same,True,10550
0.4,different,True,8180
0.4,different,True,7427
0.4,different,True,10334
0.4,different,True,9905
0.4,same,True,9299
0.4,different,False,7410
0.4,different,False,2631
0.4,different,True,8819
0.4,same,True,10169
0.4,different,True,8804
0.4,different,True,4671
0.4,same,True,9071
0.4,different,False,7967
0.4,different,True,7900
0.4,same,True,6781
0.4,same,True,2691
0.4,same,True,10433
0.4,same,True,7312
0.4,same,True,5210
0.4,different,True,745
0.4,different,True,5029
0.4,different,True,10558
0.4,different,True,8424
0.4,different,True,1455
0.4,different,True,8482
0.4,different,True,8089
0.4,different,True,8431
0.4,different,True,6286
0.4,different,True,5817
0.4,different,False,6361
0.4,different,True,8382
0.4,same,True,2535
0.4,same,True,3726
0.4,different,True,8981
0.4,same,False,7930
0.4,different,True,6523
0.4,different,True,7976
0.4,different,True,9001
0.4,different,True,9074
0.4,different,True,9053
0.4,same,True,8193
0.4,same,True,3930
0.4,different,True,2488
0.4,same,True,7855
0.4,different,True,9284
0.4,different,False,3477
0.4,different,True,8466
0.4,different,True,7047
0.4,different,True,9507
0.4,same,False,8232
0.4,different,True,8446
0.4,different,True,7466
0.4,different,True,10221
0.4,same,True,7824
0.4,same,True,6454
0.4,different,False,10718
0.4,different,False,6236
0.4,same,False,6346
0.4,different,True,4318
0.4,same,True,8758
0.4,same,True,6352
0.4,different,True,5749
0.4,different,True,10292
0.4,different,False,3021
0.4,different,False,3924
0.4,same,True,10695
0.4,same,True,7721
0.4,different,True,9494
0.4,different,True,6010
0.4,same,True,6735
0.4,different,True,7900
0.4,same,True,9359
0.4,different,True,9761
0.4,different,True,10017
0.4,different,False,9496
0.4,different,False,8039
0.4,same,True,9313
0.4,different,True,9025
0.4,same,True,7101
0.4,same,True,10080
0.4,different,True,7263
0.4,different,False,7592
0.4,different,True,4886
0.4,different,True,7668
0.4,different,True,7352
0.4,different,True,5939
0.4,different,True,9581
0.4,different,False,9858
0.4,different,True,8534
0.4,different,True,8753
0.4,different,True,8211
0.4,different,True,10629
0.4,different,True,9676
0.4,different,True,8052
0.4,same,True,10022
0.4,different,False,7153
0.4,same,True,8892
0.4,same,True,8903
0.4,different,True,10001
0.4,different,True,8992
0.4,same,True,9819
0.4,different,False,6328
0.4,different,False,6615
0.4,different,True,10174
0.4,different,True,9668
0.4,same,True,7696
0.4,different,True,9800
0.4,different,True,3717
0.4,same,True,6476
0.4,different,True,7500
0.4,same,True,6288
0.4,same,True,9843
0.4,same,True,4496
0.4,different,True,8346
0.4,different,False,6569
0.4,different,False,2549
0.4,same,True,10034
0.4,different,True,8732
0.4,different,False,7256
0.4,same,True,10469
0.4,same,True,9555
0.4,different,True,7673
0.4,same,True,8300
0.4,different,True,8791
0.4,different,True,8367
0.4,different,True,6093
0.4,same,True,7878
0.4,same,True,7995
0.4,different,True,7493
0.4,different,True,6443
0.4,different,True,9320
0.4,different,False,8336
0.4,different,False,4984
0.4,different,True,8688
0.4,different,True,9656
0.4,same,True,7027
0.4,different,True,6690
0.4,different,True,8438
0.4,same,True,9015
0.4,different,True,7915
0.4,different,True,5717
0.4,different,False,7657
0.4,same,True,10647
0.4,same,True,9169
0.5,same,False,5925
0.5,different,False,5608
0.5,same,False,1520
0.5,different,False,2795
0.5,different,False,2968
0.5,different,False,1523
0.5,different,True,5252
0.5,different,False,2314
0.5,same,True,7435
0.5,same,False,5853
0.5,same,False,5905
0.5,different,True,2511
0.5,different,True,2845
0.5,different,False,1932
0.5,different,True,2796
0.5,same,True,2785
0.5,different,False,3467
0.5,same,True,3580
0.5,different,True,5240
0.5,different,False,2826
0.5,different,False,2340
0.5,same,True,7474
0.5,different,True,5867
0.5,different,False,2664
0.5,same,True,3529
0.5,different,True,6037
0.5,different,True,3534
0.5,different,False,7520
0.5,different,True,6162
0.5,different,True,7259
0.5,different,True,7383
0.5,different,False,2622
0.5,different,False,2621
0.5,different,True,4736
0.5,different,False,4165
0.5,same,True,5865
0.5,different,False,2915
0.5,same,True,5207
0.5,different,True,3317
0.5,different,False,2850
0.5,same,True,3466
0.5,different,True,7084
0.5,different,True,2388
0.5,same,False,495
0.5,different,True,6290
0.5,same,False,6217
0.5,different,True,4791
0.5,different,True,7581
0.5,different,True,5820
0.5,same,True,5591
0.5,same,True,1760
0.5,different,True,6571
0.5,different,False,2560
0.5,different,False,2261
0.5,different,True,2079
0.5,same,True,6606
0.5,same,True,4513
0.5,same,True,6104
0.5,different,True,2339
0.5,different,True,2436
0.5,same,True,2790
0.5,different,True,3163
0.5,different,False,5897
0.5,different,True,7024
0.5,different,False,6438
0.5,different,False,2126
0.5,same,False,4362
0.5,different,True,4832
0.5,different,True,3215
0.5,same,True,3348
0.5,different,True,7632
0.5,same,True,5957
0.5,different,True,5970
0.5,different,True,6951
0.5,different,False,2402
0.5,different,True,2140
0.5,different,False,2747
0.5,different,True,1527
0.5,different,False,6457
0.5,same,True,5274
0.5,different,True,3970
0.5,same,True,5324
0.5,different,False,2073
0.5,same,True,5296
0.5,different,False,2481
0.5,same,True,5297
0.5,different,False,7323
0.5,different,True,1988
0.5,same,False,2722
0.5,different,False,4654
0.5,same,True,6707
0.5,same,True,3611
0.5,same,True,2788
0.5,different,True,6013
0.5,different,True,6257
0.5,different,True,2798
0.5,different,True,2799
0.5,different,False,4476
0.5,different,False,2380
0.5,different,False,5790
0.5,different,True,2657
0.5,different,True,3638
0.5,different,False,2598
0.5,different,False,3722
0.5,different,False,5858
0.5,different,False,3064
0.5,same,True,3240
0.5,different,True,6252
0.5,same,True,7277
0.5,different,True,5073
0.5,different,True,6637
0.5,different,True,6308
0.5,different,True,1559
0.5,different,True,7558
0.5,different,False,4041
0.5,same,False,2287
0.5,different,True,2071
0.5,same,True,6581
0.5,same,True,7711
0.5,different,False,2589
0.5,different,True,5627
0.5,same,False,6548
0.5,different,True,7375
0.5,different,True,2926
0.5,different,False,2637
0.5,same,False,1515
0.5,same,True,5960
0.5,same,True,6996
0.5,same,True,5539
0.5,different,True,5863
0.5,different,True,5002
0.5,different,False,2996
0.5,same,True,3671
0.5,same,True,2482
0.5,different,True,4583
0.5,different,True,6140
0.5,same,True,6446
0.5,different,True,4390
0.5,different,True,6300
0.5,same,True,3773
0.5,different,True,5348
0.5,different,True,2559
0.5,different,False,2553
0.5,same,True,6145
0.5,different,False,6225
0.5,different,False,6082
0.5,different,False,4055
0.5,different,True,2677
0.5,different,False,2263
0.5,different,False,4048
0.5,different,False,5003
0.5,different,False,4481
0.5,different,True,2734
0.5,different,True,6715
0.5,different,True,3927
0.5,different,True,2730
0.5,different,False,3589
0.5,different,True,1528
0.5,different,True,6000
0.5,different,True,5032
0.5,different,True,5399
0.5,different,False,2307
0.5,same,True,3939
0.5,different,True,7389
0.5,same,True,6486
0.5,different,False,5808
0.5,different,True,3513
0.5,different,True,1843
0.5,different,True,2950
0.5,different,True,2206
0.5,different,True,6266
0.5,same,True,3769
0.5,different,True,3141
0.5,different,False,2039
0.5,different,True,6042
0.5,same,True,3072
0.5,different,True,2021
0.5,same,False,4981
0.5,same,True,2347
0.5,different,True,6184
0.5,different,False,2461
0.5,different,False,2256
0.5,different,False,2723
0.5,different,True,2481
0.5,same,True,7277
0.5,different,False,5521
0.5,different,True,3792
0.5,different,True,4253
0.5,different,True,3937
0.5,different,True,7107
0.5,different,False,3816
0.5,different,True,3641
0.5,different,True,5583
0.5,different,False,791
0.5,different,True,6222
0.5,same,True,2964
0.5,same,True,6273
0.5,different,False,2908
0.5,different,True,6452
0.5,different,True,6049
0.5,different,False,6032
0.5,different,True,6080
0.5,same,True,3316
0.5,different,False,2229
0.5,different,False,2034
0.5,different,True,3464
0.5,different,False,3041
0.5,different,True,7152
0.5,same,True,4915
0.5,different,True,1540
0.5,same,True,2345
0.5,different,False,4018
0.5,different,False,2412
0.5,same,True,6626
0.5,different,True,5608
0.5,different,True,2750
0.5,different,False,2431
0.5,same,True,6240
0.5,different,False,2249
0.5,different,False,3451
0.5,different,True,2426
0.5,same,True,3765
0.5,different,False,2503
0.5,same,True,2929
0.5,different,True,2757
0.5,different,False,3570
0.5,different,True,4639
0.5,different,False,3589
0.5,same,False,2628
0.5,different,False,5603
0.5,different,True,3855
0.5,different,True,1493
0.5,different,True,2344
0.5,different,True,819
0.5,different,True,6296
0.5,different,True,3386
0.5,different,False,3105
0.5,different,False,5235
0.5,different,True,2079
0.5,same,False,7777
0.5,same,True,4664
0.5,different,True,5656
0.5,different,False,2497
0.5,same,True,6262
0.5,different,False,6536
0.5,different,True,7463
0.5,different,False,2977
0.5,different,False,2474
0.5,same,True,3909
0.5,different,False,4815
0.5,different,False,3038
0.5,different,True,5459
0.5,same,False,5448
0.5,different,False,6721
0.5,same,True,5568
0.5,same,False,3003
0.5,different,True,3429
0.5,different,True,6246
0.5,different,False,5442
0.5,different,False,2299
0.5,different,True,3890
0.5,different,False,7632
0.5,different,True,2382
0.5,different,True,7216
0.5,different,True,6022
0.5,different,False,2674
0.5,different,False,2381
0.5,different,False,4574
0.5,same,True,6917
0.5,same,True,5485
0.5,different,False,2431
0.5,different,True,2110
0.5,same,True,5348
0.5,same,True,5873
0.5,different,False,2503
0.5,different,False,6475
0.5,same,True,3915
0.5,different,False,6195
0.5,same,True,6591
0.5,different,True,5269
0.5,same,True,5030
0.5,same,True,7615
0.5,same,True,5722
0.5,different,False,2752
0.5,same,True,4118
0.5,different,True,6688
0.5,different,False,2302
0.5,different,False,6407
0.5,different,False,1626
0.5,different,True,6442
0.5,same,True,7051
0.5,same,True,5560
0.5,same,True,5000
0.5,different,False,2476
0.5,different,True,6966
0.5,different,False,1918
0.5,same,False,6116
0.5,different,False,6290
0.5,different,True,2766
0.5,same,False,2214
0.5,different,False,5950
0.5,different,False,5296
0.5,different,True,7641
0.5,different,True,4234
0.5,different,False,2688
0.5,different,True,3171
0.5,same,True,5015
0.5,different,True,5783
0.5,different,True,2666
0.5,same,True,2418
0.5,different,True,6228
0.5,same,True,6562
0.5,same,False,7207
0.5,same,False,3095
0.5,same,True,6797
0.5,same,True,5487
0.5,different,True,6019
0.5,different,True,1522
0.5,different,True,3299
0.5,different,True,7422
0.5,different,False,1979
0.5,different,False,2236
0.5,different,True,5950
0.5,different,True,4052
0.5,different,False,1896
0.5,different,True,2678
0.5,different,False,2157
0.5,different,True,7594
0.5,different,False,1870
0.5,same,True,2799
0.5,same,True,5816
0.5,different,True,6729
0.5,same,True,1963
0.5,different,False,2425
0.5,same,True,5889
0.5,same,True,6535
0.5,different,False,2614
0.5,different,True,3977
0.5,different,False,2323
0.5,different,False,2818
0.5,same,True,8470
0.5,different,True,4261
0.5,same,True,2682
0.5,different,True,6347
0.5,different,False,5666
0.5,same,True,6317
0.5,same,True,7242
0.5,same,True,6675
0.5,different,False,6157
0.5,same,True,5817
0.5,different,True,4696
0.5,same,True,5471
0.5,different,False,2245
0.5,same,True,7395
0.5,same,False,1538
0.5,same,True,6108
0.5,different,False,2005
0.5,same,True,6023
0.5,different,True,4461
0.5,different,False,5180
0.5,same,True,2884
0.5,same,True,6748
0.5,different,True,2257
0.5,different,False,2194
0.5,different,True,6202
0.5,different,True,3205
0.5,same,True,3265
0.5,different,True,2243
0.5,different,True,4600
0.5,same,True,6559
0.5,different,False,2122
0.5,same,False,406
0.5,different,False,3749
0.5,different,True,2394
0.5,different,False,2450
0.5,same,True,7402
0.5,different,True,2369
0.5,different,True,2914
0.5,different,True,5774
0.5,same,True,4952
0.5,different,True,5922
0.5,different,True,1538
0.5,different,False,2744
0.5,different,True,2434
0.5,different,False,2815
0.5,different,True,4111
0.5,different,True,6674
0.5,different,True,5819
0.5,different,False,5349
0.5,different,False,2336
0.5,different,True,7624
0.5,same,True,2699
0.5,different,False,3427
0.5,different,False,1890
0.5,different,False,3097
0.5,same,True,5855
0.5,different,True,3533
0.5,different,True,5214
0.5,different,True,6015
0.5,same,True,7659
0.5,different,True,6346
0.5,different,True,7021
0.5,different,False,7877
0.5,different,False,2897
0.5,different,True,3915
0.5,different,True,5214
0.5,different,True,2336
0.5,different,False,4873
0.5,different,True,4547
0.5,same,True,3377
0.5,same,True,7188
0.5,different,True,8523
0.5,different,False,5735
0.5,different,False,6023
0.5,different,False,6069
0.5,same,True,7296
0.5,different,False,3005
0.5,different,True,7679
0.5,same,True,3646
0.5,different,True,1871
0.5,different,True,2127
0.5,same,False,6286
0.5,different,False,2001
0.5,different,True,1908
0.5,different,True,5531
0.5,different,True,5873
0.5,different,False,1514
0.5,different,True,5229
0.5,different,True,3025
0.5,different,True,6297
0.5,different,False,5067
0.5,different,False,2283
0.5,different,False,2388
0.5,different,False,601
0.5,different,False,7281
0.5,same,True,5943
0.5,same,True,5861
0.5,different,False,5261
0.5,different,True,2756
0.5,same,False,6842
0.5,different,False,2668
0.5,same,True,3016
0.5,same,True,3178
0.5,different,True,2436
0.5,different,True,4441
0.5,different,False,5301
0.5,same,False,7420
0.5,different,False,2400
0.5,same,False,6894
0.5,same,False,2901
0.5,different,True,7183
0.5,same,True,5055
0.5,different,True,6623
0.5,same,True,2405
0.5,different,False,3598
0.5,different,False,3360
0.5,different,True,5410
0.5,same,True,5419
0.5,different,True,1536
0.5,same,True,6073
0.5,different,True,7595
0.5,different,True,6468
0.5,same,True,6943
0.5,same,True,2530
0.5,different,True,6541
0.5,same,True,8312
0.5,different,True,4923
0.5,same,False,1887
0.5,same,True,6173
0.5,same,True,7295
0.5,different,True,6442
0.5,different,True,3589
0.5,same,True,5467
0.5,different,False,3204
0.5,different,False,2321
0.5,different,False,2488
0.5,same,True,5422
0.5,different,False,5029
0.5,different,True,2366
0.5,different,True,3815
0.5,different,True,2665
0.5,different,True,4409
0.5,different,True,6747
0.5,different,True,3451
0.5,different,True,2752
0.5,same,True,1786
0.5,different,False,2809
0.5,same,False,2214
0.5,same,True,3621
0.5,different,True,2078
0.5,different,True,819
0.5,same,False,7494
0.5,different,True,6721
0.5,different,True,5834
0.5,different,True,7475
0.5,different,True,1532
0.5,different,True,3306
0.5,same,True,4488
0.5,same,True,5758
0.5,same,False,1524
0.5,different,False,2097
0.5,different,True,5648
0.5,same,True,7295
0.5,different,True,2670
0.5,different,False,4694
0.5,different,False,3175
0.5,different,False,4261
0.5,different,False,5115
0.5,same,True,7115
0.5,different,True,4850
0.5,same,False,2283
0.5,same,True,5203
0.5,same,True,8091
0.5,different,True,2422
0.5,different,True,6672
0.5,different,True,2442
0.5,different,False,4528
0.5,different,True,3387
0.5,different,True,3445
0.5,different,True,2655
0.5,same,True,6972
0.5,different,True,2307
0.5,same,True,6303
0.5,different,False,3412
0.5,different,True,2323
0.5,different,True,5358
0.5,different,True,7723
0.5,different,True,2527
0.5,different,False,3089
0.5,different,False,6084
0.5,different,False,3033
0.5,different,False,6203
0.5,different,False,2351
0.5,different,True,7851
0.5,same,True,5769
0.5,same,True,6713
0.5,different,False,6346
0.5,same,True,4264
0.5,different,True,4142
0.5,different,False,2818
0.5,same,False,7104
0.5,different,False,3777
0.5,different,True,6737
0.5,different,False,6440
0.5,same,True,7202
0.5,different,True,8523
0.5,different,True,6912
0.5,same,True,2102
0.5,same,True,6377
0.5,same,True,5219
0.5,different,True,2091
0.5,different,True,6381
0.5,different,False,6617
0.5,different,True,3680
0.5,same,True,6004
0.5,same,True,4509
0.5,same,True,6972
0.5,same,True,5062
0.5,same,False,3441
0.5,different,False,3534
0.5,different,True,5275
0.5,same,True,7274
0.5,different,True,6116
0.5,same,False,1995
0.5,different,False,3769
0.5,same,True,3031
0.5,same,False,2348
0.5,different,True,2633
0.5,same,True,7946
0.5,different,True,6699
0.5,different,True,2485
0.5,same,True,4347
0.5,different,True,5399
0.5,different,True,5222
0.5,same,True,7770
0.5,same,False,1907
0.5,different,False,4695
0.5,different,False,3996
0.5,same,True,2651
0.5,same,True,2553
0.5,different,False,4478
0.5,same,True,6892
0.5,different,False,3739
0.5,different,False,3438
0.5,same,True,3682
0.5,different,True,2483
0.5,same,True,5491
0.5,different,False,2316
0.5,different,True,5372
0.5,same,True,5544
0.5,different,True,5743
0.5,different,True,3137
0.5,different,True,2445
0.5,different,True,5337
0.5,same,True,4363
0.5,different,False,5709
0.5,different,True,6329
0.5,same,True,7634
0.5,same,True,4051
0.5,different,False,2041
0.5,different,True,1642
0.5,same,True,2794
0.5,different,True,5750
0.5,same,True,3963
0.5,same,True,4743
0.5,different,True,7444
0.5,same,True,6663
0.5,same,False,2131
0.5,different,False,2131
0.5,same,False,1645
0.5,different,False,2449
0.5,same,False,1523
0.5,different,True,6779
0.5,different,True,6003
0.5,different,True,7540
0.5,same,False,4273
0.5,different,False,2886
0.5,same,True,1154
0.5,different,False,5269
0.5,same,True,2339
0.5,different,True,5391
0.5,different,False,2435
0.5,different,True,5161
0.5,different,True,2376
0.5,different,True,2256
0.5,different,True,3864
0.5,same,True,7700
0.5,same,True,4619
0.5,different,True,3089
0.5,different,True,2543
0.5,different,False,6213
0.5,different,False,2797
0.5,different,True,7216
0.5,different,True,6413
0.5,different,False,2457
0.5,different,False,2102
0.5,different,False,5014
0.5,same,True,7716
0.5,different,True,5827
0.5,different,True,6747
0.5,different,True,6595
0.5,different,False,3532
0.5,different,True,3624
0.5,different,True,2659
0.5,different,False,5423
0.5,different,True,6346
0.5,different,False,1645
0.5,different,False,6234
0.5,same,True,6434
0.5,different,True,3441
0.5,same,True,6626
0.5,same,True,2926
0.5,different,True,6820
0.5,different,True,2787
0.5,different,False,3185
0.5,different,True,4247
0.5,different,True,4666
0.5,different,True,2329
0.5,different,False,6724
0.5,different,False,2264
0.5,different,False,5286
0.5,different,True,4030
0.5,different,True,2382
0.5,different,True,2610
0.5,different,False,6144
0.5,same,True,5178
0.5,different,True,3815
0.5,same,True,2640
0.5,same,True,2698
0.5,same,True,5703
0.5,different,False,5229
0.5,different,False,2953
0.5,different,False,5686
0.5,same,True,7757
0.5,different,False,6297
0.5,different,True,4735
0.5,different,False,2334
0.5,different,True,7507
0.5,same,False,7858
0.5,same,False,2765
0.5,different,True,8137
0.5,same,True,7316
0.5,different,True,1972
0.5,different,True,6381
0.5,different,False,5636
0.5,different,False,6257
0.5,different,True,3642
0.5,different,False,6849
0.5,same,True,3841
0.5,same,True,4441
0.5,different,False,3180
0.5,different,False,5692
0.5,different,False,2406
0.5,same,True,2462
0.5,different,False,5348
0.5,different,False,5279
0.5,different,True,6467
0.5,same,True,3837
0.5,different,True,3158
0.5,different,False,2711
0.5,different,True,4730
0.5,different,False,6286
0.5,same,True,6172
0.5,different,False,2703
0.5,same,False,1743
0.5,different,True,2345
0.5,same,True,3653
0.5,same,True,6562
0.5,different,True,2214
0.5,different,True,6656
0.5,same,False,2144
0.5,different,False,7327
0.5,same,True,6742
0.5,different,True,3912
0.5,different,False,5686
0.5,different,False,6452
0.5,different,True,3950
0.5,same,True,6625
0.5,same,True,5709
0.5,different,False,3078
0.5,different,False,2653
0.5,different,False,2848
0.5,different,False,3101
0.5,different,False,2260
0.5,different,False,2543
0.5,different,False,3937
0.5,same,True,3624
0.5,different,True,6714
0.5,different,True,5472
0.5,different,True,5161
0.5,same,False,2370
0.5,different,True,2865
0.5,different,True,3239
0.5,same,False,2360
0.5,different,False,5141
0.5,different,True,3723
0.5,same,True,3912
0.5,different,True,2314
0.5,same,True,5030
0.5,different,False,3629
0.5,same,True,5838
0.5,different,False,5747
0.5,different,False,1652
0.5,different,True,5647
0.5,different,True,2406
0.5,different,True,4791
0.5,different,True,5470
0.5,different,False,2848
0.5,same,True,3396
0.5,different,True,3938
0.5,different,False,5217
0.5,different,True,2874
0.5,same,True,8065
0.5,same,True,6291
0.5,different,False,5217
0.5,same,False,7928
0.5,different,False,5458
0.5,different,True,6039
0.5,different,True,7423
0.5,different,False,5779
0.5,same,True,4725
0.5,different,False,2785
0.5,different,False,2349
0.5,different,True,6626
0.5,same,False,7685
0.5,different,True,6285
0.5,different,True,1969
0.5,same,True,5892
0.5,different,False,4494
0.5,different,True,6213
0.5,same,True,2205
0.5,same,False,2329
0.5,same,True,7131
0.5,same,False,5417
0.5,same,True,5030
0.5,different,True,513
0.5,different,False,2742
0.5,different,True,7615
0.5,different,True,3123
0.5,different,True,459
0.5,different,True,6617
0.5,different,True,6476
0.5,different,False,2929
0.5,different,True,5204
0.5,different,True,1646
0.5,different,False,2196
0.5,different,True,7412
0.5,same,True,2244
0.5,same,True,2426
0.5,different,True,7627
0.5,same,False,5795
0.5,different,False,2182
0.5,different,True,5755
0.5,different,True,7505
0.5,different,True,5220
0.5,different,True,6626
0.5,same,True,3933
0.5,same,True,2799
0.5,different,True,2063
0.5,same,True,2485
0.5,different,True,4468
0.5,different,False,2171
0.5,different,True,4418
0.5,different,True,4735
0.5,different,False,3515
0.5,same,False,6981
0.5,different,True,5936
0.5,different,True,2867
0.5,different,True,7534
0.5,same,True,6555
0.5,same,True,2588
0.5,different,False,8317
0.5,different,False,2245
0.5,same,False,2113
0.5,different,False,2513
0.5,same,True,3963
0.5,same,False,1965
0.5,different,True,1554
0.5,different,False,6995
0.5,different,False,2008
0.5,different,False,2320
0.5,same,True,8171
0.5,same,True,3078
0.5,different,True,7398
0.5,different,True,4419
0.5,same,True,2218
0.5,different,True,6213
0.5,same,True,7509
0.5,different,True,5863
0.5,different,True,7488
0.5,different,False,6325
0.5,different,True,6329
0.5,same,True,5660
0.5,different,True,5594
0.5,same,False,5375
0.5,same,True,5632
0.5,different,False,4720
0.5,different,False,4442
0.5,different,True,3596
0.5,different,True,2986
0.5,different,False,6240
0.5,different,False,1028
0.5,different,True,6409
0.5,different,False,5912
0.5,different,False,6329
0.5,different,True,6297
0.5,different,True,6713
0.5,different,False,7500
0.5,different,False,4353
0.5,different,False,6183
0.5,same,False,5254
0.5,different,False,3205
0.5,same,True,4480
0.5,same,True,7233
0.5,different,True,6255
0.5,different,True,5215
0.5,same,True,4724
0.5,different,False,2072
0.5,different,False,2184
0.5,different,True,7563
0.5,different,False,5972
0.5,same,True,4732
0.5,different,True,4627
0.5,different,True,2799
0.5,same,False,2048
0.5,different,True,2182
0.5,same,True,4806
0.5,same,False,5608
0.5,same,True,2398
0.5,different,True,4644
0.5,different,False,2362
0.5,different,False,2315
0.5,same,False,6693
0.5,different,False,5719
0.5,different,False,3307
0.5,same,True,5300
0.5,same,True,7272
0.5,different,True,6409
0.5,same,True,5433
0.5,different,True,6792
0.5,different,True,6468
0.5,different,True,4934
0.5,same,True,2767
0.5,same,True,6354
0.5,different,False,5023
0.5,different,True,2229
0.5,different,True,6264
0.5,different,False,3217
0.5,different,False,3078
0.5,different,True,6400
0.5,different,True,7382
0.5,same,False,2457
0.5,different,True,2702
0.5,different,True,5922
0.5,same,True,7442
0.5,different,True,5808
0.5,different,True,1508
0.5,different,False,5839
0.5,same,False,8072
0.5,same,False,4556
0.6,same,False,2268
0.6,different,False,1671
0.6,same,False,1014
0.6,different,False,2027
0.6,different,False,957
0.6,different,False,947
0.6,different,False,1837
0.6,different,False,1425
0.6,same,False,2504
0.6,same,False,991
0.6,same,False,2178
0.6,different,True,2189
0.6,different,False,1291
0.6,different,False,1229
0.6,different,True,1916
0.6,same,True,1880
0.6,different,False,1457
0.6,same,True,1485
0.6,different,True,1561
0.6,different,False,1967
0.6,different,False,1402
0.6,same,True,3237
0.6,different,False,572
0.6,different,False,2117
0.6,same,True,718
0.6,different,True,1922
0.6,different,False,2176
0.6,different,False,2334
0.6,different,True,2133
0.6,different,False,3362
0.6,different,False,2677
0.6,different,False,2042
0.6,different,False,1715
0.6,different,True,2341
0.6,different,False,1457
0.6,same,True,1904
0.6,different,False,2009
0.6,same,True,1447
0.6,different,False,912
0.6,different,False,1571
0.6,same,False,1385
0.6,different,True,3272
0.6,different,True,1811
0.6,same,False,89
0.6,different,False,1613
0.6,same,False,2075
0.6,different,False,1925
0.6,different,True,3467
0.6,different,True,1650
0.6,same,True,1949
0.6,same,True,277
0.6,different,True,1152
0.6,different,False,1256
0.6,different,False,1413
0.6,different,True,1421
0.6,same,True,1996
0.6,same,True,874
0.6,same,True,1686
0.6,different,False,1302
0.6,different,True,1428
0.6,same,False,1805
0.6,different,True,2340
0.6,different,False,2384
0.6,different,False,2079
0.6,different,False,2592
0.6,different,False,1366
0.6,same,False,1621
0.6,different,False,975
0.6,different,True,1420
0.6,same,False,1844
0.6,different,True,3648
0.6,same,True,1218
0.6,different,True,2132
0.6,different,False,508
0.6,different,False,1696
0.6,different,True,1359
0.6,different,False,1264
0.6,different,True,993
0.6,different,False,2116
0.6,same,True,517
0.6,different,False,1464
0.6,same,True,1582
0.6,different,False,845
0.6,same,False,1505
0.6,different,False,2109
0.6,same,True,1644
0.6,different,False,4002
0.6,different,True,762
0.6,same,False,1869
0.6,different,False,1244
0.6,same,True,3149
0.6,same,True,2045
0.6,same,False,1623
0.6,different,False,1707
0.6,different,False,2310
0.6,different,True,1920
0.6,different,True,2130
0.6,different,False,727
0.6,different,False,2176
0.6,different,False,2189
0.6,different,False,950
0.6,different,True,571
0.6,different,False,1485
0.6,different,False,1934
0.6,different,False,1679
0.6,different,False,1657
0.6,same,True,992
0.6,different,False,2117
0.6,same,True,3196
0.6,different,False,1425
0.6,different,True,2166
0.6,different,True,3337
0.6,different,True,991
0.6,different,True,3717
0.6,different,False,2283
0.6,same,False,1771
0.6,different,False,1243
0.6,same,True,2243
0.6,same,True,3471
0.6,different,False,1081
0.6,different,True,2180
0.6,same,False,1998
0.6,different,False,3265
0.6,different,True,1565
0.6,different,False,1795
0.6,same,False,988
0.6,same,True,1680
0.6,same,True,3249
0.6,same,False,1858
0.6,different,False,2617
0.6,different,False,384
0.6,different,False,2054
0.6,same,True,960
0.6,same,False,2074
0.6,different,False,2144
0.6,different,False,2758
0.6,same,True,856
0.6,different,True,1756
0.6,different,True,2242
0.6,same,True,2167
0.6,different,False,722
0.6,different,False,1989
0.6,different,False,2110
0.6,same,True,1718
0.6,different,False,2356
0.6,different,False,1655
0.6,different,False,1546
0.6,different,True,2058
0.6,different,False,1510
0.6,different,False,1559
0.6,different,False,1302
0.6,different,False,1678
0.6,different,False,1634
0.6,different,True,2153
0.6,different,False,978
0.6,different,True,2042
0.6,different,False,1612
0.6,different,True,996
0.6,different,False,2544
0.6,different,False,328
0.6,different,False,666
0.6,different,False,1786
0.6,same,True,2088
0.6,different,False,3439
0.6,same,False,2406
0.6,different,False,1163
0.6,different,True,1634
0.6,different,True,1015
0.6,different,False,1903
0.6,different,True,1125
0.6,different,False,2545
0.6,same,False,2212
0.6,different,True,2096
0.6,different,False,1342
0.6,different,False,1990
0.6,same,True,1044
0.6,different,False,1200
0.6,same,False,1603
0.6,same,False,604
0.6,different,True,2184
0.6,different,False,1251
0.6,different,False,1281
0.6,different,False,1044
0.6,different,True,1114
0.6,same,True,2630
0.6,different,False,2364
0.6,different,False,1490
0.6,different,True,1880
0.6,different,False,561
0.6,different,False,2492
0.6,different,False,1419
0.6,different,False,1545
0.6,different,False,609
0.6,different,False,355
0.6,different,False,731
0.6,same,True,930
0.6,same,True,1717
0.6,different,False,2001
0.6,different,True,2521
0.6,different,True,2051
0.6,different,False,1629
0.6,different,True,1912
0.6,same,True,388
0.6,different,False,1554
0.6,different,False,1311
0.6,different,True,1849
0.6,different,False,1223
0.6,different,False,2925
0.6,same,True,1750
0.6,different,True,260
0.6,same,True,1796
0.6,different,False,1249
0.6,different,False,1507
0.6,same,True,2691
0.6,different,True,1671
0.6,different,True,2171
0.6,different,False,1683
0.6,same,False,973
0.6,different,False,1776
0.6,different,False,1772
0.6,different,False,1061
0.6,same,True,1422
0.6,different,False,1428
0.6,same,True,906
0.6,different,True,1272
0.6,different,False,2046
0.6,different,False,1333
0.6,different,False,1909
0.6,same,False,1511
0.6,different,False,3022
0.6,different,True,1781
0.6,different,False,924
0.6,different,False,1723
0.6,different,True,380
0.6,different,False,2698
0.6,different,True,1802
0.6,different,False,1522
0.6,different,False,2082
0.6,different,False,1421
0.6,same,False,3428
0.6,same,False,1357
0.6,different,False,1660
0.6,different,False,1763
0.6,same,True,3288
0.6,different,False,2820
0.6,different,True,4281
0.6,different,False,1274
0.6,different,False,1776
0.6,same,False,1793
0.6,different,False,1744
0.6,different,False,1578
0.6,different,False,1808
0.6,same,False,2166
0.6,different,False,2515
0.6,same,False,1778
0.6,same,False,838
0.6,different,True,1415
0.6,different,True,2316
0.6,different,False,1542
0.6,different,False,1486
0.6,different,False,1531
0.6,different,False,1892
0.6,different,False,1025
0.6,different,False,2356
0.6,different,True,2110
0.6,different,False,2036
0.6,different,False,1333
0.6,different,False,1157
0.6,same,False,2114
0.6,same,True,1761
0.6,different,False,1337
0.6,different,False,1208
0.6,same,True,1483
0.6,same,False,2176
0.6,different,False,1066
0.6,different,False,2192
0.6,same,True,523
0.6,different,False,2155
0.6,same,True,2027
0.6,different,True,1534
0.6,same,False,1716
0.6,same,True,3618
0.6,same,True,714
0.6,different,False,1884
0.6,same,True,1535
0.6,different,True,3260
0.6,different,False,877
0.6,different,False,2317
0.6,different,False,1203
0.6,different,False,1970
0.6,same,True,1731
0.6,same,True,974
0.6,same,True,1705
0.6,different,False,1243
0.6,different,True,2067
0.6,different,False,672
0.6,same,False,1172
0.6,different,False,1613
0.6,different,True,1905
0.6,same,False,1431
0.6,different,False,1974
0.6,different,False,1860
0.6,different,True,3335
0.6,different,True,2316
0.6,different,False,2191
0.6,different,True,2037
0.6,same,False,1142
0.6,different,False,642
0.6,different,False,1388
0.6,same,False,1329
0.6,different,True,2236
0.6,same,True,2832
0.6,same,False,2580
0.6,same,False,968
0.6,same,True,3485
0.6,same,False,2176
0.6,different,False,1775
0.6,different,True,958
0.6,different,False,779
0.6,different,False,3579
0.6,different,False,1306
0.6,different,False,1142
0.6,different,False,2461
0.6,different,True,2048
0.6,different,False,1288
0.6,different,True,1535
0.6,different,False,727
0.6,different,True,3758
0.6,different,False,1277
0.6,same,False,2130
0.6,same,True,2129
0.6,different,False,1311
0.6,same,False,198
0.6,different,False,785
0.6,same,True,1595
0.6,same,True,1753
0.6,different,False,2010
0.6,different,False,778
0.6,different,False,1774
0.6,different,False,1060
0.6,same,True,4103
0.6,different,False,395
0.6,same,True,1341
0.6,different,True,2386
0.6,different,False,2203
0.6,same,True,2313
0.6,same,True,2719
0.6,same,True,2891
0.6,different,False,3372
0.6,same,True,1347
0.6,different,False,1748
0.6,same,True,1549
0.6,different,False,1176
0.6,same,True,3553
0.6,same,False,943
0.6,same,False,2408
0.6,different,False,1347
0.6,same,True,2189
0.6,different,False,1619
0.6,different,False,1650
0.6,same,True,2051
0.6,same,True,2460
0.6,different,False,1437
0.6,different,False,552
0.6,different,True,1875
0.6,different,False,297
0.6,same,True,1212
0.6,different,True,1415
0.6,different,False,1793
0.6,same,True,2852
0.6,different,False,960
0.6,same,False,207
0.6,different,False,2095
0.6,different,False,1293
0.6,different,False,1413
0.6,same,True,2920
0.6,different,True,1925
0.6,different,False,957
0.6,different,True,1891
0.6,same,True,2962
0.6,different,False,2132
0.6,different,False,951
0.6,different,False,1274
0.6,different,True,1683
0.6,different,False,1063
0.6,different,True,1358
0.6,different,False,1489
0.6,different,False,2246
0.6,different,False,1521
0.6,different,False,1694
0.6,different,False,3223
0.6,same,False,1796
0.6,different,False,1858
0.6,different,False,1276
0.6,different,False,686
0.6,same,False,1471
0.6,different,False,1366
0.6,different,False,1167
0.6,different,True,1901
0.6,same,True,3733
0.6,different,False,2187
0.6,different,True,2300
0.6,different,False,4067
0.6,different,False,1034
0.6,different,False,523
0.6,different,True,1880
0.6,different,True,1694
0.6,different,False,2169
0.6,different,True,1837
0.6,same,False,1085
0.6,same,True,3454
0.6,different,False,3671
0.6,different,False,1569
0.6,different,False,1482
0.6,different,False,1590
0.6,same,True,2952
0.6,different,False,1809
0.6,different,False,3164
0.6,same,False,1142
0.6,different,True,1269
0.6,different,True,1407
0.6,same,False,2408
0.6,different,False,634
0.6,different,True,1290
0.6,different,False,3054
0.6,different,True,2176
0.6,different,False,949
0.6,different,False,2041
0.6,different,True,2065
0.6,different,False,2293
0.6,different,False,3160
0.6,different,False,1374
0.6,different,False,1407
0.6,different,False,267
0.6,different,False,2284
0.6,same,True,1992
0.6,same,False,1909
0.6,different,False,590
0.6,different,True,1855
0.6,same,False,1853
0.6,different,False,1524
0.6,same,True,1177
0.6,same,False,1890
0.6,different,True,1526
0.6,different,True,2134
0.6,different,False,2064
0.6,same,False,2763
0.6,different,False,1333
0.6,same,False,3316
0.6,same,False,725
0.6,different,False,1575
0.6,same,True,601
0.6,different,True,1834
0.6,same,False,1468
0.6,different,False,1846
0.6,different,False,880
0.6,different,True,1929
0.6,same,True,2072
0.6,different,True,984
0.6,same,False,1337
0.6,different,False,3650
0.6,different,True,1840
0.6,same,True,3320
0.6,same,False,1713
0.6,different,True,1728
0.6,same,True,3321
0.6,different,True,1461
0.6,same,False,1299
0.6,same,True,3008
0.6,same,True,3136
0.6,different,True,1970
0.6,different,True,1909
0.6,same,True,1197
0.6,different,False,2035
0.6,different,False,1797
0.6,different,False,2106
0.6,same,False,1646
0.6,different,False,759
0.6,different,False,1253
0.6,different,False,2141
0.6,different,True,2047
0.6,different,False,1919
0.6,different,True,3067
0.6,different,True,1772
0.6,different,False,1507
0.6,same,False,688
0.6,different,False,2105
0.6,same,False,1499
0.6,same,True,175
0.6,different,True,1302
0.6,different,False,380
0.6,same,False,3267
0.6,different,False,2515
0.6,different,True,3015
0.6,different,False,3228
0.6,different,True,1013
0.6,different,True,1241
0.6,same,True,1718
0.6,same,True,1721
0.6,same,False,252
0.6,different,False,715
0.6,different,False,1582
0.6,same,True,3382
0.6,different,False,1372
0.6,different,False,1398
0.6,different,False,2050
0.6,different,False,395
0.6,different,False,2446
0.6,same,True,3057
0.6,different,True,941
0.6,same,False,1314
0.6,same,True,1408
0.6,same,False,3534
0.6,different,True,2136
0.6,different,False,3237
0.6,different,True,1998
0.6,different,False,1627
0.6,different,False,1260
0.6,different,False,942
0.6,different,False,1456
0.6,same,True,736
0.6,different,False,1786
0.6,same,True,2462
0.6,different,False,2164
0.6,different,False,1665
0.6,different,False,2022
0.6,different,False,2553
0.6,different,True,2108
0.6,different,False,1330
0.6,different,False,2037
0.6,different,False,1562
0.6,different,False,1900
0.6,different,False,1385
0.6,different,False,3559
0.6,same,False,2295
0.6,same,False,1913
0.6,different,False,2187
0.6,same,True,2278
0.6,different,False,784
0.6,different,False,1060
0.6,same,False,2875
0.6,different,False,1035
0.6,different,True,3461
0.6,different,False,2257
0.6,same,True,2097
0.6,different,True,3671
0.6,different,True,2813
0.6,same,True,836
0.6,same,True,3237
0.6,same,False,1786
0.6,different,False,1257
0.6,different,False,1242
0.6,different,False,2280
0.6,different,True,2089
0.6,same,False,2013
0.6,same,True,931
0.6,same,True,736
0.6,same,False,1841
0.6,same,False,1641
0.6,different,False,2176
0.6,different,False,1708
0.6,same,True,1686
0.6,different,True,1629
0.6,same,False,1300
0.6,different,False,1448
0.6,same,False,1872
0.6,same,False,1796
0.6,different,False,669
0.6,same,True,3669
0.6,different,True,2513
0.6,different,False,603
0.6,same,True,1594
0.6,different,False,2052
0.6,different,True,1225
0.6,same,True,3199
0.6,same,False,1299
0.6,different,False,1860
0.6,different,False,2174
0.6,same,True,511
0.6,same,False,2205
0.6,different,False,2099
0.6,same,True,3423
0.6,different,False,2036
0.6,different,False,1393
0.6,same,True,670
0.6,different,False,1464
0.6,same,False,2223
0.6,different,False,536
0.6,different,True,1724
0.6,same,False,1063
0.6,different,False,2177
0.6,different,False,1179
0.6,different,True,1190
0.6,different,True,1850
0.6,same,True,2135
0.6,different,False,2085
0.6,different,True,2323
0.6,same,False,3240
0.6,same,True,575
0.6,different,False,1305
0.6,different,True,992
0.6,same,False,1042
0.6,different,False,1576
0.6,same,True,1689
0.6,same,False,960
0.6,different,True,3660
0.6,same,True,2455
0.6,same,False,1194
0.6,different,False,638
0.6,same,False,790
0.6,different,False,698
0.6,same,False,288
0.6,different,False,1050
0.6,different,False,1681
0.6,different,False,3100
0.6,same,False,1344
0.6,different,False,1393
0.6,same,True,487
0.6,different,False,1695
0.6,same,True,2117
0.6,different,False,857
0.6,different,False,944
0.6,different,True,1381
0.6,different,False,1395
0.6,different,True,1256
0.6,different,True,2017
0.6,same,True,1761
0.6,same,True,1624
0.6,different,False,1783
0.6,different,True,1962
0.6,different,False,1965
0.6,different,False,1946
0.6,different,True,3397
0.6,different,True,2973
0.6,different,False,2100
0.6,different,False,836
0.6,different,False,1138
0.6,same,True,3719
0.6,different,True,1755
0.6,different,True,2077
0.6,different,False,3414
0.6,different,False,763
0.6,different,False,2317
0.6,different,True,2024
0.6,different,False,1996
0.6,different,False,2187
0.6,different,False,790
0.6,different,False,2160
0.6,same,True,1584
0.6,different,False,1641
0.6,same,True,2226
0.6,same,True,1565
0.6,different,False,2127
0.6,different,False,569
0.6,different,False,933
0.6,different,False,272
0.6,different,False,1486
0.6,different,True,2035
0.6,different,False,946
0.6,different,False,558
0.6,different,False,2279
0.6,different,True,1907
0.6,different,False,1025
0.6,different,True,1884
0.6,different,False,1999
0.6,same,True,1206
0.6,different,True,2141
0.6,same,True,1514
0.6,same,False,451
0.6,same,False,1811
0.6,different,False,1637
0.6,different,False,763
0.6,different,False,1310
0.6,same,True,3236
0.6,different,False,3352
0.6,different,True,947
0.6,different,False,1797
0.6,different,True,3277
0.6,same,False,3917
0.6,same,False,1785
0.6,different,True,3620
0.6,same,False,3724
0.6,different,False,1191
0.6,different,False,2192
0.6,different,False,2081
0.6,different,False,2509
0.6,different,False,745
0.6,different,False,3569
0.6,same,False,2090
0.6,same,False,2134
0.6,different,False,1567
0.6,different,False,2230
0.6,different,False,891
0.6,same,True,1630
0.6,different,False,722
0.6,different,False,1418
0.6,different,False,2150
0.6,same,True,533
0.6,different,False,1945
0.6,different,False,1504
0.6,different,False,2157
0.6,different,False,1698
0.6,same,False,1715
0.6,different,False,1526
0.6,same,False,962
0.6,different,True,1796
0.6,same,True,1004
0.6,same,True,2735
0.6,different,True,542
0.6,different,False,3114
0.6,same,False,1428
0.6,different,False,3534
0.6,same,True,2658
0.6,different,True,1939
0.6,different,False,1369
0.6,different,False,1152
0.6,different,True,1722
0.6,same,True,1752
0.6,same,True,2396
0.6,different,False,1252
0.6,different,False,449
0.6,different,False,988
0.6,different,False,1491
0.6,different,False,1199
0.6,different,False,1962
0.6,different,False,561
0.6,same,True,2237
0.6,different,False,1887
0.6,different,True,889
0.6,different,False,1910
0.6,same,False,1996
0.6,different,True,1263
0.6,different,False,231
0.6,same,False,1313
0.6,different,False,1574
0.6,different,False,425
0.6,same,False,1939
0.6,different,True,1686
0.6,same,True,929
0.6,different,False,2065
0.6,same,True,1865
0.6,different,False,1639
0.6,different,False,811
0.6,different,True,2081
0.6,different,True,891
0.6,different,False,1925
0.6,different,True,1686
0.6,different,False,1275
0.6,same,False,678
0.6,different,False,503
0.6,different,False,1141
0.6,different,True,1435
0.6,same,True,1285
0.6,same,True,2346
0.6,different,False,1141
0.6,same,False,3634
0.6,different,False,1819
0.6,different,True,2213
0.6,different,False,3296
0.6,different,False,836
0.6,same,True,1758
0.6,different,False,1972
0.6,different,False,1953
0.6,different,False,2691
0.6,same,False,4059
0.6,different,True,3070
0.6,different,True,1188
0.6,same,False,2096
0.6,different,False,1657
0.6,different,False,2428
0.6,same,True,1413
0.6,same,False,2035
0.6,same,True,3123
0.6,same,False,1253
0.6,same,False,1451
0.6,different,False,228
0.6,different,False,2044
0.6,different,False,3115
0.6,different,False,1294
0.6,different,False,200
0.6,different,True,2280
0.6,different,False,2140
0.6,different,True,906
0.6,different,False,1398
0.6,different,True,948
0.6,different,False,1462
0.6,different,True,2663
0.6,same,True,1090
0.6,same,True,1061
0.6,different,False,3110
0.6,same,False,1764
0.6,different,False,1302
0.6,different,True,2047
0.6,different,False,3660
0.6,different,False,1501
0.6,different,False,1061
0.6,same,False,1013
0.6,same,False,1787
0.6,different,True,1226
0.6,same,True,603
0.6,different,False,1347
0.6,different,False,849
0.6,different,True,1675
0.6,different,False,947
0.6,different,False,554
0.6,same,False,3029
0.6,different,False,1801
0.6,different,False,667
0.6,different,True,4104
0.6,same,True,2910
0.6,same,False,1256
0.6,different,False,2933
0.6,different,False,1176
0.6,same,False,1026
0.6,different,False,2070
0.6,same,False,1689
0.6,same,False,1305
0.6,different,True,985
0.6,different,False,3348
0.6,different,False,1007
0.6,different,False,1112
0.6,same,True,3380
0.6,same,False,192
0.6,different,True,3534
0.6,different,True,1270
0.6,same,True,629
0.6,different,True,2428
0.6,same,True,2907
0.6,different,False,576
0.6,different,True,3825
0.6,different,False,1714
0.6,different,False,2323
0.6,same,True,2086
0.6,different,True,1681
0.6,same,False,1292
0.6,same,True,1717
0.6,different,False,2109
0.6,different,False,1904
0.6,different,True,1913
0.6,different,True,951
0.6,different,False,973
0.6,different,False,309
0.6,different,False,1687
0.6,different,False,1689
0.6,different,False,1084
0.6,different,True,2293
0.6,different,False,2200
0.6,different,False,3875
0.6,different,False,1454
0.6,different,False,2201
0.6,same,False,1887
0.6,different,False,1749
0.6,same,True,1948
0.6,same,False,2248
0.6,different,False,2468
0.6,different,False,1548
0.6,same,True,881
0.6,different,False,1188
0.6,different,False,1491
0.6,different,False,3235
0.6,different,False,1701
0.6,same,True,753
0.6,different,False,1717
0.6,different,True,2100
0.6,same,False,1380
0.6,different,False,302
0.6,same,True,1862
0.6,same,False,1671
0.6,same,True,1394
0.6,different,True,2175
0.6,different,False,904
0.6,different,False,1683
0.6,same,False,2317
0.6,different,False,2623
0.6,different,False,1345
0.6,same,True,2096
0.6,same,True,3352
0.6,different,False,2663
0.6,same,False,1839
0.6,different,True,1606
0.6,different,False,1840
0.6,different,True,1363
0.6,same,True,913
0.6,same,True,1818
0.6,different,False,706
0.6,different,True,1554
0.6,different,False,773
0.6,different,False,1822
0.6,different,False,1252
0.6,different,True,1639
0.6,different,False,1347
0.6,same,False,1084
0.6,different,True,1241
0.6,different,False,1594
0.6,same,True,3052
0.6,different,True,1786
0.6,different,False,937
0.6,different,False,1612
0.6,same,False,3620
0.6,same,False,705
0.7,same,False,1274
0.7,different,False,765
0.7,same,False,163
0.7,different,False,1288
0.7,different,False,368
0.7,different,False,179
0.7,different,False,1116
0.7,different,False,703
0.7,same,False,302
0.7,same,False,303
0.7,same,False,1123
0.7,different,False,896
0.7,different,False,486
0.7,different,False,537
0.7,different,False,746
0.7,same,False,1009
0.7,different,False,639
0.7,same,True,540
0.7,different,True,922
0.7,different,False,580
0.7,different,False,565
0.7,same,True,1653
0.7,different,False,281
0.7,different,False,829
0.7,same,True,147
0.7,different,True,1327
0.7,different,False,1195
0.7,different,False,741
0.7,different,False,1121
0.7,different,False,770
0.7,different,False,340
0.7,different,False,739
0.7,different,False,670
0.7,different,False,150
0.7,different,False,695
0.7,same,True,345
0.7,different,False,880
0.7,same,False,649
0.7,different,False,86
0.7,different,False,1036
0.7,same,False,621
0.7,different,True,1420
0.7,different,True,691
0.7,same,False,46
0.7,different,False,586
0.7,same,False,1130
0.7,different,False,137
0.7,different,True,1685
0.7,different,False,469
0.7,same,True,903
0.7,same,True,57
0.7,different,False,223
0.7,different,False,296
0.7,different,False,643
0.7,different,False,795
0.7,same,True,546
0.7,same,True,130
0.7,same,True,299
0.7,different,False,653
0.7,different,True,700
0.7,same,False,1043
0.7,different,True,1096
0.7,different,False,1210
0.7,different,False,340
0.7,different,False,1335
0.7,different,False,651
0.7,same,False,787
0.7,different,False,206
0.7,different,False,651
0.7,same,False,628
0.7,different,False,1372
0.7,same,True,404
0.7,different,False,1127
0.7,different,False,304
0.7,different,False,613
0.7,different,False,663
0.7,different,False,473
0.7,different,False,183
0.7,different,False,958
0.7,same,True,97
0.7,different,False,678
0.7,same,True,310
0.7,different,False,397
0.7,same,False,250
0.7,different,False,777
0.7,same,True,248
0.7,different,False,984
0.7,different,False,297
0.7,same,False,827
0.7,different,False,90
0.7,same,True,904
0.7,same,False,1062
0.7,same,False,845
0.7,different,False,710
0.7,different,False,1304
0.7,different,True,717
0.7,different,False,1185
0.7,different,False,95
0.7,different,False,1069
0.7,different,False,1072
0.7,different,False,510
0.7,different,False,37
0.7,different,False,881
0.7,different,False,867
0.7,different,False,842
0.7,different,False,1017
0.7,same,True,244
0.7,different,False,1090
0.7,same,True,938
0.7,different,False,309
0.7,different,False,603
0.7,different,False,1603
0.7,different,False,103
0.7,different,False,1112
0.7,different,False,1220
0.7,same,False,671
0.7,different,False,550
0.7,same,False,773
0.7,same,True,1068
0.7,different,False,637
0.7,different,False,1333
0.7,same,False,1071
0.7,different,False,673
0.7,different,False,779
0.7,different,False,407
0.7,same,False,107
0.7,same,True,304
0.7,same,True,583
0.7,same,False,83
0.7,different,False,370
0.7,different,False,51
0.7,different,False,864
0.7,same,True,346
0.7,same,False,1216
0.7,different,False,1139
0.7,different,False,480
0.7,same,True,131
0.7,different,True,1073
0.7,different,True,1024
0.7,same,True,886
0.7,different,False,233
0.7,different,False,1269
0.7,different,False,892
0.7,same,True,844
0.7,different,False,1294
0.7,different,False,632
0.7,different,False,144
0.7,different,False,947
0.7,different,False,992
0.7,different,False,678
0.7,different,False,755
0.7,different,False,309
0.7,different,False,780
0.7,different,True,1156
0.7,different,False,297
0.7,different,False,594
0.7,different,False,877
0.7,different,False,83
0.7,different,False,724
0.7,different,False,35
0.7,different,False,76
0.7,different,False,670
0.7,same,True,843
0.7,different,False,1169
0.7,same,False,1188
0.7,different,False,44
0.7,different,False,1055
0.7,different,False,148
0.7,different,False,792
0.7,different,False,574
0.7,different,False,620
0.7,same,False,1008
0.7,different,False,1280
0.7,different,False,260
0.7,different,False,694
0.7,same,True,322
0.7,different,False,545
0.7,same,False,999
0.7,same,False,78
0.7,different,True,1504
0.7,different,False,385
0.7,different,False,627
0.7,different,False,392
0.7,different,False,533
0.7,same,True,1065
0.7,different,False,511
0.7,different,False,229
0.7,different,False,1279
0.7,different,False,396
0.7,different,False,1173
0.7,different,False,689
0.7,different,False,689
0.7,different,False,185
0.7,different,False,73
0.7,different,False,273
0.7,same,False,518
0.7,same,False,325
0.7,different,False,735
0.7,different,False,199
0.7,different,False,604
0.7,different,False,920
0.7,different,True,1045
0.7,same,True,95
0.7,different,False,809
0.7,different,False,549
0.7,different,True,673
0.7,different,False,242
0.7,different,False,578
0.7,same,True,1060
0.7,different,False,23
0.7,same,False,702
0.7,different,False,317
0.7,different,False,717
0.7,same,True,894
0.7,different,True,765
0.7,different,True,1287
0.7,different,False,632
0.7,same,False,350
0.7,different,False,681
0.7,different,False,690
0.7,different,False,478
0.7,same,False,543
0.7,different,False,620
0.7,same,True,69
0.7,different,False,508
0.7,different,False,718
0.7,different,False,444
0.7,different,False,933
0.7,same,False,139
0.7,different,False,598
0.7,different,False,1128
0.7,different,False,75
0.7,different,False,691
0.7,different,False,51
0.7,different,False,514
0.7,different,False,990
0.7,different,False,781
0.7,different,False,503
0.7,different,False,795
0.7,same,False,2162
0.7,same,False,284
0.7,different,False,215
0.7,different,False,669
0.7,same,True,922
0.7,different,False,522
0.7,different,False,1737
0.7,different,False,515
0.7,different,False,697
0.7,same,False,1053
0.7,different,False,431
0.7,different,False,429
0.7,different,False,741
0.7,same,False,168
0.7,different,False,562
0.7,same,False,317
0.7,same,False,127
0.7,different,True,648
0.7,different,True,1211
0.7,different,False,576
0.7,different,False,679
0.7,different,False,135
0.7,different,False,559
0.7,different,False,365
0.7,different,False,1220
0.7,different,True,957
0.7,different,False,1026
0.7,different,False,731
0.7,different,False,120
0.7,same,False,1384
0.7,same,False,1180
0.7,different,False,662
0.7,different,False,558
0.7,same,False,592
0.7,same,False,1267
0.7,different,False,644
0.7,different,False,1300
0.7,same,True,256
0.7,different,False,1160
0.7,same,False,1107
0.7,different,True,909
0.7,same,False,784
0.7,same,True,1628
0.7,same,True,217
0.7,different,False,744
0.7,same,True,698
0.7,different,True,1203
0.7,different,False,331
0.7,different,False,1130
0.7,different,False,335
0.7,different,False,1037
0.7,same,False,310
0.7,same,False,108
0.7,same,True,634
0.7,different,False,372
0.7,different,False,773
0.7,different,False,26
0.7,same,False,222
0.7,different,False,586
0.7,different,False,531
0.7,same,False,666
0.7,different,False,1248
0.7,different,False,413
0.7,different,False,1559
0.7,different,True,930
0.7,different,False,1305
0.7,different,True,1079
0.7,same,False,743
0.7,different,False,109
0.7,different,False,609
0.7,same,False,505
0.7,different,False,1292
0.7,same,True,1217
0.7,same,False,702
0.7,same,False,614
0.7,same,True,1224
0.7,same,False,1225
0.7,different,False,1107
0.7,different,True,173
0.7,different,False,133
0.7,different,False,898
0.7,different,False,578
0.7,different,False,178
0.7,different,False,1096
0.7,different,True,1011
0.7,different,False,647
0.7,different,False,93
0.7,different,False,332
0.7,different,True,2054
0.7,different,False,515
0.7,same,False,1185
0.7,same,False,1219
0.7,different,True,314
0.7,same,False,37
0.7,different,False,328
0.7,same,False,844
0.7,same,True,470
0.7,different,False,1146
0.7,different,False,321
0.7,different,False,675
0.7,different,False,114
0.7,same,True,1410
0.7,different,False,62
0.7,same,True,500
0.7,different,True,1317
0.7,different,False,990
0.7,same,False,335
0.7,same,True,1420
0.7,same,True,1635
0.7,different,False,1189
0.7,same,True,277
0.7,different,False,59
0.7,same,True,667
0.7,different,False,517
0.7,same,True,922
0.7,same,False,97
0.7,same,False,284
0.7,different,False,659
0.7,same,True,1079
0.7,different,False,682
0.7,different,False,77
0.7,same,True,955
0.7,same,True,1324
0.7,different,False,802
0.7,different,False,195
0.7,different,True,1350
0.7,different,False,59
0.7,same,False,246
0.7,different,False,805
0.7,different,False,1101
0.7,same,True,1310
0.7,different,False,521
0.7,same,False,28
0.7,different,False,1054
0.7,different,False,716
0.7,different,False,658
0.7,same,True,877
0.7,different,False,767
0.7,different,False,516
0.7,different,True,1385
0.7,same,True,263
0.7,different,False,917
0.7,different,False,177
0.7,different,False,510
0.7,different,False,686
0.7,different,False,474
0.7,different,False,224
0.7,different,False,176
0.7,different,False,1130
0.7,different,False,858
0.7,different,False,839
0.7,different,False,1194
0.7,same,False,857
0.7,different,False,841
0.7,different,False,536
0.7,different,False,66
0.7,same,True,246
0.7,different,False,272
0.7,different,False,102
0.7,different,False,694
0.7,same,True,1242
0.7,different,False,378
0.7,different,False,918
0.7,different,False,1963
0.7,different,False,223
0.7,different,False,256
0.7,different,True,755
0.7,different,False,839
0.7,different,False,1048
0.7,different,False,750
0.7,same,False,498
0.7,same,False,648
0.7,different,False,893
0.7,different,False,689
0.7,different,False,440
0.7,different,False,912
0.7,same,False,1798
0.7,different,False,741
0.7,different,False,1020
0.7,same,False,619
0.7,different,True,535
0.7,different,True,667
0.7,same,False,952
0.7,different,False,313
0.7,different,False,264
0.7,different,False,468
0.7,different,True,1267
0.7,different,False,156
0.7,different,False,905
0.7,different,True,1144
0.7,different,False,228
0.7,different,False,600
0.7,different,False,753
0.7,different,False,740
0.7,different,False,67
0.7,different,False,414
0.7,same,True,352
0.7,same,False,1304
0.7,different,False,169
0.7,different,False,998
0.7,same,False,601
0.7,different,False,461
0.7,same,True,87
0.7,same,False,630
0.7,different,False,976
0.7,different,False,925
0.7,different,False,904
0.7,same,False,1231
0.7,different,False,689
0.7,same,False,522
0.7,same,False,142
0.7,different,False,307
0.7,same,True,99
0.7,different,True,1272
0.7,same,False,693
0.7,different,False,1162
0.7,different,False,203
0.7,different,True,913
0.7,same,False,745
0.7,different,False,60
0.7,same,False,681
0.7,different,False,1708
0.7,different,True,1244
0.7,same,True,1500
0.7,same,False,695
0.7,different,True,1052
0.7,same,True,1917
0.7,different,True,860
0.7,same,False,650
0.7,same,True,222
0.7,same,True,654
0.7,different,False,1037
0.7,different,False,933
0.7,same,True,278
0.7,different,False,765
0.7,different,False,706
0.7,different,False,728
0.7,same,False,718
0.7,different,False,252
0.7,different,False,390
0.7,different,False,1045
0.7,different,False,647
0.7,different,False,657
0.7,different,True,1389
0.7,different,False,690
0.7,different,False,712
0.7,same,False,348
0.7,different,False,1292
0.7,same,False,792
0.7,same,True,44
0.7,different,False,563
0.7,different,False,51
0.7,same,False,785
0.7,different,False,562
0.7,different,False,899
0.7,different,False,1123
0.7,different,True,138
0.7,different,True,371
0.7,same,False,907
0.7,same,True,451
0.7,same,False,150
0.7,different,False,154
0.7,different,False,853
0.7,same,True,1497
0.7,different,False,68
0.7,different,False,79
0.7,different,False,978
0.7,different,False,62
0.7,different,False,694
0.7,same,True,985
0.7,different,True,592
0.7,same,False,656
0.7,same,True,330
0.7,same,False,1305
0.7,different,False,687
0.7,different,False,921
0.7,different,True,705
0.7,different,False,572
0.7,different,False,150
0.7,different,False,291
0.7,different,False,632
0.7,same,True,322
0.7,different,False,670
0.7,same,True,902
0.7,different,False,1097
0.7,different,False,596
0.7,different,False,968
0.7,different,False,1202
0.7,different,False,733
0.7,different,False,244
0.7,different,False,840
0.7,different,False,677
0.7,different,False,1253
0.7,different,False,721
0.7,different,False,1439
0.7,same,False,1095
0.7,same,False,1294
0.7,different,False,378
0.7,same,False,1010
0.7,different,False,367
0.7,different,False,114
0.7,same,False,1331
0.7,different,False,192
0.7,different,False,473
0.7,different,False,1019
0.7,same,True,820
0.7,different,False,893
0.7,different,True,1550
0.7,same,True,413
0.7,same,True,974
0.7,same,False,913
0.7,different,False,525
0.7,different,False,228
0.7,different,False,1015
0.7,different,True,1350
0.7,same,False,356
0.7,same,True,209
0.7,same,True,322
0.7,same,False,1221
0.7,same,False,42
0.7,different,False,1195
0.7,different,False,215
0.7,same,False,620
0.7,different,True,1050
0.7,same,False,629
0.7,different,False,630
0.7,same,False,739
0.7,same,False,668
0.7,different,False,159
0.7,same,True,1652
0.7,different,False,889
0.7,different,False,94
0.7,same,True,210
0.7,different,False,972
0.7,different,False,587
0.7,same,True,657
0.7,same,False,635
0.7,different,False,61
0.7,different,False,1132
0.7,same,True,57
0.7,same,False,1260
0.7,different,False,954
0.7,same,True,1109
0.7,different,False,906
0.7,different,False,576
0.7,same,True,262
0.7,different,False,803
0.7,same,False,1332
0.7,different,False,117
0.7,different,True,995
0.7,same,False,139
0.7,different,False,1018
0.7,different,False,96
0.7,different,False,553
0.7,different,True,1057
0.7,same,False,590
0.7,different,False,1193
0.7,different,False,1323
0.7,same,False,1566
0.7,same,True,212
0.7,different,False,657
0.7,different,False,75
0.7,same,False,368
0.7,different,False,822
0.7,same,True,627
0.7,same,False,519
0.7,different,False,1333
0.7,same,False,721
0.7,same,False,526
0.7,different,False,188
0.7,same,False,409
0.7,different,False,115
0.7,same,False,102
0.7,different,False,87
0.7,different,False,971
0.7,different,False,907
0.7,same,False,839
0.7,different,False,619
0.7,same,True,56
0.7,different,False,836
0.7,same,True,804
0.7,different,False,184
0.7,different,False,593
0.7,different,False,184
0.7,different,False,653
0.7,different,False,629
0.7,different,True,1041
0.7,same,False,313
0.7,same,False,126
0.7,different,False,921
0.7,different,True,1030
0.7,different,False,614
0.7,different,False,845
0.7,different,True,1375
0.7,different,False,710
0.7,different,False,380
0.7,different,False,413
0.7,different,False,742
0.7,same,True,1476
0.7,different,True,1251
0.7,different,True,1284
0.7,different,False,1420
0.7,different,False,70
0.7,different,False,1089
0.7,different,True,726
0.7,different,False,1048
0.7,different,False,378
0.7,different,False,409
0.7,different,False,548
0.7,same,False,1053
0.7,different,False,42
0.7,same,True,520
0.7,same,True,779
0.7,different,False,1383
0.7,different,False,158
0.7,different,False,357
0.7,different,False,73
0.7,different,False,593
0.7,different,True,692
0.7,different,False,481
0.7,different,False,65
0.7,different,False,301
0.7,different,False,499
0.7,different,False,365
0.7,different,False,648
0.7,different,False,768
0.7,same,False,498
0.7,different,True,1045
0.7,same,False,622
0.7,same,False,112
0.7,same,False,166
0.7,different,False,954
0.7,different,False,414
0.7,different,False,291
0.7,same,True,724
0.7,different,False,469
0.7,different,False,91
0.7,different,False,681
0.7,different,False,1553
0.7,same,False,1562
0.7,same,False,691
0.7,different,True,1245
0.7,same,False,1377
0.7,different,False,554
0.7,different,False,1367
0.7,different,False,1128
0.7,different,False,493
0.7,different,False,181
0.7,different,False,1408
0.7,same,False,1266
0.7,same,False,925
0.7,different,False,311
0.7,different,False,1404
0.7,different,False,419
0.7,same,False,644
0.7,different,False,233
0.7,different,False,731
0.7,different,False,1336
0.7,same,True,55
0.7,different,False,915
0.7,different,False,538
0.7,different,False,1142
0.7,different,False,827
0.7,same,False,1016
0.7,different,False,342
0.7,same,False,98
0.7,different,True,702
0.7,same,False,99
0.7,same,True,439
0.7,different,False,51
0.7,different,False,537
0.7,same,False,642
0.7,different,False,1142
0.7,same,True,776
0.7,different,True,1063
0.7,different,False,636
0.7,different,False,394
0.7,different,False,880
0.7,same,True,521
0.7,same,False,259
0.7,different,False,401
0.7,different,False,84
0.7,different,False,86
0.7,different,False,480
0.7,different,False,320
0.7,different,False,1030
0.7,different,False,396
0.7,same,False,806
0.7,different,False,845
0.7,different,False,140
0.7,different,False,1037
0.7,same,False,718
0.7,different,False,673
0.7,different,False,32
0.7,same,False,929
0.7,different,False,718
0.7,different,False,138
0.7,same,False,1063
0.7,different,False,643
0.7,same,True,206
0.7,different,False,980
0.7,same,True,625
0.7,different,False,737
0.7,different,False,264
0.7,different,False,1186
0.7,different,False,419
0.7,different,False,137
0.7,different,True,1036
0.7,different,False,116
0.7,same,False,159
0.7,different,False,85
0.7,different,False,538
0.7,different,True,808
0.7,same,True,908
0.7,same,True,895
0.7,different,False,538
0.7,same,False,1735
0.7,different,False,765
0.7,different,True,1541
0.7,different,False,1128
0.7,different,False,189
0.7,same,False,754
0.7,different,False,1126
0.7,different,False,773
0.7,different,False,894
0.7,same,False,1654
0.7,different,True,174
0.7,different,False,356
0.7,same,False,293
0.7,different,False,856
0.7,different,False,1509
0.7,same,True,786
0.7,same,False,692
0.7,same,False,1077
0.7,same,False,246
0.7,same,False,744
0.7,different,False,105
0.7,different,False,980
0.7,different,False,649
0.7,different,False,485
0.7,different,False,74
0.7,different,False,1015
0.7,different,False,1301
0.7,different,False,69
0.7,different,False,551
0.7,different,True,87
0.7,different,False,717
0.7,different,False,1214
0.7,same,False,582
0.7,same,True,478
0.7,different,False,1073
0.7,same,False,1133
0.7,different,False,558
0.7,different,True,1239
0.7,different,False,1900
0.7,different,False,526
0.7,different,False,134
0.7,same,False,223
0.7,same,False,1011
0.7,different,False,442
0.7,same,True,94
0.7,different,False,251
0.7,different,False,279
0.7,different,False,852
0.7,different,False,91
0.7,different,False,33
0.7,same,False,1158
0.7,different,False,688
0.7,different,False,396
0.7,different,False,1967
0.7,same,True,623
0.7,same,False,649
0.7,different,False,1249
0.7,different,False,517
0.7,same,False,485
0.7,different,False,1025
0.7,same,False,627
0.7,same,False,737
0.7,different,False,192
0.7,different,False,1650
0.7,different,False,354
0.7,different,False,567
0.7,same,True,1393
0.7,same,False,28
0.7,different,True,1289
0.7,different,True,573
0.7,same,True,145
0.7,different,False,1509
0.7,same,True,1305
0.7,different,False,284
0.7,different,False,1184
0.7,different,False,748
0.7,different,False,1323
0.7,same,True,464
0.7,different,False,738
0.7,same,False,605
0.7,same,False,409
0.7,different,False,1334
0.7,different,False,534
0.7,different,True,945
0.7,different,False,275
0.7,different,False,350
0.7,different,False,55
0.7,different,False,821
0.7,different,False,434
0.7,different,False,129
0.7,different,False,228
0.7,different,False,1145
0.7,different,False,735
0.7,different,False,502
0.7,different,False,1474
0.7,same,False,799
0.7,different,False,898
0.7,same,True,731
0.7,same,False,544
0.7,different,False,945
0.7,different,False,259
0.7,same,True,317
0.7,different,False,557
0.7,different,False,508
0.7,different,False,994
0.7,different,False,995
0.7,same,False,87
0.7,different,False,418
0.7,different,True,782
0.7,same,False,551
0.7,different,False,88
0.7,same,False,1040
0.7,same,False,765
0.7,same,False,269
0.7,different,False,977
0.7,different,False,601
0.7,different,False,630
0.7,same,False,490
0.7,different,False,1293
0.7,different,False,544
0.7,same,True,333
0.7,same,False,1351
0.7,different,False,1790
0.7,same,False,145
0.7,different,True,417
0.7,different,False,1244
0.7,different,False,586
0.7,same,True,130
0.7,same,False,1128
0.7,different,False,111
0.7,different,False,809
0.7,different,False,186
0.7,different,False,761
0.7,different,False,401
0.7,different,True,1016
0.7,different,False,446
0.7,same,False,581
0.7,different,False,569
0.7,different,False,521
0.7,same,True,751
0.7,different,False,557
0.7,different,False,43
0.7,different,False,784
0.7,same,False,1015
0.7,same,False,159
0.8,same,False,516
0.8,different,False,177
0.8,same,False,11
0.8,different,False,339
0.8,different,False,2
0.8,different,False,4
0.8,different,False,183
0.8,different,False,119
0.8,same,False,5
0.8,same,False,37
0.8,same,False,172
0.8,different,False,234
0.8,different,False,86
0.8,different,False,98
0.8,different,False,82
0.8,same,False,276
0.8,different,False,112
0.8,same,True,2
0.8,different,False,269
0.8,different,False,75
0.8,different,False,53
0.8,same,True,308
0.8,different,False,6
0.8,different,False,219
0.8,same,True,4
0.8,different,True,410
0.8,different,False,308
0.8,different,False,133
0.8,different,False,223
0.8,different,False,137
0.8,different,False,51
0.8,different,False,241
0.8,different,False,218
0.8,different,False,4
0.8,different,False,67
0.8,same,True,11
0.8,different,False,386
0.8,same,False,61
0.8,different,False,1
0.8,different,False,199
0.8,same,False,2
0.8,different,False,260
0.8,different,True,183
0.8,same,False,3
0.8,different,False,152
0.8,same,False,537
0.8,different,False,10
0.8,different,False,236
0.8,different,False,67
0.8,same,True,301
0.8,same,True,6
0.8,different,False,47
0.8,different,False,56
0.8,different,False,112
0.8,different,False,147
0.8,same,True,11
0.8,same,True,10
0.8,same,True,33
0.8,different,False,167
0.8,different,False,209
0.8,same,False,153
0.8,different,False,190
0.8,different,False,597
0.8,different,False,52
0.8,different,False,174
0.8,different,False,163
0.8,same,False,96
0.8,different,False,28
0.8,different,False,67
0.8,same,False,86
0.8,different,False,293
0.8,same,True,4
0.8,different,False,184
0.8,different,False,5
0.8,different,False,63
0.8,different,False,168
0.8,different,False,69
0.8,different,False,13
0.8,different,False,60
0.8,same,True,9
0.8,different,False,211
0.8,same,True,15
0.8,different,False,61
0.8,same,False,22
0.8,different,False,261
0.8,same,True,26
0.8,different,False,161
0.8,different,False,117
0.8,same,False,181
0.8,different,False,5
0.8,same,True,24
0.8,same,False,426
0.8,same,False,26
0.8,different,False,6
0.8,different,False,435
0.8,different,False,189
0.8,different,False,237
0.8,different,False,3
0.8,different,False,135
0.8,different,False,329
0.8,different,False,153
0.8,different,False,3
0.8,different,False,93
0.8,different,False,86
0.8,different,False,312
0.8,different,False,132
0.8,same,True,9
0.8,different,False,294
0.8,same,True,70
0.8,different,False,39
0.8,different,False,14
0.8,different,False,333
0.8,different,False,9
0.8,different,False,131
0.8,different,False,463
0.8,same,False,174
0.8,different,False,71
0.8,same,False,87
0.8,same,True,97
0.8,different,False,4
0.8,different,False,361
0.8,same,False,183
0.8,different,False,30
0.8,different,False,203
0.8,different,False,101
0.8,same,False,7
0.8,same,True,22
0.8,same,True,236
0.8,same,False,2
0.8,different,False,9
0.8,different,False,2
0.8,different,False,128
0.8,same,False,53
0.8,same,False,301
0.8,different,False,290
0.8,different,False,10
0.8,same,True,34
0.8,different,True,439
0.8,different,False,450
0.8,same,False,349
0.8,different,False,13
0.8,different,False,167
0.8,different,False,223
0.8,same,True,90
0.8,different,False,141
0.8,different,False,5
0.8,different,False,3
0.8,different,False,128
0.8,different,False,223
0.8,different,False,68
0.8,different,False,105
0.8,different,False,50
0.8,different,False,80
0.8,different,True,437
0.8,different,False,2
0.8,different,False,85
0.8,different,False,206
0.8,different,False,6
0.8,different,False,14
0.8,different,False,1
0.8,different,False,5
0.8,different,False,245
0.8,same,False,131
0.8,different,False,163
0.8,same,False,226
0.8,different,False,4
0.8,different,False,463
0.8,different,False,2
0.8,different,False,218
0.8,different,False,78
0.8,different,False,226
0.8,same,False,328
0.8,different,False,237
0.8,different,False,12
0.8,different,False,118
0.8,same,True,13
0.8,different,False,108
0.8,same,False,72
0.8,same,False,27
0.8,different,True,702
0.8,different,False,16
0.8,different,False,151
0.8,different,False,134
0.8,different,False,78
0.8,same,True,121
0.8,different,False,19
0.8,different,False,23
0.8,different,False,468
0.8,different,False,16
0.8,different,False,41
0.8,different,False,251
0.8,different,False,114
0.8,different,False,11
0.8,different,False,20
0.8,different,False,31
0.8,same,False,54
0.8,same,False,7
0.8,different,False,193
0.8,different,False,122
0.8,different,False,133
0.8,different,False,77
0.8,different,False,224
0.8,same,True,11
0.8,different,False,139
0.8,different,False,92
0.8,different,False,239
0.8,different,False,6
0.8,different,False,26
0.8,same,True,24
0.8,different,False,6
0.8,same,False,287
0.8,different,False,54
0.8,different,False,66
0.8,same,True,129
0.8,different,False,177
0.8,different,False,525
0.8,different,False,144
0.8,same,False,22
0.8,different,False,232
0.8,different,False,61
0.8,different,False,42
0.8,same,False,36
0.8,different,False,26
0.8,same,True,12
0.8,different,False,80
0.8,different,False,155
0.8,different,False,12
0.8,different,False,79
0.8,same,False,17
0.8,different,False,28
0.8,different,True,528
0.8,different,False,3
0.8,different,False,228
0.8,different,False,6
0.8,different,False,11
0.8,different,False,251
0.8,different,False,277
0.8,different,False,7
0.8,different,False,147
0.8,same,False,242
0.8,same,False,10
0.8,different,False,17
0.8,different,False,81
0.8,same,True,221
0.8,different,False,142
0.8,different,False,439
0.8,different,False,149
0.8,different,False,251
0.8,same,False,432
0.8,different,False,7
0.8,different,False,88
0.8,different,False,19
0.8,same,False,10
0.8,different,False,21
0.8,same,False,17
0.8,same,False,14
0.8,different,False,204
0.8,different,False,345
0.8,different,False,252
0.8,different,False,64
0.8,different,False,8
0.8,different,False,50
0.8,different,False,84
0.8,different,False,264
0.8,different,True,497
0.8,different,False,189
0.8,different,False,160
0.8,different,False,8
0.8,same,False,41
0.8,same,False,406
0.8,different,False,110
0.8,different,False,165
0.8,same,False,98
0.8,same,False,401
0.8,different,False,93
0.8,different,False,542
0.8,same,True,6
0.8,different,False,443
0.8,same,False,521
0.8,different,False,338
0.8,same,False,90
0.8,same,False,329
0.8,same,True,20
0.8,different,False,176
0.8,same,True,2
0.8,different,False,76
0.8,different,False,31
0.8,different,False,396
0.8,different,False,80
0.8,different,False,308
0.8,same,False,11
0.8,same,False,10
0.8,same,False,107
0.8,different,False,90
0.8,different,False,44
0.8,different,False,1
0.8,same,False,5
0.8,different,False,152
0.8,different,False,82
0.8,same,False,149
0.8,different,False,550
0.8,different,False,8
0.8,different,False,289
0.8,different,False,167
0.8,different,False,207
0.8,different,True,459
0.8,same,False,197
0.8,different,False,3
0.8,different,False,190
0.8,same,False,17
0.8,different,False,611
0.8,same,True,177
0.8,same,False,44
0.8,same,False,96
0.8,same,True,251
0.8,same,False,255
0.8,different,False,219
0.8,different,False,5
0.8,different,False,15
0.8,different,False,289
0.8,different,False,144
0.8,different,False,33
0.8,different,False,53
0.8,different,False,224
0.8,different,False,173
0.8,different,False,22
0.8,different,False,27
0.8,different,True,319
0.8,different,False,54
0.8,same,False,237
0.8,same,False,322
0.8,different,False,3
0.8,same,False,2
0.8,different,False,22
0.8,same,False,28
0.8,same,True,28
0.8,different,False,454
0.8,different,False,25
0.8,different,False,132
0.8,different,False,25
0.8,same,True,225
0.8,different,False,2
0.8,same,True,184
0.8,different,True,374
0.8,different,False,279
0.8,same,False,125
0.8,same,True,67
0.8,same,True,243
0.8,different,False,53
0.8,same,False,3
0.8,different,False,15
0.8,same,True,230
0.8,different,False,150
0.8,same,True,144
0.8,same,False,8
0.8,same,False,233
0.8,different,False,86
0.8,same,True,201
0.8,different,False,4
0.8,different,False,132
0.8,same,True,155
0.8,same,True,81
0.8,different,False,128
0.8,different,False,13
0.8,different,False,576
0.8,different,False,4
0.8,same,False,17
0.8,different,False,117
0.8,different,False,443
0.8,same,True,226
0.8,different,False,121
0.8,same,False,14
0.8,different,False,178
0.8,different,False,138
0.8,different,False,47
0.8,same,True,178
0.8,different,False,63
0.8,different,False,50
0.8,different,False,586
0.8,same,True,38
0.8,different,False,474
0.8,different,False,2
0.8,different,False,52
0.8,different,False,111
0.8,different,False,102
0.8,different,False,17
0.8,different,False,18
0.8,different,False,96
0.8,different,False,105
0.8,different,False,179
0.8,different,False,102
0.8,same,False,45
0.8,different,False,162
0.8,different,False,160
0.8,different,False,2
0.8,same,False,6
0.8,different,False,5
0.8,different,False,17
0.8,different,False,161
0.8,same,True,196
0.8,different,False,4
0.8,different,False,40
0.8,different,False,360
0.8,different,False,94
0.8,different,False,6
0.8,different,False,85
0.8,different,False,179
0.8,different,False,158
0.8,different,False,3
0.8,same,False,140
0.8,same,False,135
0.8,different,False,102
0.8,different,False,315
0.8,different,False,17
0.8,different,False,180
0.8,same,False,336
0.8,different,False,203
0.8,different,False,124
0.8,same,False,122
0.8,different,False,133
0.8,different,True,95
0.8,same,False,11
0.8,different,False,72
0.8,different,False,89
0.8,different,False,8
0.8,different,False,401
0.8,different,False,11
0.8,different,False,213
0.8,different,True,314
0.8,different,False,20
0.8,different,False,114
0.8,different,False,70
0.8,different,False,165
0.8,different,False,10
0.8,different,False,81
0.8,same,True,86
0.8,same,False,404
0.8,different,False,2
0.8,different,False,131
0.8,same,False,42
0.8,different,False,61
0.8,same,True,3
0.8,same,False,132
0.8,different,False,147
0.8,different,False,211
0.8,different,False,246
0.8,same,False,237
0.8,different,False,177
0.8,same,False,165
0.8,same,False,12
0.8,different,False,8
0.8,same,True,7
0.8,different,True,552
0.8,same,False,117
0.8,different,False,452
0.8,different,False,10
0.8,different,True,165
0.8,same,False,12
0.8,different,False,2
0.8,same,False,20
0.8,different,False,234
0.8,different,True,541
0.8,same,True,281
0.8,same,False,68
0.8,different,False,166
0.8,same,True,172
0.8,different,False,158
0.8,same,False,179
0.8,same,True,149
0.8,same,True,86
0.8,different,False,308
0.8,different,False,79
0.8,same,True,11
0.8,different,False,130
0.8,different,False,218
0.8,different,False,168
0.8,same,False,182
0.8,different,False,4
0.8,different,False,51
0.8,different,False,280
0.8,different,False,155
0.8,different,False,26
0.8,different,False,55
0.8,different,False,61
0.8,different,False,74
0.8,same,False,29
0.8,different,False,218
0.8,same,False,117
0.8,same,True,2
0.8,different,False,73
0.8,different,False,6
0.8,same,False,43
0.8,different,False,21
0.8,different,False,51
0.8,different,False,163
0.8,different,False,23
0.8,different,False,1
0.8,same,False,212
0.8,same,True,3
0.8,same,False,17
0.8,different,False,42
0.8,different,False,243
0.8,same,True,142
0.8,different,False,8
0.8,different,False,33
0.8,different,False,181
0.8,different,False,2
0.8,different,False,16
0.8,same,True,60
0.8,different,True,95
0.8,same,False,198
0.8,same,True,5
0.8,same,False,104
0.8,different,False,123
0.8,different,False,98
0.8,different,False,249
0.8,different,False,149
0.8,different,False,8
0.8,different,False,116
0.8,different,False,162
0.8,same,True,5
0.8,different,False,245
0.8,same,True,134
0.8,different,False,346
0.8,different,False,168
0.8,different,False,158
0.8,different,False,94
0.8,different,False,179
0.8,different,False,2
0.8,different,False,201
0.8,different,False,153
0.8,different,False,563
0.8,different,False,131
0.8,different,False,226
0.8,same,False,39
0.8,same,False,546
0.8,different,False,4
0.8,same,False,255
0.8,different,False,7
0.8,different,False,25
0.8,same,False,261
0.8,different,False,5
0.8,different,False,40
0.8,different,False,147
0.8,same,True,131
0.8,different,False,102
0.8,different,False,236
0.8,same,False,45
0.8,same,False,148
0.8,same,False,130
0.8,different,False,87
0.8,different,False,6
0.8,different,False,280
0.8,different,False,133
0.8,same,False,35
0.8,same,True,3
0.8,same,True,5
0.8,same,False,497
0.8,same,False,3
0.8,different,False,308
0.8,different,False,32
0.8,same,False,17
0.8,different,False,131
0.8,same,False,99
0.8,different,False,3
0.8,same,False,111
0.8,same,False,116
0.8,different,False,11
0.8,same,True,167
0.8,different,False,46
0.8,different,False,8
0.8,same,True,5
0.8,different,False,249
0.8,different,False,147
0.8,same,True,127
0.8,same,False,108
0.8,different,False,2
0.8,different,False,173
0.8,same,True,2
0.8,same,False,353
0.8,different,False,226
0.8,same,True,161
0.8,different,False,86
0.8,different,False,40
0.8,same,True,10
0.8,different,False,104
0.8,same,False,615
0.8,different,False,9
0.8,different,False,243
0.8,same,False,10
0.8,different,False,379
0.8,different,False,3
0.8,different,False,150
0.8,different,False,253
0.8,same,False,78
0.8,different,False,213
0.8,different,False,514
0.8,same,False,178
0.8,same,True,6
0.8,different,False,213
0.8,different,False,4
0.8,same,False,73
0.8,different,False,154
0.8,same,True,38
0.8,same,False,31
0.8,different,False,377
0.8,same,False,31
0.8,same,False,60
0.8,different,False,15
0.8,same,False,57
0.8,different,False,52
0.8,same,False,34
0.8,different,False,2
0.8,different,False,260
0.8,different,False,145
0.8,same,False,104
0.8,different,False,62
0.8,same,True,2
0.8,different,False,59
0.8,same,False,219
0.8,different,False,9
0.8,different,False,140
0.8,different,False,11
0.8,different,False,88
0.8,different,False,152
0.8,different,False,410
0.8,same,False,20
0.8,same,False,6
0.8,different,False,172
0.8,different,True,255
0.8,different,False,209
0.8,different,False,111
0.8,different,False,120
0.8,different,False,166
0.8,different,False,105
0.8,different,False,45
0.8,different,False,195
0.8,same,True,233
0.8,different,True,252
0.8,different,True,611
0.8,different,False,410
0.8,different,False,2
0.8,different,False,199
0.8,different,False,47
0.8,different,False,404
0.8,different,False,4
0.8,different,False,57
0.8,different,False,96
0.8,same,False,177
0.8,different,False,3
0.8,same,True,7
0.8,same,True,203
0.8,different,False,23
0.8,different,False,24
0.8,different,False,31
0.8,different,False,2
0.8,different,False,150
0.8,different,False,243
0.8,different,False,8
0.8,different,False,16
0.8,different,False,100
0.8,different,False,19
0.8,different,False,84
0.8,different,False,142
0.8,different,False,166
0.8,same,False,28
0.8,different,True,280
0.8,same,False,67
0.8,same,False,3
0.8,same,False,10
0.8,different,False,195
0.8,different,False,31
0.8,different,False,16
0.8,same,True,154
0.8,different,False,38
0.8,different,False,5
0.8,different,False,213
0.8,different,False,214
0.8,same,False,249
0.8,same,False,140
0.8,different,False,117
0.8,same,False,359
0.8,different,False,164
0.8,different,False,588
0.8,different,False,301
0.8,different,False,21
0.8,different,False,2
0.8,different,False,310
0.8,same,False,184
0.8,same,False,211
0.8,different,False,86
0.8,different,False,215
0.8,different,False,29
0.8,same,False,49
0.8,different,False,13
0.8,different,False,190
0.8,different,False,554
0.8,same,True,9
0.8,different,False,329
0.8,different,False,67
0.8,different,False,430
0.8,different,False,186
0.8,same,False,396
0.8,different,False,23
0.8,same,False,9
0.8,different,False,287
0.8,same,False,1
0.8,same,True,39
0.8,different,False,9
0.8,different,False,57
0.8,same,False,100
0.8,different,False,72
0.8,same,True,51
0.8,different,False,132
0.8,different,False,20
0.8,different,False,40
0.8,different,False,156
0.8,same,True,15
0.8,same,False,21
0.8,different,False,30
0.8,different,False,4
0.8,different,False,6
0.8,different,False,77
0.8,different,False,35
0.8,different,False,255
0.8,different,False,16
0.8,same,False,76
0.8,different,False,26
0.8,different,False,3
0.8,different,False,364
0.8,same,False,215
0.8,different,False,153
0.8,different,False,3
0.8,same,False,86
0.8,different,False,111
0.8,different,False,6
0.8,same,False,132
0.8,different,False,232
0.8,same,True,8
0.8,different,False,172
0.8,same,True,11
0.8,different,False,79
0.8,different,False,69
0.8,different,False,153
0.8,different,False,29
0.8,different,False,10
0.8,different,False,395
0.8,different,False,4
0.8,same,False,3
0.8,different,False,3
0.8,different,False,267
0.8,different,True,177
0.8,same,True,50
0.8,same,True,17
0.8,different,False,267
0.8,same,False,265
0.8,different,False,144
0.8,different,True,686
0.8,different,False,141
0.8,different,False,2
0.8,same,False,280
0.8,different,False,162
0.8,different,False,252
0.8,different,False,129
0.8,same,False,307
0.8,different,False,10
0.8,different,False,12
0.8,same,False,21
0.8,different,False,202
0.8,different,False,618
0.8,same,False,111
0.8,same,False,243
0.8,same,False,235
0.8,same,False,3
0.8,same,False,313
0.8,different,False,13
0.8,different,False,155
0.8,different,False,127
0.8,different,False,183
0.8,different,False,8
0.8,different,False,280
0.8,different,False,562
0.8,different,False,12
0.8,different,False,85
0.8,different,False,13
0.8,different,False,65
0.8,different,False,130
0.8,same,False,81
0.8,same,True,42
0.8,different,False,61
0.8,same,False,535
0.8,different,False,98
0.8,different,False,561
0.8,different,False,377
0.8,different,False,45
0.8,different,False,1
0.8,same,False,13
0.8,same,False,168
0.8,different,False,146
0.8,same,True,8
0.8,different,False,3
0.8,different,False,32
0.8,different,False,277
0.8,different,False,5
0.8,different,False,5
0.8,same,False,115
0.8,different,False,118
0.8,different,False,25
0.8,different,False,282
0.8,same,True,59
0.8,same,False,55
0.8,different,False,11
0.8,different,False,150
0.8,same,False,82
0.8,different,False,171
0.8,same,False,38
0.8,same,False,59
0.8,different,False,28
0.8,different,False,288
0.8,different,False,51
0.8,different,False,157
0.8,same,True,138
0.8,same,False,1
0.8,different,False,271
0.8,different,False,53
0.8,same,True,5
0.8,different,False,618
0.8,same,True,273
0.8,different,False,6
0.8,different,False,147
0.8,different,False,376
0.8,different,False,514
0.8,same,True,140
0.8,different,False,41
0.8,same,False,87
0.8,same,False,6
0.8,different,False,561
0.8,different,False,95
0.8,different,False,93
0.8,different,False,39
0.8,different,False,22
0.8,different,False,8
0.8,different,False,309
0.8,different,False,32
0.8,different,False,18
0.8,different,False,20
0.8,different,False,426
0.8,different,False,289
0.8,different,False,27
0.8,different,False,688
0.8,same,False,6
0.8,different,False,135
0.8,same,True,15
0.8,same,False,43
0.8,different,False,113
0.8,different,False,14
0.8,same,True,12
0.8,different,False,29
0.8,different,False,70
0.8,different,False,218
0.8,different,False,354
0.8,same,False,3
0.8,different,False,7
0.8,different,False,161
0.8,same,False,35
0.8,different,False,4
0.8,same,False,192
0.8,same,False,177
0.8,same,False,36
0.8,different,False,318
0.8,different,False,145
0.8,different,False,155
0.8,same,False,12
0.8,different,False,218
0.8,different,False,57
0.8,same,True,20
0.8,same,False,274
0.8,different,False,114
0.8,same,False,7
0.8,different,False,79
0.8,different,False,541
0.8,different,False,119
0.8,same,True,2
0.8,same,False,511
0.8,different,False,9
0.8,different,False,139
0.8,different,False,3
0.8,different,False,201
0.8,different,False,30
0.8,different,True,259
0.8,different,False,50
0.8,same,False,137
0.8,different,False,143
0.8,different,False,138
0.8,same,True,100
0.8,different,False,168
0.8,different,False,1
0.8,different,False,254
0.8,same,False,46
0.8,same,False,11
